sample_id,label,category,relative_path,original_path,extension
cv_00001,cv,HEALTHCARE,raw/cv/HEALTHCARE/cv_00001.pdf,C:\Users\YassineSBOUI\Downloads\CV\HEALTHCARE\23944036.pdf,.pdf
cv_00002,cv,APPAREL,raw/cv/APPAREL/cv_00002.pdf,C:\Users\YassineSBOUI\Downloads\CV\APPAREL\27549075.pdf,.pdf
cv_00003,cv,FITNESS,raw/cv/FITNESS/cv_00003.pdf,C:\Users\YassineSBOUI\Downloads\CV\FITNESS\24905947.pdf,.pdf
cv_00004,cv,SALES,raw/cv/SALES/cv_00004.pdf,C:\Users\YassineSBOUI\Downloads\CV\SALES\71772815.pdf,.pdf
cv_00005,cv,FINANCE,raw/cv/FINANCE/cv_00005.pdf,C:\Users\YassineSBOUI\Downloads\CV\FINANCE\26961846.pdf,.pdf
cv_00006,cv,ADVOCATE,raw/cv/ADVOCATE/cv_00006.pdf,C:\Users\YassineSBOUI\Downloads\CV\ADVOCATE\47133747.pdf,.pdf
cv_00007,cv,FINANCE,raw/cv/FINANCE/cv_00007.pdf,C:\Users\YassineSBOUI\Downloads\CV\FINANCE\20275356.pdf,.pdf
cv_00008,cv,BUSINESS-DEVELOPMENT,raw/cv/BUSINESS-DEVELOPMENT/cv_00008.pdf,C:\Users\YassineSBOUI\Downloads\CV\BUSINESS-DEVELOPMENT\15233524.pdf,.pdf
cv_00009,cv,BUSINESS-DEVELOPMENT,raw/cv/BUSINESS-DEVELOPMENT/cv_00009.pdf,C:\Users\YassineSBOUI\Downloads\CV\BUSINESS-DEVELOPMENT\77576845.pdf,.pdf
cv_00010,cv,APPAREL,raw/cv/APPAREL/cv_00010.pdf,C:\Users\YassineSBOUI\Downloads\CV\APPAREL\91026230.pdf,.pdf
cv_00011,cv,AVIATION,raw/cv/AVIATION/cv_00011.pdf,C:\Users\YassineSBOUI\Downloads\CV\AVIATION\92283635.pdf,.pdf
cv_00012,cv,FITNESS,raw/cv/FITNESS/cv_00012.pdf,C:\Users\YassineSBOUI\Downloads\CV\FITNESS\19774173.pdf,.pdf
cv_00013,cv,CONSULTANT,raw/cv/CONSULTANT/cv_00013.pdf,C:\Users\YassineSBOUI\Downloads\CV\CONSULTANT\67406885.pdf,.pdf
cv_00014,cv,FINANCE,raw/cv/FINANCE/cv_00014.pdf,C:\Users\YassineSBOUI\Downloads\CV\FINANCE\70541112.pdf,.pdf
cv_00015,cv,INFORMATION-TECHNOLOGY,raw/cv/INFORMATION-TECHNOLOGY/cv_00015.pdf,C:\Users\YassineSBOUI\Downloads\CV\INFORMATION-TECHNOLOGY\12334140.pdf,.pdf
cv_00016,cv,HR,raw/cv/HR/cv_00016.pdf,C:\Users\YassineSBOUI\Downloads\CV\HR\18422164.pdf,.pdf
cv_00017,cv,SALES,raw/cv/SALES/cv_00017.pdf,C:\Users\YassineSBOUI\Downloads\CV\SALES\14358578.pdf,.pdf
cv_00018,cv,APPAREL,raw/cv/APPAREL/cv_00018.pdf,C:\Users\YassineSBOUI\Downloads\CV\APPAREL\50324968.pdf,.pdf
cv_00019,cv,APPAREL,raw/cv/APPAREL/cv_00019.pdf,C:\Users\YassineSBOUI\Downloads\CV\APPAREL\20905088.pdf,.pdf
cv_00020,cv,BANKING,raw/cv/BANKING/cv_00020.pdf,C:\Users\YassineSBOUI\Downloads\CV\BANKING\33872500.pdf,.pdf
cv_00021,cv,BUSINESS-DEVELOPMENT,raw/cv/BUSINESS-DEVELOPMENT/cv_00021.pdf,C:\Users\YassineSBOUI\Downloads\CV\BUSINESS-DEVELOPMENT\18757174.pdf,.pdf
cv_00022,cv,HR,raw/cv/HR/cv_00022.pdf,C:\Users\YassineSBOUI\Downloads\CV\HR\22323967.pdf,.pdf
cv_00023,cv,FINANCE,raw/cv/FINANCE/cv_00023.pdf,C:\Users\YassineSBOUI\Downloads\CV\FINANCE\28973180.pdf,.pdf
cv_00024,cv,CONSULTANT,raw/cv/CONSULTANT/cv_00024.pdf,C:\Users\YassineSBOUI\Downloads\CV\CONSULTANT\43378989.pdf,.pdf
cv_00025,cv,AVIATION,raw/cv/AVIATION/cv_00025.pdf,C:\Users\YassineSBOUI\Downloads\CV\AVIATION\87826037.pdf,.pdf
cv_00026,cv,CONSTRUCTION,raw/cv/CONSTRUCTION/cv_00026.pdf,C:\Users\YassineSBOUI\Downloads\CV\CONSTRUCTION\12693146.pdf,.pdf
cv_00027,cv,BPO,raw/cv/BPO/cv_00027.pdf,C:\Users\YassineSBOUI\Downloads\CV\BPO\13964744.pdf,.pdf
cv_00028,cv,AGRICULTURE,raw/cv/AGRICULTURE/cv_00028.pdf,C:\Users\YassineSBOUI\Downloads\CV\AGRICULTURE\89740812.pdf,.pdf
cv_00029,cv,FINANCE,raw/cv/FINANCE/cv_00029.pdf,C:\Users\YassineSBOUI\Downloads\CV\FINANCE\47410104.pdf,.pdf
cv_00030,cv,FITNESS,raw/cv/FITNESS/cv_00030.pdf,C:\Users\YassineSBOUI\Downloads\CV\FITNESS\29425788.pdf,.pdf
cv_00031,cv,INFORMATION-TECHNOLOGY,raw/cv/INFORMATION-TECHNOLOGY/cv_00031.pdf,C:\Users\YassineSBOUI\Downloads\CV\INFORMATION-TECHNOLOGY\24889109.pdf,.pdf
cv_00032,cv,SALES,raw/cv/SALES/cv_00032.pdf,C:\Users\YassineSBOUI\Downloads\CV\SALES\14267489.pdf,.pdf
cv_00033,cv,CONSTRUCTION,raw/cv/CONSTRUCTION/cv_00033.pdf,C:\Users\YassineSBOUI\Downloads\CV\CONSTRUCTION\27835351.pdf,.pdf
cv_00034,cv,TEACHER,raw/cv/TEACHER/cv_00034.pdf,C:\Users\YassineSBOUI\Downloads\CV\TEACHER\20399718.pdf,.pdf
cv_00035,cv,CONSULTANT,raw/cv/CONSULTANT/cv_00035.pdf,C:\Users\YassineSBOUI\Downloads\CV\CONSULTANT\16964217.pdf,.pdf
cv_00036,cv,FITNESS,raw/cv/FITNESS/cv_00036.pdf,C:\Users\YassineSBOUI\Downloads\CV\FITNESS\34792238.pdf,.pdf
cv_00037,cv,CHEF,raw/cv/CHEF/cv_00037.pdf,C:\Users\YassineSBOUI\Downloads\CV\CHEF\21334981.pdf,.pdf
cv_00038,cv,INFORMATION-TECHNOLOGY,raw/cv/INFORMATION-TECHNOLOGY/cv_00038.pdf,C:\Users\YassineSBOUI\Downloads\CV\INFORMATION-TECHNOLOGY\26768723.pdf,.pdf
cv_00039,cv,ENGINEERING,raw/cv/ENGINEERING/cv_00039.pdf,C:\Users\YassineSBOUI\Downloads\CV\ENGINEERING\64755882.pdf,.pdf
cv_00040,cv,ARTS,raw/cv/ARTS/cv_00040.pdf,C:\Users\YassineSBOUI\Downloads\CV\ARTS\25923361.pdf,.pdf
cv_00041,cv,FITNESS,raw/cv/FITNESS/cv_00041.pdf,C:\Users\YassineSBOUI\Downloads\CV\FITNESS\29165698.pdf,.pdf
cv_00042,cv,AVIATION,raw/cv/AVIATION/cv_00042.pdf,C:\Users\YassineSBOUI\Downloads\CV\AVIATION\10189110.pdf,.pdf
cv_00043,cv,DESIGNER,raw/cv/DESIGNER/cv_00043.pdf,C:\Users\YassineSBOUI\Downloads\CV\DESIGNER\23951429.pdf,.pdf
cv_00044,cv,HEALTHCARE,raw/cv/HEALTHCARE/cv_00044.pdf,C:\Users\YassineSBOUI\Downloads\CV\HEALTHCARE\98300955.pdf,.pdf
cv_00045,cv,BUSINESS-DEVELOPMENT,raw/cv/BUSINESS-DEVELOPMENT/cv_00045.pdf,C:\Users\YassineSBOUI\Downloads\CV\BUSINESS-DEVELOPMENT\26278597.pdf,.pdf
cv_00046,cv,DESIGNER,raw/cv/DESIGNER/cv_00046.pdf,C:\Users\YassineSBOUI\Downloads\CV\DESIGNER\12547982.pdf,.pdf
cv_00047,cv,AGRICULTURE,raw/cv/AGRICULTURE/cv_00047.pdf,C:\Users\YassineSBOUI\Downloads\CV\AGRICULTURE\28165687.pdf,.pdf
cv_00048,cv,AGRICULTURE,raw/cv/AGRICULTURE/cv_00048.pdf,C:\Users\YassineSBOUI\Downloads\CV\AGRICULTURE\15546686.pdf,.pdf
cv_00049,cv,CONSTRUCTION,raw/cv/CONSTRUCTION/cv_00049.pdf,C:\Users\YassineSBOUI\Downloads\CV\CONSTRUCTION\10820510.pdf,.pdf
cv_00050,cv,FITNESS,raw/cv/FITNESS/cv_00050.pdf,C:\Users\YassineSBOUI\Downloads\CV\FITNESS\20279756.pdf,.pdf
cv_00051,cv,ADVOCATE,raw/cv/ADVOCATE/cv_00051.pdf,C:\Users\YassineSBOUI\Downloads\CV\ADVOCATE\53169257.pdf,.pdf
cv_00052,cv,FINANCE,raw/cv/FINANCE/cv_00052.pdf,C:\Users\YassineSBOUI\Downloads\CV\FINANCE\26530575.pdf,.pdf
cv_00053,cv,INFORMATION-TECHNOLOGY,raw/cv/INFORMATION-TECHNOLOGY/cv_00053.pdf,C:\Users\YassineSBOUI\Downloads\CV\INFORMATION-TECHNOLOGY\23864648.pdf,.pdf
cv_00054,cv,AUTOMOBILE,raw/cv/AUTOMOBILE/cv_00054.pdf,C:\Users\YassineSBOUI\Downloads\CV\AUTOMOBILE\16332293.pdf,.pdf
cv_00055,cv,APPAREL,raw/cv/APPAREL/cv_00055.pdf,C:\Users\YassineSBOUI\Downloads\CV\APPAREL\15746146.pdf,.pdf
cv_00056,cv,BUSINESS-DEVELOPMENT,raw/cv/BUSINESS-DEVELOPMENT/cv_00056.pdf,C:\Users\YassineSBOUI\Downloads\CV\BUSINESS-DEVELOPMENT\12632728.pdf,.pdf
cv_00057,cv,INFORMATION-TECHNOLOGY,raw/cv/INFORMATION-TECHNOLOGY/cv_00057.pdf,C:\Users\YassineSBOUI\Downloads\CV\INFORMATION-TECHNOLOGY\10839851.pdf,.pdf
cv_00058,cv,ARTS,raw/cv/ARTS/cv_00058.pdf,C:\Users\YassineSBOUI\Downloads\CV\ARTS\27164756.pdf,.pdf
cv_00059,cv,CONSTRUCTION,raw/cv/CONSTRUCTION/cv_00059.pdf,C:\Users\YassineSBOUI\Downloads\CV\CONSTRUCTION\39908485.pdf,.pdf
cv_00060,cv,DESIGNER,raw/cv/DESIGNER/cv_00060.pdf,C:\Users\YassineSBOUI\Downloads\CV\DESIGNER\26924514.pdf,.pdf
cv_00061,cv,DIGITAL-MEDIA,raw/cv/DIGITAL-MEDIA/cv_00061.pdf,C:\Users\YassineSBOUI\Downloads\CV\DIGITAL-MEDIA\10515955.pdf,.pdf
cv_00062,cv,FITNESS,raw/cv/FITNESS/cv_00062.pdf,C:\Users\YassineSBOUI\Downloads\CV\FITNESS\24994145.pdf,.pdf
cv_00063,cv,CONSTRUCTION,raw/cv/CONSTRUCTION/cv_00063.pdf,C:\Users\YassineSBOUI\Downloads\CV\CONSTRUCTION\10100240.pdf,.pdf
cv_00064,cv,ADVOCATE,raw/cv/ADVOCATE/cv_00064.pdf,C:\Users\YassineSBOUI\Downloads\CV\ADVOCATE\13115648.pdf,.pdf
cv_00065,cv,AUTOMOBILE,raw/cv/AUTOMOBILE/cv_00065.pdf,C:\Users\YassineSBOUI\Downloads\CV\AUTOMOBILE\78357954.pdf,.pdf
cv_00066,cv,BPO,raw/cv/BPO/cv_00066.pdf,C:\Users\YassineSBOUI\Downloads\CV\BPO\69097572.pdf,.pdf
cv_00067,cv,HEALTHCARE,raw/cv/HEALTHCARE/cv_00067.pdf,C:\Users\YassineSBOUI\Downloads\CV\HEALTHCARE\46349752.pdf,.pdf
cv_00068,cv,AVIATION,raw/cv/AVIATION/cv_00068.pdf,C:\Users\YassineSBOUI\Downloads\CV\AVIATION\24589765.pdf,.pdf
cv_00069,cv,AGRICULTURE,raw/cv/AGRICULTURE/cv_00069.pdf,C:\Users\YassineSBOUI\Downloads\CV\AGRICULTURE\26070334.pdf,.pdf
cv_00070,cv,ACCOUNTANT,raw/cv/ACCOUNTANT/cv_00070.pdf,C:\Users\YassineSBOUI\Downloads\CV\ACCOUNTANT\20082776.pdf,.pdf
cv_00071,cv,BANKING,raw/cv/BANKING/cv_00071.pdf,C:\Users\YassineSBOUI\Downloads\CV\BANKING\65864767.pdf,.pdf
cv_00072,cv,ADVOCATE,raw/cv/ADVOCATE/cv_00072.pdf,C:\Users\YassineSBOUI\Downloads\CV\ADVOCATE\75057933.pdf,.pdf
cv_00073,cv,INFORMATION-TECHNOLOGY,raw/cv/INFORMATION-TECHNOLOGY/cv_00073.pdf,C:\Users\YassineSBOUI\Downloads\CV\INFORMATION-TECHNOLOGY\51363762.pdf,.pdf
cv_00074,cv,DESIGNER,raw/cv/DESIGNER/cv_00074.pdf,C:\Users\YassineSBOUI\Downloads\CV\DESIGNER\30968749.pdf,.pdf
cv_00075,cv,FITNESS,raw/cv/FITNESS/cv_00075.pdf,C:\Users\YassineSBOUI\Downloads\CV\FITNESS\95769832.pdf,.pdf
cv_00076,cv,PUBLIC-RELATIONS,raw/cv/PUBLIC-RELATIONS/cv_00076.pdf,C:\Users\YassineSBOUI\Downloads\CV\PUBLIC-RELATIONS\14128006.pdf,.pdf
cv_00077,cv,ENGINEERING,raw/cv/ENGINEERING/cv_00077.pdf,C:\Users\YassineSBOUI\Downloads\CV\ENGINEERING\36149549.pdf,.pdf
cv_00078,cv,ACCOUNTANT,raw/cv/ACCOUNTANT/cv_00078.pdf,C:\Users\YassineSBOUI\Downloads\CV\ACCOUNTANT\24799301.pdf,.pdf
cv_00079,cv,BPO,raw/cv/BPO/cv_00079.pdf,C:\Users\YassineSBOUI\Downloads\CV\BPO\18589927.pdf,.pdf
cv_00080,cv,TEACHER,raw/cv/TEACHER/cv_00080.pdf,C:\Users\YassineSBOUI\Downloads\CV\TEACHER\13087952.pdf,.pdf
cv_00081,cv,INFORMATION-TECHNOLOGY,raw/cv/INFORMATION-TECHNOLOGY/cv_00081.pdf,C:\Users\YassineSBOUI\Downloads\CV\INFORMATION-TECHNOLOGY\91697974.pdf,.pdf
cv_00082,cv,AGRICULTURE,raw/cv/AGRICULTURE/cv_00082.pdf,C:\Users\YassineSBOUI\Downloads\CV\AGRICULTURE\69336473.pdf,.pdf
cv_00083,cv,SALES,raw/cv/SALES/cv_00083.pdf,C:\Users\YassineSBOUI\Downloads\CV\SALES\17704246.pdf,.pdf
cv_00084,cv,BANKING,raw/cv/BANKING/cv_00084.pdf,C:\Users\YassineSBOUI\Downloads\CV\BANKING\68781345.pdf,.pdf
cv_00085,cv,FINANCE,raw/cv/FINANCE/cv_00085.pdf,C:\Users\YassineSBOUI\Downloads\CV\FINANCE\88038965.pdf,.pdf
cv_00086,cv,APPAREL,raw/cv/APPAREL/cv_00086.pdf,C:\Users\YassineSBOUI\Downloads\CV\APPAREL\33665485.pdf,.pdf
cv_00087,cv,CONSULTANT,raw/cv/CONSULTANT/cv_00087.pdf,C:\Users\YassineSBOUI\Downloads\CV\CONSULTANT\51724595.pdf,.pdf
cv_00088,cv,SALES,raw/cv/SALES/cv_00088.pdf,C:\Users\YassineSBOUI\Downloads\CV\SALES\18328743.pdf,.pdf
cv_00089,cv,HR,raw/cv/HR/cv_00089.pdf,C:\Users\YassineSBOUI\Downloads\CV\HR\17412079.pdf,.pdf
cv_00090,cv,HEALTHCARE,raw/cv/HEALTHCARE/cv_00090.pdf,C:\Users\YassineSBOUI\Downloads\CV\HEALTHCARE\19090468.pdf,.pdf
cv_00091,cv,ADVOCATE,raw/cv/ADVOCATE/cv_00091.pdf,C:\Users\YassineSBOUI\Downloads\CV\ADVOCATE\19926135.pdf,.pdf
cv_00092,cv,CONSTRUCTION,raw/cv/CONSTRUCTION/cv_00092.pdf,C:\Users\YassineSBOUI\Downloads\CV\CONSTRUCTION\39566718.pdf,.pdf
cv_00093,cv,ADVOCATE,raw/cv/ADVOCATE/cv_00093.pdf,C:\Users\YassineSBOUI\Downloads\CV\ADVOCATE\14146106.pdf,.pdf
cv_00094,cv,HEALTHCARE,raw/cv/HEALTHCARE/cv_00094.pdf,C:\Users\YassineSBOUI\Downloads\CV\HEALTHCARE\97169343.pdf,.pdf
cv_00095,cv,CONSULTANT,raw/cv/CONSULTANT/cv_00095.pdf,C:\Users\YassineSBOUI\Downloads\CV\CONSULTANT\29076405.pdf,.pdf
cv_00096,cv,BANKING,raw/cv/BANKING/cv_00096.pdf,C:\Users\YassineSBOUI\Downloads\CV\BANKING\19437318.pdf,.pdf
cv_00097,cv,ARTS,raw/cv/ARTS/cv_00097.pdf,C:\Users\YassineSBOUI\Downloads\CV\ARTS\22593054.pdf,.pdf
cv_00098,cv,FITNESS,raw/cv/FITNESS/cv_00098.pdf,C:\Users\YassineSBOUI\Downloads\CV\FITNESS\80000092.pdf,.pdf
cv_00099,cv,FITNESS,raw/cv/FITNESS/cv_00099.pdf,C:\Users\YassineSBOUI\Downloads\CV\FITNESS\24444525.pdf,.pdf
cv_00100,cv,CONSTRUCTION,raw/cv/CONSTRUCTION/cv_00100.pdf,C:\Users\YassineSBOUI\Downloads\CV\CONSTRUCTION\16203589.pdf,.pdf
cv_00101,cv,FINANCE,raw/cv/FINANCE/cv_00101.pdf,C:\Users\YassineSBOUI\Downloads\CV\FINANCE\10549585.pdf,.pdf
cv_00102,cv,ARTS,raw/cv/ARTS/cv_00102.pdf,C:\Users\YassineSBOUI\Downloads\CV\ARTS\11360471.pdf,.pdf
cv_00103,cv,BUSINESS-DEVELOPMENT,raw/cv/BUSINESS-DEVELOPMENT/cv_00103.pdf,C:\Users\YassineSBOUI\Downloads\CV\BUSINESS-DEVELOPMENT\40792022.pdf,.pdf
cv_00104,cv,SALES,raw/cv/SALES/cv_00104.pdf,C:\Users\YassineSBOUI\Downloads\CV\SALES\28867567.pdf,.pdf
cv_00105,cv,ENGINEERING,raw/cv/ENGINEERING/cv_00105.pdf,C:\Users\YassineSBOUI\Downloads\CV\ENGINEERING\77828437.pdf,.pdf
cv_00106,cv,ARTS,raw/cv/ARTS/cv_00106.pdf,C:\Users\YassineSBOUI\Downloads\CV\ARTS\36379931.pdf,.pdf
cv_00107,cv,HR,raw/cv/HR/cv_00107.pdf,C:\Users\YassineSBOUI\Downloads\CV\HR\57667857.pdf,.pdf
cv_00108,cv,HEALTHCARE,raw/cv/HEALTHCARE/cv_00108.pdf,C:\Users\YassineSBOUI\Downloads\CV\HEALTHCARE\58879993.pdf,.pdf
cv_00109,cv,FITNESS,raw/cv/FITNESS/cv_00109.pdf,C:\Users\YassineSBOUI\Downloads\CV\FITNESS\25482567.pdf,.pdf
cv_00110,cv,CONSULTANT,raw/cv/CONSULTANT/cv_00110.pdf,C:\Users\YassineSBOUI\Downloads\CV\CONSULTANT\26919036.pdf,.pdf
cv_00111,cv,BUSINESS-DEVELOPMENT,raw/cv/BUSINESS-DEVELOPMENT/cv_00111.pdf,C:\Users\YassineSBOUI\Downloads\CV\BUSINESS-DEVELOPMENT\76916835.pdf,.pdf
cv_00112,cv,HEALTHCARE,raw/cv/HEALTHCARE/cv_00112.pdf,C:\Users\YassineSBOUI\Downloads\CV\HEALTHCARE\28745844.pdf,.pdf
cv_00113,cv,AUTOMOBILE,raw/cv/AUTOMOBILE/cv_00113.pdf,C:\Users\YassineSBOUI\Downloads\CV\AUTOMOBILE\24592627.pdf,.pdf
cv_00114,cv,ENGINEERING,raw/cv/ENGINEERING/cv_00114.pdf,C:\Users\YassineSBOUI\Downloads\CV\ENGINEERING\49127329.pdf,.pdf
cv_00115,cv,HR,raw/cv/HR/cv_00115.pdf,C:\Users\YassineSBOUI\Downloads\CV\HR\19867922.pdf,.pdf
cv_00116,cv,CONSTRUCTION,raw/cv/CONSTRUCTION/cv_00116.pdf,C:\Users\YassineSBOUI\Downloads\CV\CONSTRUCTION\22718826.pdf,.pdf
cv_00117,cv,ENGINEERING,raw/cv/ENGINEERING/cv_00117.pdf,C:\Users\YassineSBOUI\Downloads\CV\ENGINEERING\23234047.pdf,.pdf
cv_00118,cv,HR,raw/cv/HR/cv_00118.pdf,C:\Users\YassineSBOUI\Downloads\CV\HR\20806155.pdf,.pdf
cv_00119,cv,HR,raw/cv/HR/cv_00119.pdf,C:\Users\YassineSBOUI\Downloads\CV\HR\18155310.pdf,.pdf
cv_00120,cv,BUSINESS-DEVELOPMENT,raw/cv/BUSINESS-DEVELOPMENT/cv_00120.pdf,C:\Users\YassineSBOUI\Downloads\CV\BUSINESS-DEVELOPMENT\20317319.pdf,.pdf
cv_00121,cv,CONSULTANT,raw/cv/CONSULTANT/cv_00121.pdf,C:\Users\YassineSBOUI\Downloads\CV\CONSULTANT\15119529.pdf,.pdf
cv_00122,cv,ARTS,raw/cv/ARTS/cv_00122.pdf,C:\Users\YassineSBOUI\Downloads\CV\ARTS\28471099.pdf,.pdf
cv_00123,cv,ENGINEERING,raw/cv/ENGINEERING/cv_00123.pdf,C:\Users\YassineSBOUI\Downloads\CV\ENGINEERING\17488801.pdf,.pdf
cv_00124,cv,BANKING,raw/cv/BANKING/cv_00124.pdf,C:\Users\YassineSBOUI\Downloads\CV\BANKING\77156708.pdf,.pdf
cv_00125,cv,TEACHER,raw/cv/TEACHER/cv_00125.pdf,C:\Users\YassineSBOUI\Downloads\CV\TEACHER\21531811.pdf,.pdf
cv_00126,cv,AVIATION,raw/cv/AVIATION/cv_00126.pdf,C:\Users\YassineSBOUI\Downloads\CV\AVIATION\15823995.pdf,.pdf
cv_00127,cv,ADVOCATE,raw/cv/ADVOCATE/cv_00127.pdf,C:\Users\YassineSBOUI\Downloads\CV\ADVOCATE\74126637.pdf,.pdf
cv_00128,cv,CHEF,raw/cv/CHEF/cv_00128.pdf,C:\Users\YassineSBOUI\Downloads\CV\CHEF\29775391.pdf,.pdf
cv_00129,cv,CONSULTANT,raw/cv/CONSULTANT/cv_00129.pdf,C:\Users\YassineSBOUI\Downloads\CV\CONSULTANT\38399177.pdf,.pdf
cv_00130,cv,TEACHER,raw/cv/TEACHER/cv_00130.pdf,C:\Users\YassineSBOUI\Downloads\CV\TEACHER\16270906.pdf,.pdf
cv_00131,cv,ENGINEERING,raw/cv/ENGINEERING/cv_00131.pdf,C:\Users\YassineSBOUI\Downloads\CV\ENGINEERING\17108676.pdf,.pdf
cv_00132,cv,INFORMATION-TECHNOLOGY,raw/cv/INFORMATION-TECHNOLOGY/cv_00132.pdf,C:\Users\YassineSBOUI\Downloads\CV\INFORMATION-TECHNOLOGY\66832845.pdf,.pdf
cv_00133,cv,FINANCE,raw/cv/FINANCE/cv_00133.pdf,C:\Users\YassineSBOUI\Downloads\CV\FINANCE\37931076.pdf,.pdf
cv_00134,cv,CONSTRUCTION,raw/cv/CONSTRUCTION/cv_00134.pdf,C:\Users\YassineSBOUI\Downloads\CV\CONSTRUCTION\51638201.pdf,.pdf
cv_00135,cv,ACCOUNTANT,raw/cv/ACCOUNTANT/cv_00135.pdf,C:\Users\YassineSBOUI\Downloads\CV\ACCOUNTANT\28939941.pdf,.pdf
cv_00136,cv,PUBLIC-RELATIONS,raw/cv/PUBLIC-RELATIONS/cv_00136.pdf,C:\Users\YassineSBOUI\Downloads\CV\PUBLIC-RELATIONS\31211074.pdf,.pdf
cv_00137,cv,BPO,raw/cv/BPO/cv_00137.pdf,C:\Users\YassineSBOUI\Downloads\CV\BPO\15573418.pdf,.pdf
cv_00138,cv,HEALTHCARE,raw/cv/HEALTHCARE/cv_00138.pdf,C:\Users\YassineSBOUI\Downloads\CV\HEALTHCARE\23814777.pdf,.pdf
cv_00139,cv,ENGINEERING,raw/cv/ENGINEERING/cv_00139.pdf,C:\Users\YassineSBOUI\Downloads\CV\ENGINEERING\10219099.pdf,.pdf
cv_00140,cv,FITNESS,raw/cv/FITNESS/cv_00140.pdf,C:\Users\YassineSBOUI\Downloads\CV\FITNESS\14515954.pdf,.pdf
cv_00141,cv,FITNESS,raw/cv/FITNESS/cv_00141.pdf,C:\Users\YassineSBOUI\Downloads\CV\FITNESS\23477199.pdf,.pdf
cv_00142,cv,CHEF,raw/cv/CHEF/cv_00142.pdf,C:\Users\YassineSBOUI\Downloads\CV\CHEF\10653119.pdf,.pdf
cv_00143,cv,BUSINESS-DEVELOPMENT,raw/cv/BUSINESS-DEVELOPMENT/cv_00143.pdf,C:\Users\YassineSBOUI\Downloads\CV\BUSINESS-DEVELOPMENT\25397102.pdf,.pdf
cv_00144,cv,DESIGNER,raw/cv/DESIGNER/cv_00144.pdf,C:\Users\YassineSBOUI\Downloads\CV\DESIGNER\26503829.pdf,.pdf
cv_00145,cv,ENGINEERING,raw/cv/ENGINEERING/cv_00145.pdf,C:\Users\YassineSBOUI\Downloads\CV\ENGINEERING\36517781.pdf,.pdf
cv_00146,cv,PUBLIC-RELATIONS,raw/cv/PUBLIC-RELATIONS/cv_00146.pdf,C:\Users\YassineSBOUI\Downloads\CV\PUBLIC-RELATIONS\45462344.pdf,.pdf
cv_00147,cv,ADVOCATE,raw/cv/ADVOCATE/cv_00147.pdf,C:\Users\YassineSBOUI\Downloads\CV\ADVOCATE\40088790.pdf,.pdf
cv_00148,cv,BUSINESS-DEVELOPMENT,raw/cv/BUSINESS-DEVELOPMENT/cv_00148.pdf,C:\Users\YassineSBOUI\Downloads\CV\BUSINESS-DEVELOPMENT\12059198.pdf,.pdf
cv_00149,cv,FINANCE,raw/cv/FINANCE/cv_00149.pdf,C:\Users\YassineSBOUI\Downloads\CV\FINANCE\24967652.pdf,.pdf
cv_00150,cv,INFORMATION-TECHNOLOGY,raw/cv/INFORMATION-TECHNOLOGY/cv_00150.pdf,C:\Users\YassineSBOUI\Downloads\CV\INFORMATION-TECHNOLOGY\91635250.pdf,.pdf
cv_00151,cv,CONSTRUCTION,raw/cv/CONSTRUCTION/cv_00151.pdf,C:\Users\YassineSBOUI\Downloads\CV\CONSTRUCTION\12826414.pdf,.pdf
cv_00152,cv,APPAREL,raw/cv/APPAREL/cv_00152.pdf,C:\Users\YassineSBOUI\Downloads\CV\APPAREL\27694040.pdf,.pdf
cv_00153,cv,SALES,raw/cv/SALES/cv_00153.pdf,C:\Users\YassineSBOUI\Downloads\CV\SALES\58428843.pdf,.pdf
cv_00154,cv,HEALTHCARE,raw/cv/HEALTHCARE/cv_00154.pdf,C:\Users\YassineSBOUI\Downloads\CV\HEALTHCARE\11704150.pdf,.pdf
cv_00155,cv,ARTS,raw/cv/ARTS/cv_00155.pdf,C:\Users\YassineSBOUI\Downloads\CV\ARTS\26410763.pdf,.pdf
cv_00156,cv,ADVOCATE,raw/cv/ADVOCATE/cv_00156.pdf,C:\Users\YassineSBOUI\Downloads\CV\ADVOCATE\91051945.pdf,.pdf
cv_00157,cv,AGRICULTURE,raw/cv/AGRICULTURE/cv_00157.pdf,C:\Users\YassineSBOUI\Downloads\CV\AGRICULTURE\11676151.pdf,.pdf
cv_00158,cv,BPO,raw/cv/BPO/cv_00158.pdf,C:\Users\YassineSBOUI\Downloads\CV\BPO\11183737.pdf,.pdf
cv_00159,cv,ACCOUNTANT,raw/cv/ACCOUNTANT/cv_00159.pdf,C:\Users\YassineSBOUI\Downloads\CV\ACCOUNTANT\49997097.pdf,.pdf
cv_00160,cv,ENGINEERING,raw/cv/ENGINEERING/cv_00160.pdf,C:\Users\YassineSBOUI\Downloads\CV\ENGINEERING\17043822.pdf,.pdf
cv_00161,cv,APPAREL,raw/cv/APPAREL/cv_00161.pdf,C:\Users\YassineSBOUI\Downloads\CV\APPAREL\15479281.pdf,.pdf
cv_00162,cv,AUTOMOBILE,raw/cv/AUTOMOBILE/cv_00162.pdf,C:\Users\YassineSBOUI\Downloads\CV\AUTOMOBILE\17510973.pdf,.pdf
cv_00163,cv,INFORMATION-TECHNOLOGY,raw/cv/INFORMATION-TECHNOLOGY/cv_00163.pdf,C:\Users\YassineSBOUI\Downloads\CV\INFORMATION-TECHNOLOGY\83816738.pdf,.pdf
cv_00164,cv,ADVOCATE,raw/cv/ADVOCATE/cv_00164.pdf,C:\Users\YassineSBOUI\Downloads\CV\ADVOCATE\17847636.pdf,.pdf
cv_00165,cv,ARTS,raw/cv/ARTS/cv_00165.pdf,C:\Users\YassineSBOUI\Downloads\CV\ARTS\14879257.pdf,.pdf
cv_00166,cv,BANKING,raw/cv/BANKING/cv_00166.pdf,C:\Users\YassineSBOUI\Downloads\CV\BANKING\71422121.pdf,.pdf
cv_00167,cv,APPAREL,raw/cv/APPAREL/cv_00167.pdf,C:\Users\YassineSBOUI\Downloads\CV\APPAREL\13764840.pdf,.pdf
cv_00168,cv,AVIATION,raw/cv/AVIATION/cv_00168.pdf,C:\Users\YassineSBOUI\Downloads\CV\AVIATION\20026169.pdf,.pdf
cv_00169,cv,HEALTHCARE,raw/cv/HEALTHCARE/cv_00169.pdf,C:\Users\YassineSBOUI\Downloads\CV\HEALTHCARE\12315079.pdf,.pdf
cv_00170,cv,HR,raw/cv/HR/cv_00170.pdf,C:\Users\YassineSBOUI\Downloads\CV\HR\25676643.pdf,.pdf
cv_00171,cv,CONSULTANT,raw/cv/CONSULTANT/cv_00171.pdf,C:\Users\YassineSBOUI\Downloads\CV\CONSULTANT\12526702.pdf,.pdf
cv_00172,cv,BANKING,raw/cv/BANKING/cv_00172.pdf,C:\Users\YassineSBOUI\Downloads\CV\BANKING\74552449.pdf,.pdf
cv_00173,cv,FINANCE,raw/cv/FINANCE/cv_00173.pdf,C:\Users\YassineSBOUI\Downloads\CV\FINANCE\74849878.pdf,.pdf
cv_00174,cv,BUSINESS-DEVELOPMENT,raw/cv/BUSINESS-DEVELOPMENT/cv_00174.pdf,C:\Users\YassineSBOUI\Downloads\CV\BUSINESS-DEVELOPMENT\39237915.pdf,.pdf
cv_00175,cv,CONSTRUCTION,raw/cv/CONSTRUCTION/cv_00175.pdf,C:\Users\YassineSBOUI\Downloads\CV\CONSTRUCTION\18882984.pdf,.pdf
cv_00176,cv,CONSULTANT,raw/cv/CONSULTANT/cv_00176.pdf,C:\Users\YassineSBOUI\Downloads\CV\CONSULTANT\17025292.pdf,.pdf
cv_00177,cv,CONSTRUCTION,raw/cv/CONSTRUCTION/cv_00177.pdf,C:\Users\YassineSBOUI\Downloads\CV\CONSTRUCTION\21782152.pdf,.pdf
cv_00178,cv,BUSINESS-DEVELOPMENT,raw/cv/BUSINESS-DEVELOPMENT/cv_00178.pdf,C:\Users\YassineSBOUI\Downloads\CV\BUSINESS-DEVELOPMENT\25813953.pdf,.pdf
cv_00179,cv,HEALTHCARE,raw/cv/HEALTHCARE/cv_00179.pdf,C:\Users\YassineSBOUI\Downloads\CV\HEALTHCARE\20736486.pdf,.pdf
cv_00180,cv,ADVOCATE,raw/cv/ADVOCATE/cv_00180.pdf,C:\Users\YassineSBOUI\Downloads\CV\ADVOCATE\54067174.pdf,.pdf
cv_00181,cv,ENGINEERING,raw/cv/ENGINEERING/cv_00181.pdf,C:\Users\YassineSBOUI\Downloads\CV\ENGINEERING\21847415.pdf,.pdf
cv_00182,cv,SALES,raw/cv/SALES/cv_00182.pdf,C:\Users\YassineSBOUI\Downloads\CV\SALES\39581020.pdf,.pdf
cv_00183,cv,HEALTHCARE,raw/cv/HEALTHCARE/cv_00183.pdf,C:\Users\YassineSBOUI\Downloads\CV\HEALTHCARE\64471954.pdf,.pdf
cv_00184,cv,ARTS,raw/cv/ARTS/cv_00184.pdf,C:\Users\YassineSBOUI\Downloads\CV\ARTS\17857644.pdf,.pdf
cv_00185,cv,BUSINESS-DEVELOPMENT,raw/cv/BUSINESS-DEVELOPMENT/cv_00185.pdf,C:\Users\YassineSBOUI\Downloads\CV\BUSINESS-DEVELOPMENT\14871762.pdf,.pdf
cv_00186,cv,CONSTRUCTION,raw/cv/CONSTRUCTION/cv_00186.pdf,C:\Users\YassineSBOUI\Downloads\CV\CONSTRUCTION\12890045.pdf,.pdf
cv_00187,cv,ADVOCATE,raw/cv/ADVOCATE/cv_00187.pdf,C:\Users\YassineSBOUI\Downloads\CV\ADVOCATE\17165107.pdf,.pdf
cv_00188,cv,INFORMATION-TECHNOLOGY,raw/cv/INFORMATION-TECHNOLOGY/cv_00188.pdf,C:\Users\YassineSBOUI\Downloads\CV\INFORMATION-TECHNOLOGY\16533554.pdf,.pdf
cv_00189,cv,PUBLIC-RELATIONS,raw/cv/PUBLIC-RELATIONS/cv_00189.pdf,C:\Users\YassineSBOUI\Downloads\CV\PUBLIC-RELATIONS\65237556.pdf,.pdf
cv_00190,cv,CHEF,raw/cv/CHEF/cv_00190.pdf,C:\Users\YassineSBOUI\Downloads\CV\CHEF\32605413.pdf,.pdf
cv_00191,cv,HR,raw/cv/HR/cv_00191.pdf,C:\Users\YassineSBOUI\Downloads\CV\HR\26780935.pdf,.pdf
cv_00192,cv,INFORMATION-TECHNOLOGY,raw/cv/INFORMATION-TECHNOLOGY/cv_00192.pdf,C:\Users\YassineSBOUI\Downloads\CV\INFORMATION-TECHNOLOGY\57002858.pdf,.pdf
cv_00193,cv,TEACHER,raw/cv/TEACHER/cv_00193.pdf,C:\Users\YassineSBOUI\Downloads\CV\TEACHER\23939133.pdf,.pdf
cv_00194,cv,ENGINEERING,raw/cv/ENGINEERING/cv_00194.pdf,C:\Users\YassineSBOUI\Downloads\CV\ENGINEERING\27756469.pdf,.pdf
cv_00195,cv,AVIATION,raw/cv/AVIATION/cv_00195.pdf,C:\Users\YassineSBOUI\Downloads\CV\AVIATION\38047274.pdf,.pdf
cv_00196,cv,CHEF,raw/cv/CHEF/cv_00196.pdf,C:\Users\YassineSBOUI\Downloads\CV\CHEF\22349169.pdf,.pdf
cv_00197,cv,TEACHER,raw/cv/TEACHER/cv_00197.pdf,C:\Users\YassineSBOUI\Downloads\CV\TEACHER\62184086.pdf,.pdf
cv_00198,cv,ACCOUNTANT,raw/cv/ACCOUNTANT/cv_00198.pdf,C:\Users\YassineSBOUI\Downloads\CV\ACCOUNTANT\24294778.pdf,.pdf
cv_00199,cv,ACCOUNTANT,raw/cv/ACCOUNTANT/cv_00199.pdf,C:\Users\YassineSBOUI\Downloads\CV\ACCOUNTANT\27637576.pdf,.pdf
cv_00200,cv,ENGINEERING,raw/cv/ENGINEERING/cv_00200.pdf,C:\Users\YassineSBOUI\Downloads\CV\ENGINEERING\21807224.pdf,.pdf
cv_00201,cv,HEALTHCARE,raw/cv/HEALTHCARE/cv_00201.pdf,C:\Users\YassineSBOUI\Downloads\CV\HEALTHCARE\16121387.pdf,.pdf
cv_00202,cv,APPAREL,raw/cv/APPAREL/cv_00202.pdf,C:\Users\YassineSBOUI\Downloads\CV\APPAREL\16500168.pdf,.pdf
cv_00203,cv,PUBLIC-RELATIONS,raw/cv/PUBLIC-RELATIONS/cv_00203.pdf,C:\Users\YassineSBOUI\Downloads\CV\PUBLIC-RELATIONS\24977396.pdf,.pdf
cv_00204,cv,ACCOUNTANT,raw/cv/ACCOUNTANT/cv_00204.pdf,C:\Users\YassineSBOUI\Downloads\CV\ACCOUNTANT\63137898.pdf,.pdf
cv_00205,cv,CHEF,raw/cv/CHEF/cv_00205.pdf,C:\Users\YassineSBOUI\Downloads\CV\CHEF\12155206.pdf,.pdf
cv_00206,cv,HR,raw/cv/HR/cv_00206.pdf,C:\Users\YassineSBOUI\Downloads\CV\HR\18731098.pdf,.pdf
cv_00207,cv,SALES,raw/cv/SALES/cv_00207.pdf,C:\Users\YassineSBOUI\Downloads\CV\SALES\10464113.pdf,.pdf
cv_00208,cv,ENGINEERING,raw/cv/ENGINEERING/cv_00208.pdf,C:\Users\YassineSBOUI\Downloads\CV\ENGINEERING\28831378.pdf,.pdf
cv_00209,cv,ENGINEERING,raw/cv/ENGINEERING/cv_00209.pdf,C:\Users\YassineSBOUI\Downloads\CV\ENGINEERING\24647794.pdf,.pdf
cv_00210,cv,CONSTRUCTION,raw/cv/CONSTRUCTION/cv_00210.pdf,C:\Users\YassineSBOUI\Downloads\CV\CONSTRUCTION\45475027.pdf,.pdf
cv_00211,cv,ENGINEERING,raw/cv/ENGINEERING/cv_00211.pdf,C:\Users\YassineSBOUI\Downloads\CV\ENGINEERING\19124258.pdf,.pdf
cv_00212,cv,BUSINESS-DEVELOPMENT,raw/cv/BUSINESS-DEVELOPMENT/cv_00212.pdf,C:\Users\YassineSBOUI\Downloads\CV\BUSINESS-DEVELOPMENT\39875803.pdf,.pdf
cv_00213,cv,PUBLIC-RELATIONS,raw/cv/PUBLIC-RELATIONS/cv_00213.pdf,C:\Users\YassineSBOUI\Downloads\CV\PUBLIC-RELATIONS\14667659.pdf,.pdf
cv_00214,cv,SALES,raw/cv/SALES/cv_00214.pdf,C:\Users\YassineSBOUI\Downloads\CV\SALES\27624540.pdf,.pdf
cv_00215,cv,AVIATION,raw/cv/AVIATION/cv_00215.pdf,C:\Users\YassineSBOUI\Downloads\CV\AVIATION\24773845.pdf,.pdf
cv_00216,cv,CONSULTANT,raw/cv/CONSULTANT/cv_00216.pdf,C:\Users\YassineSBOUI\Downloads\CV\CONSULTANT\11020140.pdf,.pdf
cv_00217,cv,CONSULTANT,raw/cv/CONSULTANT/cv_00217.pdf,C:\Users\YassineSBOUI\Downloads\CV\CONSULTANT\29770086.pdf,.pdf
cv_00218,cv,TEACHER,raw/cv/TEACHER/cv_00218.pdf,C:\Users\YassineSBOUI\Downloads\CV\TEACHER\69532425.pdf,.pdf
cv_00219,cv,APPAREL,raw/cv/APPAREL/cv_00219.pdf,C:\Users\YassineSBOUI\Downloads\CV\APPAREL\19070271.pdf,.pdf
cv_00220,cv,CHEF,raw/cv/CHEF/cv_00220.pdf,C:\Users\YassineSBOUI\Downloads\CV\CHEF\14663897.pdf,.pdf
cv_00221,cv,BUSINESS-DEVELOPMENT,raw/cv/BUSINESS-DEVELOPMENT/cv_00221.pdf,C:\Users\YassineSBOUI\Downloads\CV\BUSINESS-DEVELOPMENT\37391947.pdf,.pdf
cv_00222,cv,SALES,raw/cv/SALES/cv_00222.pdf,C:\Users\YassineSBOUI\Downloads\CV\SALES\13812481.pdf,.pdf
cv_00223,cv,BANKING,raw/cv/BANKING/cv_00223.pdf,C:\Users\YassineSBOUI\Downloads\CV\BANKING\35483925.pdf,.pdf
cv_00224,cv,FINANCE,raw/cv/FINANCE/cv_00224.pdf,C:\Users\YassineSBOUI\Downloads\CV\FINANCE\74512244.pdf,.pdf
cv_00225,cv,DESIGNER,raw/cv/DESIGNER/cv_00225.pdf,C:\Users\YassineSBOUI\Downloads\CV\DESIGNER\24655918.pdf,.pdf
cv_00226,cv,BANKING,raw/cv/BANKING/cv_00226.pdf,C:\Users\YassineSBOUI\Downloads\CV\BANKING\17818707.pdf,.pdf
cv_00227,cv,CHEF,raw/cv/CHEF/cv_00227.pdf,C:\Users\YassineSBOUI\Downloads\CV\CHEF\27662298.pdf,.pdf
cv_00228,cv,CHEF,raw/cv/CHEF/cv_00228.pdf,C:\Users\YassineSBOUI\Downloads\CV\CHEF\31547476.pdf,.pdf
cv_00229,cv,ADVOCATE,raw/cv/ADVOCATE/cv_00229.pdf,C:\Users\YassineSBOUI\Downloads\CV\ADVOCATE\38860712.pdf,.pdf
cv_00230,cv,FITNESS,raw/cv/FITNESS/cv_00230.pdf,C:\Users\YassineSBOUI\Downloads\CV\FITNESS\17286050.pdf,.pdf
cv_00231,cv,BANKING,raw/cv/BANKING/cv_00231.pdf,C:\Users\YassineSBOUI\Downloads\CV\BANKING\69243180.pdf,.pdf
cv_00232,cv,APPAREL,raw/cv/APPAREL/cv_00232.pdf,C:\Users\YassineSBOUI\Downloads\CV\APPAREL\17659053.pdf,.pdf
cv_00233,cv,CHEF,raw/cv/CHEF/cv_00233.pdf,C:\Users\YassineSBOUI\Downloads\CV\CHEF\21611637.pdf,.pdf
cv_00234,cv,DESIGNER,raw/cv/DESIGNER/cv_00234.pdf,C:\Users\YassineSBOUI\Downloads\CV\DESIGNER\37263609.pdf,.pdf
cv_00235,cv,BANKING,raw/cv/BANKING/cv_00235.pdf,C:\Users\YassineSBOUI\Downloads\CV\BANKING\14626780.pdf,.pdf
cv_00236,cv,FITNESS,raw/cv/FITNESS/cv_00236.pdf,C:\Users\YassineSBOUI\Downloads\CV\FITNESS\54259150.pdf,.pdf
cv_00237,cv,ADVOCATE,raw/cv/ADVOCATE/cv_00237.pdf,C:\Users\YassineSBOUI\Downloads\CV\ADVOCATE\14176254.pdf,.pdf
cv_00238,cv,AVIATION,raw/cv/AVIATION/cv_00238.pdf,C:\Users\YassineSBOUI\Downloads\CV\AVIATION\70198580.pdf,.pdf
cv_00239,cv,ENGINEERING,raw/cv/ENGINEERING/cv_00239.pdf,C:\Users\YassineSBOUI\Downloads\CV\ENGINEERING\47549345.pdf,.pdf
cv_00240,cv,SALES,raw/cv/SALES/cv_00240.pdf,C:\Users\YassineSBOUI\Downloads\CV\SALES\10898339.pdf,.pdf
cv_00241,cv,FINANCE,raw/cv/FINANCE/cv_00241.pdf,C:\Users\YassineSBOUI\Downloads\CV\FINANCE\19540089.pdf,.pdf
cv_00242,cv,BUSINESS-DEVELOPMENT,raw/cv/BUSINESS-DEVELOPMENT/cv_00242.pdf,C:\Users\YassineSBOUI\Downloads\CV\BUSINESS-DEVELOPMENT\14055971.pdf,.pdf
cv_00243,cv,CONSULTANT,raw/cv/CONSULTANT/cv_00243.pdf,C:\Users\YassineSBOUI\Downloads\CV\CONSULTANT\12251115.pdf,.pdf
cv_00244,cv,BANKING,raw/cv/BANKING/cv_00244.pdf,C:\Users\YassineSBOUI\Downloads\CV\BANKING\35564026.pdf,.pdf
cv_00245,cv,FINANCE,raw/cv/FINANCE/cv_00245.pdf,C:\Users\YassineSBOUI\Downloads\CV\FINANCE\27914096.pdf,.pdf
cv_00246,cv,CONSTRUCTION,raw/cv/CONSTRUCTION/cv_00246.pdf,C:\Users\YassineSBOUI\Downloads\CV\CONSTRUCTION\27246366.pdf,.pdf
cv_00247,cv,HR,raw/cv/HR/cv_00247.pdf,C:\Users\YassineSBOUI\Downloads\CV\HR\14225422.pdf,.pdf
cv_00248,cv,PUBLIC-RELATIONS,raw/cv/PUBLIC-RELATIONS/cv_00248.pdf,C:\Users\YassineSBOUI\Downloads\CV\PUBLIC-RELATIONS\37375999.pdf,.pdf
cv_00249,cv,INFORMATION-TECHNOLOGY,raw/cv/INFORMATION-TECHNOLOGY/cv_00249.pdf,C:\Users\YassineSBOUI\Downloads\CV\INFORMATION-TECHNOLOGY\24038620.pdf,.pdf
cv_00250,cv,CONSTRUCTION,raw/cv/CONSTRUCTION/cv_00250.pdf,C:\Users\YassineSBOUI\Downloads\CV\CONSTRUCTION\12212468.pdf,.pdf
cv_00251,cv,CONSTRUCTION,raw/cv/CONSTRUCTION/cv_00251.pdf,C:\Users\YassineSBOUI\Downloads\CV\CONSTRUCTION\12491898.pdf,.pdf
cv_00252,cv,CONSULTANT,raw/cv/CONSULTANT/cv_00252.pdf,C:\Users\YassineSBOUI\Downloads\CV\CONSULTANT\93349646.pdf,.pdf
cv_00253,cv,CONSTRUCTION,raw/cv/CONSTRUCTION/cv_00253.pdf,C:\Users\YassineSBOUI\Downloads\CV\CONSTRUCTION\15564893.pdf,.pdf
cv_00254,cv,FINANCE,raw/cv/FINANCE/cv_00254.pdf,C:\Users\YassineSBOUI\Downloads\CV\FINANCE\20836112.pdf,.pdf
cv_00255,cv,AUTOMOBILE,raw/cv/AUTOMOBILE/cv_00255.pdf,C:\Users\YassineSBOUI\Downloads\CV\AUTOMOBILE\11797122.pdf,.pdf
cv_00256,cv,AGRICULTURE,raw/cv/AGRICULTURE/cv_00256.pdf,C:\Users\YassineSBOUI\Downloads\CV\AGRICULTURE\11813872.pdf,.pdf
cv_00257,cv,HR,raw/cv/HR/cv_00257.pdf,C:\Users\YassineSBOUI\Downloads\CV\HR\16861758.pdf,.pdf
cv_00258,cv,BANKING,raw/cv/BANKING/cv_00258.pdf,C:\Users\YassineSBOUI\Downloads\CV\BANKING\98348532.pdf,.pdf
cv_00259,cv,PUBLIC-RELATIONS,raw/cv/PUBLIC-RELATIONS/cv_00259.pdf,C:\Users\YassineSBOUI\Downloads\CV\PUBLIC-RELATIONS\32441790.pdf,.pdf
cv_00260,cv,DESIGNER,raw/cv/DESIGNER/cv_00260.pdf,C:\Users\YassineSBOUI\Downloads\CV\DESIGNER\17199951.pdf,.pdf
cv_00261,cv,AVIATION,raw/cv/AVIATION/cv_00261.pdf,C:\Users\YassineSBOUI\Downloads\CV\AVIATION\36252245.pdf,.pdf
cv_00262,cv,SALES,raw/cv/SALES/cv_00262.pdf,C:\Users\YassineSBOUI\Downloads\CV\SALES\15973307.pdf,.pdf
cv_00263,cv,FITNESS,raw/cv/FITNESS/cv_00263.pdf,C:\Users\YassineSBOUI\Downloads\CV\FITNESS\12938389.pdf,.pdf
cv_00264,cv,AUTOMOBILE,raw/cv/AUTOMOBILE/cv_00264.pdf,C:\Users\YassineSBOUI\Downloads\CV\AUTOMOBILE\63989974.pdf,.pdf
cv_00265,cv,DIGITAL-MEDIA,raw/cv/DIGITAL-MEDIA/cv_00265.pdf,C:\Users\YassineSBOUI\Downloads\CV\DIGITAL-MEDIA\94492380.pdf,.pdf
cv_00266,cv,ACCOUNTANT,raw/cv/ACCOUNTANT/cv_00266.pdf,C:\Users\YassineSBOUI\Downloads\CV\ACCOUNTANT\23513618.pdf,.pdf
cv_00267,cv,BANKING,raw/cv/BANKING/cv_00267.pdf,C:\Users\YassineSBOUI\Downloads\CV\BANKING\89049979.pdf,.pdf
cv_00268,cv,ACCOUNTANT,raw/cv/ACCOUNTANT/cv_00268.pdf,C:\Users\YassineSBOUI\Downloads\CV\ACCOUNTANT\29456173.pdf,.pdf
cv_00269,cv,ENGINEERING,raw/cv/ENGINEERING/cv_00269.pdf,C:\Users\YassineSBOUI\Downloads\CV\ENGINEERING\22890839.pdf,.pdf
cv_00270,cv,ADVOCATE,raw/cv/ADVOCATE/cv_00270.pdf,C:\Users\YassineSBOUI\Downloads\CV\ADVOCATE\12544735.pdf,.pdf
cv_00271,cv,CONSTRUCTION,raw/cv/CONSTRUCTION/cv_00271.pdf,C:\Users\YassineSBOUI\Downloads\CV\CONSTRUCTION\32265203.pdf,.pdf
cv_00272,cv,ENGINEERING,raw/cv/ENGINEERING/cv_00272.pdf,C:\Users\YassineSBOUI\Downloads\CV\ENGINEERING\30288581.pdf,.pdf
cv_00273,cv,INFORMATION-TECHNOLOGY,raw/cv/INFORMATION-TECHNOLOGY/cv_00273.pdf,C:\Users\YassineSBOUI\Downloads\CV\INFORMATION-TECHNOLOGY\14789139.pdf,.pdf
cv_00274,cv,HR,raw/cv/HR/cv_00274.pdf,C:\Users\YassineSBOUI\Downloads\CV\HR\16877897.pdf,.pdf
cv_00275,cv,SALES,raw/cv/SALES/cv_00275.pdf,C:\Users\YassineSBOUI\Downloads\CV\SALES\28377361.pdf,.pdf
cv_00276,cv,CONSTRUCTION,raw/cv/CONSTRUCTION/cv_00276.pdf,C:\Users\YassineSBOUI\Downloads\CV\CONSTRUCTION\26509539.pdf,.pdf
cv_00277,cv,INFORMATION-TECHNOLOGY,raw/cv/INFORMATION-TECHNOLOGY/cv_00277.pdf,C:\Users\YassineSBOUI\Downloads\CV\INFORMATION-TECHNOLOGY\48037995.pdf,.pdf
cv_00278,cv,INFORMATION-TECHNOLOGY,raw/cv/INFORMATION-TECHNOLOGY/cv_00278.pdf,C:\Users\YassineSBOUI\Downloads\CV\INFORMATION-TECHNOLOGY\20674668.pdf,.pdf
cv_00279,cv,ENGINEERING,raw/cv/ENGINEERING/cv_00279.pdf,C:\Users\YassineSBOUI\Downloads\CV\ENGINEERING\82246962.pdf,.pdf
cv_00280,cv,CONSTRUCTION,raw/cv/CONSTRUCTION/cv_00280.pdf,C:\Users\YassineSBOUI\Downloads\CV\CONSTRUCTION\33023370.pdf,.pdf
cv_00281,cv,DIGITAL-MEDIA,raw/cv/DIGITAL-MEDIA/cv_00281.pdf,C:\Users\YassineSBOUI\Downloads\CV\DIGITAL-MEDIA\17432318.pdf,.pdf
cv_00282,cv,INFORMATION-TECHNOLOGY,raw/cv/INFORMATION-TECHNOLOGY/cv_00282.pdf,C:\Users\YassineSBOUI\Downloads\CV\INFORMATION-TECHNOLOGY\25959103.pdf,.pdf
cv_00283,cv,INFORMATION-TECHNOLOGY,raw/cv/INFORMATION-TECHNOLOGY/cv_00283.pdf,C:\Users\YassineSBOUI\Downloads\CV\INFORMATION-TECHNOLOGY\16899268.pdf,.pdf
cv_00284,cv,ACCOUNTANT,raw/cv/ACCOUNTANT/cv_00284.pdf,C:\Users\YassineSBOUI\Downloads\CV\ACCOUNTANT\12065211.pdf,.pdf
cv_00285,cv,FINANCE,raw/cv/FINANCE/cv_00285.pdf,C:\Users\YassineSBOUI\Downloads\CV\FINANCE\15891494.pdf,.pdf
cv_00286,cv,CONSTRUCTION,raw/cv/CONSTRUCTION/cv_00286.pdf,C:\Users\YassineSBOUI\Downloads\CV\CONSTRUCTION\24361598.pdf,.pdf
cv_00287,cv,ACCOUNTANT,raw/cv/ACCOUNTANT/cv_00287.pdf,C:\Users\YassineSBOUI\Downloads\CV\ACCOUNTANT\20253563.pdf,.pdf
cv_00288,cv,BUSINESS-DEVELOPMENT,raw/cv/BUSINESS-DEVELOPMENT/cv_00288.pdf,C:\Users\YassineSBOUI\Downloads\CV\BUSINESS-DEVELOPMENT\29908929.pdf,.pdf
cv_00289,cv,ARTS,raw/cv/ARTS/cv_00289.pdf,C:\Users\YassineSBOUI\Downloads\CV\ARTS\21809601.pdf,.pdf
cv_00290,cv,TEACHER,raw/cv/TEACHER/cv_00290.pdf,C:\Users\YassineSBOUI\Downloads\CV\TEACHER\23398843.pdf,.pdf
cv_00291,cv,FITNESS,raw/cv/FITNESS/cv_00291.pdf,C:\Users\YassineSBOUI\Downloads\CV\FITNESS\38642923.pdf,.pdf
cv_00292,cv,HEALTHCARE,raw/cv/HEALTHCARE/cv_00292.pdf,C:\Users\YassineSBOUI\Downloads\CV\HEALTHCARE\45907524.pdf,.pdf
cv_00293,cv,TEACHER,raw/cv/TEACHER/cv_00293.pdf,C:\Users\YassineSBOUI\Downloads\CV\TEACHER\28013287.pdf,.pdf
cv_00294,cv,AVIATION,raw/cv/AVIATION/cv_00294.pdf,C:\Users\YassineSBOUI\Downloads\CV\AVIATION\42641525.pdf,.pdf
cv_00295,cv,CONSULTANT,raw/cv/CONSULTANT/cv_00295.pdf,C:\Users\YassineSBOUI\Downloads\CV\CONSULTANT\32433431.pdf,.pdf
cv_00296,cv,BUSINESS-DEVELOPMENT,raw/cv/BUSINESS-DEVELOPMENT/cv_00296.pdf,C:\Users\YassineSBOUI\Downloads\CV\BUSINESS-DEVELOPMENT\14726000.pdf,.pdf
cv_00297,cv,ARTS,raw/cv/ARTS/cv_00297.pdf,C:\Users\YassineSBOUI\Downloads\CV\ARTS\18319061.pdf,.pdf
cv_00298,cv,BANKING,raw/cv/BANKING/cv_00298.pdf,C:\Users\YassineSBOUI\Downloads\CV\BANKING\18824120.pdf,.pdf
cv_00299,cv,ACCOUNTANT,raw/cv/ACCOUNTANT/cv_00299.pdf,C:\Users\YassineSBOUI\Downloads\CV\ACCOUNTANT\20393721.pdf,.pdf
cv_00300,cv,ACCOUNTANT,raw/cv/ACCOUNTANT/cv_00300.pdf,C:\Users\YassineSBOUI\Downloads\CV\ACCOUNTANT\25862026.pdf,.pdf
cv_00301,cv,ACCOUNTANT,raw/cv/ACCOUNTANT/cv_00301.pdf,C:\Users\YassineSBOUI\Downloads\CV\ACCOUNTANT\31602598.pdf,.pdf
cv_00302,cv,SALES,raw/cv/SALES/cv_00302.pdf,C:\Users\YassineSBOUI\Downloads\CV\SALES\20141807.pdf,.pdf
cv_00303,cv,CONSTRUCTION,raw/cv/CONSTRUCTION/cv_00303.pdf,C:\Users\YassineSBOUI\Downloads\CV\CONSTRUCTION\28815362.pdf,.pdf
cv_00304,cv,HEALTHCARE,raw/cv/HEALTHCARE/cv_00304.pdf,C:\Users\YassineSBOUI\Downloads\CV\HEALTHCARE\93988900.pdf,.pdf
cv_00305,cv,HEALTHCARE,raw/cv/HEALTHCARE/cv_00305.pdf,C:\Users\YassineSBOUI\Downloads\CV\HEALTHCARE\18129173.pdf,.pdf
cv_00306,cv,TEACHER,raw/cv/TEACHER/cv_00306.pdf,C:\Users\YassineSBOUI\Downloads\CV\TEACHER\58105060.pdf,.pdf
cv_00307,cv,SALES,raw/cv/SALES/cv_00307.pdf,C:\Users\YassineSBOUI\Downloads\CV\SALES\16511249.pdf,.pdf
cv_00308,cv,ADVOCATE,raw/cv/ADVOCATE/cv_00308.pdf,C:\Users\YassineSBOUI\Downloads\CV\ADVOCATE\89508407.pdf,.pdf
cv_00309,cv,BUSINESS-DEVELOPMENT,raw/cv/BUSINESS-DEVELOPMENT/cv_00309.pdf,C:\Users\YassineSBOUI\Downloads\CV\BUSINESS-DEVELOPMENT\36574147.pdf,.pdf
cv_00310,cv,AVIATION,raw/cv/AVIATION/cv_00310.pdf,C:\Users\YassineSBOUI\Downloads\CV\AVIATION\42427521.pdf,.pdf
cv_00311,cv,HR,raw/cv/HR/cv_00311.pdf,C:\Users\YassineSBOUI\Downloads\CV\HR\30646367.pdf,.pdf
cv_00312,cv,FITNESS,raw/cv/FITNESS/cv_00312.pdf,C:\Users\YassineSBOUI\Downloads\CV\FITNESS\35302620.pdf,.pdf
cv_00313,cv,SALES,raw/cv/SALES/cv_00313.pdf,C:\Users\YassineSBOUI\Downloads\CV\SALES\25315791.pdf,.pdf
cv_00314,cv,ENGINEERING,raw/cv/ENGINEERING/cv_00314.pdf,C:\Users\YassineSBOUI\Downloads\CV\ENGINEERING\51588273.pdf,.pdf
cv_00315,cv,CONSULTANT,raw/cv/CONSULTANT/cv_00315.pdf,C:\Users\YassineSBOUI\Downloads\CV\CONSULTANT\31169070.pdf,.pdf
cv_00316,cv,INFORMATION-TECHNOLOGY,raw/cv/INFORMATION-TECHNOLOGY/cv_00316.pdf,C:\Users\YassineSBOUI\Downloads\CV\INFORMATION-TECHNOLOGY\17688766.pdf,.pdf
cv_00317,cv,HR,raw/cv/HR/cv_00317.pdf,C:\Users\YassineSBOUI\Downloads\CV\HR\24508725.pdf,.pdf
cv_00318,cv,FITNESS,raw/cv/FITNESS/cv_00318.pdf,C:\Users\YassineSBOUI\Downloads\CV\FITNESS\63282405.pdf,.pdf
cv_00319,cv,APPAREL,raw/cv/APPAREL/cv_00319.pdf,C:\Users\YassineSBOUI\Downloads\CV\APPAREL\15535408.pdf,.pdf
cv_00320,cv,INFORMATION-TECHNOLOGY,raw/cv/INFORMATION-TECHNOLOGY/cv_00320.pdf,C:\Users\YassineSBOUI\Downloads\CV\INFORMATION-TECHNOLOGY\29051656.pdf,.pdf
cv_00321,cv,HR,raw/cv/HR/cv_00321.pdf,C:\Users\YassineSBOUI\Downloads\CV\HR\19336728.pdf,.pdf
cv_00322,cv,AUTOMOBILE,raw/cv/AUTOMOBILE/cv_00322.pdf,C:\Users\YassineSBOUI\Downloads\CV\AUTOMOBILE\17571262.pdf,.pdf
cv_00323,cv,CONSTRUCTION,raw/cv/CONSTRUCTION/cv_00323.pdf,C:\Users\YassineSBOUI\Downloads\CV\CONSTRUCTION\31850269.pdf,.pdf
cv_00324,cv,APPAREL,raw/cv/APPAREL/cv_00324.pdf,C:\Users\YassineSBOUI\Downloads\CV\APPAREL\27091280.pdf,.pdf
cv_00325,cv,BUSINESS-DEVELOPMENT,raw/cv/BUSINESS-DEVELOPMENT/cv_00325.pdf,C:\Users\YassineSBOUI\Downloads\CV\BUSINESS-DEVELOPMENT\32042584.pdf,.pdf
cv_00326,cv,CONSTRUCTION,raw/cv/CONSTRUCTION/cv_00326.pdf,C:\Users\YassineSBOUI\Downloads\CV\CONSTRUCTION\71576860.pdf,.pdf
cv_00327,cv,ENGINEERING,raw/cv/ENGINEERING/cv_00327.pdf,C:\Users\YassineSBOUI\Downloads\CV\ENGINEERING\47276718.pdf,.pdf
cv_00328,cv,PUBLIC-RELATIONS,raw/cv/PUBLIC-RELATIONS/cv_00328.pdf,C:\Users\YassineSBOUI\Downloads\CV\PUBLIC-RELATIONS\29329075.pdf,.pdf
cv_00329,cv,ACCOUNTANT,raw/cv/ACCOUNTANT/cv_00329.pdf,C:\Users\YassineSBOUI\Downloads\CV\ACCOUNTANT\13701259.pdf,.pdf
cv_00330,cv,PUBLIC-RELATIONS,raw/cv/PUBLIC-RELATIONS/cv_00330.pdf,C:\Users\YassineSBOUI\Downloads\CV\PUBLIC-RELATIONS\37913536.pdf,.pdf
cv_00331,cv,APPAREL,raw/cv/APPAREL/cv_00331.pdf,C:\Users\YassineSBOUI\Downloads\CV\APPAREL\30430249.pdf,.pdf
cv_00332,cv,ACCOUNTANT,raw/cv/ACCOUNTANT/cv_00332.pdf,C:\Users\YassineSBOUI\Downloads\CV\ACCOUNTANT\43685045.pdf,.pdf
cv_00333,cv,CONSTRUCTION,raw/cv/CONSTRUCTION/cv_00333.pdf,C:\Users\YassineSBOUI\Downloads\CV\CONSTRUCTION\16924279.pdf,.pdf
cv_00334,cv,ARTS,raw/cv/ARTS/cv_00334.pdf,C:\Users\YassineSBOUI\Downloads\CV\ARTS\24349611.pdf,.pdf
cv_00335,cv,AVIATION,raw/cv/AVIATION/cv_00335.pdf,C:\Users\YassineSBOUI\Downloads\CV\AVIATION\14790629.pdf,.pdf
cv_00336,cv,AUTOMOBILE,raw/cv/AUTOMOBILE/cv_00336.pdf,C:\Users\YassineSBOUI\Downloads\CV\AUTOMOBILE\22946204.pdf,.pdf
cv_00337,cv,HR,raw/cv/HR/cv_00337.pdf,C:\Users\YassineSBOUI\Downloads\CV\HR\28640735.pdf,.pdf
cv_00338,cv,ENGINEERING,raw/cv/ENGINEERING/cv_00338.pdf,C:\Users\YassineSBOUI\Downloads\CV\ENGINEERING\25425322.pdf,.pdf
cv_00339,cv,CONSTRUCTION,raw/cv/CONSTRUCTION/cv_00339.pdf,C:\Users\YassineSBOUI\Downloads\CV\CONSTRUCTION\17252448.pdf,.pdf
cv_00340,cv,AGRICULTURE,raw/cv/AGRICULTURE/cv_00340.pdf,C:\Users\YassineSBOUI\Downloads\CV\AGRICULTURE\26921245.pdf,.pdf
cv_00341,cv,CONSTRUCTION,raw/cv/CONSTRUCTION/cv_00341.pdf,C:\Users\YassineSBOUI\Downloads\CV\CONSTRUCTION\10176013.pdf,.pdf
cv_00342,cv,AGRICULTURE,raw/cv/AGRICULTURE/cv_00342.pdf,C:\Users\YassineSBOUI\Downloads\CV\AGRICULTURE\12341902.pdf,.pdf
cv_00343,cv,AVIATION,raw/cv/AVIATION/cv_00343.pdf,C:\Users\YassineSBOUI\Downloads\CV\AVIATION\13195436.pdf,.pdf
cv_00344,cv,TEACHER,raw/cv/TEACHER/cv_00344.pdf,C:\Users\YassineSBOUI\Downloads\CV\TEACHER\10527994.pdf,.pdf
cv_00345,cv,DESIGNER,raw/cv/DESIGNER/cv_00345.pdf,C:\Users\YassineSBOUI\Downloads\CV\DESIGNER\34511655.pdf,.pdf
cv_00346,cv,DESIGNER,raw/cv/DESIGNER/cv_00346.pdf,C:\Users\YassineSBOUI\Downloads\CV\DESIGNER\25023614.pdf,.pdf
cv_00347,cv,TEACHER,raw/cv/TEACHER/cv_00347.pdf,C:\Users\YassineSBOUI\Downloads\CV\TEACHER\24791126.pdf,.pdf
cv_00348,cv,ENGINEERING,raw/cv/ENGINEERING/cv_00348.pdf,C:\Users\YassineSBOUI\Downloads\CV\ENGINEERING\15139979.pdf,.pdf
cv_00349,cv,ADVOCATE,raw/cv/ADVOCATE/cv_00349.pdf,C:\Users\YassineSBOUI\Downloads\CV\ADVOCATE\13072354.pdf,.pdf
cv_00350,cv,TEACHER,raw/cv/TEACHER/cv_00350.pdf,C:\Users\YassineSBOUI\Downloads\CV\TEACHER\36206485.pdf,.pdf
cv_00351,cv,AGRICULTURE,raw/cv/AGRICULTURE/cv_00351.pdf,C:\Users\YassineSBOUI\Downloads\CV\AGRICULTURE\28733974.pdf,.pdf
cv_00352,cv,TEACHER,raw/cv/TEACHER/cv_00352.pdf,C:\Users\YassineSBOUI\Downloads\CV\TEACHER\25588694.pdf,.pdf
cv_00353,cv,ACCOUNTANT,raw/cv/ACCOUNTANT/cv_00353.pdf,C:\Users\YassineSBOUI\Downloads\CV\ACCOUNTANT\25867805.pdf,.pdf
cv_00354,cv,HEALTHCARE,raw/cv/HEALTHCARE/cv_00354.pdf,C:\Users\YassineSBOUI\Downloads\CV\HEALTHCARE\56520872.pdf,.pdf
cv_00355,cv,INFORMATION-TECHNOLOGY,raw/cv/INFORMATION-TECHNOLOGY/cv_00355.pdf,C:\Users\YassineSBOUI\Downloads\CV\INFORMATION-TECHNOLOGY\18301617.pdf,.pdf
cv_00356,cv,CONSTRUCTION,raw/cv/CONSTRUCTION/cv_00356.pdf,C:\Users\YassineSBOUI\Downloads\CV\CONSTRUCTION\18472240.pdf,.pdf
cv_00357,cv,CONSTRUCTION,raw/cv/CONSTRUCTION/cv_00357.pdf,C:\Users\YassineSBOUI\Downloads\CV\CONSTRUCTION\39674782.pdf,.pdf
cv_00358,cv,BUSINESS-DEVELOPMENT,raw/cv/BUSINESS-DEVELOPMENT/cv_00358.pdf,C:\Users\YassineSBOUI\Downloads\CV\BUSINESS-DEVELOPMENT\34046031.pdf,.pdf
cv_00359,cv,CONSULTANT,raw/cv/CONSULTANT/cv_00359.pdf,C:\Users\YassineSBOUI\Downloads\CV\CONSULTANT\32637306.pdf,.pdf
cv_00360,cv,APPAREL,raw/cv/APPAREL/cv_00360.pdf,C:\Users\YassineSBOUI\Downloads\CV\APPAREL\14304010.pdf,.pdf
cv_00361,cv,ARTS,raw/cv/ARTS/cv_00361.pdf,C:\Users\YassineSBOUI\Downloads\CV\ARTS\14150896.pdf,.pdf
cv_00362,cv,SALES,raw/cv/SALES/cv_00362.pdf,C:\Users\YassineSBOUI\Downloads\CV\SALES\23929500.pdf,.pdf
cv_00363,cv,AVIATION,raw/cv/AVIATION/cv_00363.pdf,C:\Users\YassineSBOUI\Downloads\CV\AVIATION\14874322.pdf,.pdf
cv_00364,cv,CONSULTANT,raw/cv/CONSULTANT/cv_00364.pdf,C:\Users\YassineSBOUI\Downloads\CV\CONSULTANT\18856440.pdf,.pdf
cv_00365,cv,ARTS,raw/cv/ARTS/cv_00365.pdf,C:\Users\YassineSBOUI\Downloads\CV\ARTS\25561640.pdf,.pdf
cv_00366,cv,HR,raw/cv/HR/cv_00366.pdf,C:\Users\YassineSBOUI\Downloads\CV\HR\47470864.pdf,.pdf
cv_00367,cv,AUTOMOBILE,raw/cv/AUTOMOBILE/cv_00367.pdf,C:\Users\YassineSBOUI\Downloads\CV\AUTOMOBILE\26341645.pdf,.pdf
cv_00368,cv,PUBLIC-RELATIONS,raw/cv/PUBLIC-RELATIONS/cv_00368.pdf,C:\Users\YassineSBOUI\Downloads\CV\PUBLIC-RELATIONS\14536764.pdf,.pdf
cv_00369,cv,BANKING,raw/cv/BANKING/cv_00369.pdf,C:\Users\YassineSBOUI\Downloads\CV\BANKING\18278509.pdf,.pdf
cv_00370,cv,ARTS,raw/cv/ARTS/cv_00370.pdf,C:\Users\YassineSBOUI\Downloads\CV\ARTS\50432401.pdf,.pdf
cv_00371,cv,FINANCE,raw/cv/FINANCE/cv_00371.pdf,C:\Users\YassineSBOUI\Downloads\CV\FINANCE\20977412.pdf,.pdf
cv_00372,cv,APPAREL,raw/cv/APPAREL/cv_00372.pdf,C:\Users\YassineSBOUI\Downloads\CV\APPAREL\14698557.pdf,.pdf
cv_00373,cv,ADVOCATE,raw/cv/ADVOCATE/cv_00373.pdf,C:\Users\YassineSBOUI\Downloads\CV\ADVOCATE\24410405.pdf,.pdf
cv_00374,cv,CONSULTANT,raw/cv/CONSULTANT/cv_00374.pdf,C:\Users\YassineSBOUI\Downloads\CV\CONSULTANT\26291616.pdf,.pdf
cv_00375,cv,APPAREL,raw/cv/APPAREL/cv_00375.pdf,C:\Users\YassineSBOUI\Downloads\CV\APPAREL\29640922.pdf,.pdf
cv_00376,cv,SALES,raw/cv/SALES/cv_00376.pdf,C:\Users\YassineSBOUI\Downloads\CV\SALES\19582792.pdf,.pdf
cv_00377,cv,AVIATION,raw/cv/AVIATION/cv_00377.pdf,C:\Users\YassineSBOUI\Downloads\CV\AVIATION\25719936.pdf,.pdf
cv_00378,cv,DESIGNER,raw/cv/DESIGNER/cv_00378.pdf,C:\Users\YassineSBOUI\Downloads\CV\DESIGNER\38744475.pdf,.pdf
cv_00379,cv,ADVOCATE,raw/cv/ADVOCATE/cv_00379.pdf,C:\Users\YassineSBOUI\Downloads\CV\ADVOCATE\26456474.pdf,.pdf
cv_00380,cv,PUBLIC-RELATIONS,raw/cv/PUBLIC-RELATIONS/cv_00380.pdf,C:\Users\YassineSBOUI\Downloads\CV\PUBLIC-RELATIONS\75329822.pdf,.pdf
cv_00381,cv,ENGINEERING,raw/cv/ENGINEERING/cv_00381.pdf,C:\Users\YassineSBOUI\Downloads\CV\ENGINEERING\20981299.pdf,.pdf
cv_00382,cv,DESIGNER,raw/cv/DESIGNER/cv_00382.pdf,C:\Users\YassineSBOUI\Downloads\CV\DESIGNER\13518263.pdf,.pdf
cv_00383,cv,PUBLIC-RELATIONS,raw/cv/PUBLIC-RELATIONS/cv_00383.pdf,C:\Users\YassineSBOUI\Downloads\CV\PUBLIC-RELATIONS\28831442.pdf,.pdf
cv_00384,cv,DESIGNER,raw/cv/DESIGNER/cv_00384.pdf,C:\Users\YassineSBOUI\Downloads\CV\DESIGNER\14724186.pdf,.pdf
cv_00385,cv,AGRICULTURE,raw/cv/AGRICULTURE/cv_00385.pdf,C:\Users\YassineSBOUI\Downloads\CV\AGRICULTURE\36102323.pdf,.pdf
cv_00386,cv,ACCOUNTANT,raw/cv/ACCOUNTANT/cv_00386.pdf,C:\Users\YassineSBOUI\Downloads\CV\ACCOUNTANT\75286906.pdf,.pdf
cv_00387,cv,BUSINESS-DEVELOPMENT,raw/cv/BUSINESS-DEVELOPMENT/cv_00387.pdf,C:\Users\YassineSBOUI\Downloads\CV\BUSINESS-DEVELOPMENT\14861855.pdf,.pdf
cv_00388,cv,DIGITAL-MEDIA,raw/cv/DIGITAL-MEDIA/cv_00388.pdf,C:\Users\YassineSBOUI\Downloads\CV\DIGITAL-MEDIA\11270462.pdf,.pdf
cv_00389,cv,CHEF,raw/cv/CHEF/cv_00389.pdf,C:\Users\YassineSBOUI\Downloads\CV\CHEF\21622444.pdf,.pdf
cv_00390,cv,CONSULTANT,raw/cv/CONSULTANT/cv_00390.pdf,C:\Users\YassineSBOUI\Downloads\CV\CONSULTANT\10332998.pdf,.pdf
cv_00391,cv,TEACHER,raw/cv/TEACHER/cv_00391.pdf,C:\Users\YassineSBOUI\Downloads\CV\TEACHER\66906212.pdf,.pdf
cv_00392,cv,BANKING,raw/cv/BANKING/cv_00392.pdf,C:\Users\YassineSBOUI\Downloads\CV\BANKING\18645964.pdf,.pdf
cv_00393,cv,CONSULTANT,raw/cv/CONSULTANT/cv_00393.pdf,C:\Users\YassineSBOUI\Downloads\CV\CONSULTANT\69181350.pdf,.pdf
cv_00394,cv,BUSINESS-DEVELOPMENT,raw/cv/BUSINESS-DEVELOPMENT/cv_00394.pdf,C:\Users\YassineSBOUI\Downloads\CV\BUSINESS-DEVELOPMENT\20427934.pdf,.pdf
cv_00395,cv,DIGITAL-MEDIA,raw/cv/DIGITAL-MEDIA/cv_00395.pdf,C:\Users\YassineSBOUI\Downloads\CV\DIGITAL-MEDIA\19053815.pdf,.pdf
cv_00396,cv,CHEF,raw/cv/CHEF/cv_00396.pdf,C:\Users\YassineSBOUI\Downloads\CV\CHEF\23032276.pdf,.pdf
cv_00397,cv,PUBLIC-RELATIONS,raw/cv/PUBLIC-RELATIONS/cv_00397.pdf,C:\Users\YassineSBOUI\Downloads\CV\PUBLIC-RELATIONS\20966771.pdf,.pdf
cv_00398,cv,ACCOUNTANT,raw/cv/ACCOUNTANT/cv_00398.pdf,C:\Users\YassineSBOUI\Downloads\CV\ACCOUNTANT\37370455.pdf,.pdf
cv_00399,cv,ARTS,raw/cv/ARTS/cv_00399.pdf,C:\Users\YassineSBOUI\Downloads\CV\ARTS\94230796.pdf,.pdf
cv_00400,cv,AVIATION,raw/cv/AVIATION/cv_00400.pdf,C:\Users\YassineSBOUI\Downloads\CV\AVIATION\25718772.pdf,.pdf
cv_00401,cv,CHEF,raw/cv/CHEF/cv_00401.pdf,C:\Users\YassineSBOUI\Downloads\CV\CHEF\18825446.pdf,.pdf
cv_00402,cv,FINANCE,raw/cv/FINANCE/cv_00402.pdf,C:\Users\YassineSBOUI\Downloads\CV\FINANCE\38441665.pdf,.pdf
cv_00403,cv,ACCOUNTANT,raw/cv/ACCOUNTANT/cv_00403.pdf,C:\Users\YassineSBOUI\Downloads\CV\ACCOUNTANT\38847011.pdf,.pdf
cv_00404,cv,ADVOCATE,raw/cv/ADVOCATE/cv_00404.pdf,C:\Users\YassineSBOUI\Downloads\CV\ADVOCATE\29177904.pdf,.pdf
cv_00405,cv,HEALTHCARE,raw/cv/HEALTHCARE/cv_00405.pdf,C:\Users\YassineSBOUI\Downloads\CV\HEALTHCARE\11378657.pdf,.pdf
cv_00406,cv,HEALTHCARE,raw/cv/HEALTHCARE/cv_00406.pdf,C:\Users\YassineSBOUI\Downloads\CV\HEALTHCARE\51777546.pdf,.pdf
cv_00407,cv,BANKING,raw/cv/BANKING/cv_00407.pdf,C:\Users\YassineSBOUI\Downloads\CV\BANKING\13173522.pdf,.pdf
cv_00408,cv,TEACHER,raw/cv/TEACHER/cv_00408.pdf,C:\Users\YassineSBOUI\Downloads\CV\TEACHER\18001081.pdf,.pdf
cv_00409,cv,PUBLIC-RELATIONS,raw/cv/PUBLIC-RELATIONS/cv_00409.pdf,C:\Users\YassineSBOUI\Downloads\CV\PUBLIC-RELATIONS\22560013.pdf,.pdf
cv_00410,cv,ACCOUNTANT,raw/cv/ACCOUNTANT/cv_00410.pdf,C:\Users\YassineSBOUI\Downloads\CV\ACCOUNTANT\14470533.pdf,.pdf
cv_00411,cv,CONSTRUCTION,raw/cv/CONSTRUCTION/cv_00411.pdf,C:\Users\YassineSBOUI\Downloads\CV\CONSTRUCTION\90032884.pdf,.pdf
cv_00412,cv,DIGITAL-MEDIA,raw/cv/DIGITAL-MEDIA/cv_00412.pdf,C:\Users\YassineSBOUI\Downloads\CV\DIGITAL-MEDIA\16509761.pdf,.pdf
cv_00413,cv,FITNESS,raw/cv/FITNESS/cv_00413.pdf,C:\Users\YassineSBOUI\Downloads\CV\FITNESS\25507648.pdf,.pdf
cv_00414,cv,SALES,raw/cv/SALES/cv_00414.pdf,C:\Users\YassineSBOUI\Downloads\CV\SALES\32140087.pdf,.pdf
cv_00415,cv,INFORMATION-TECHNOLOGY,raw/cv/INFORMATION-TECHNOLOGY/cv_00415.pdf,C:\Users\YassineSBOUI\Downloads\CV\INFORMATION-TECHNOLOGY\17987433.pdf,.pdf
cv_00416,cv,DIGITAL-MEDIA,raw/cv/DIGITAL-MEDIA/cv_00416.pdf,C:\Users\YassineSBOUI\Downloads\CV\DIGITAL-MEDIA\15484097.pdf,.pdf
cv_00417,cv,ACCOUNTANT,raw/cv/ACCOUNTANT/cv_00417.pdf,C:\Users\YassineSBOUI\Downloads\CV\ACCOUNTANT\14449423.pdf,.pdf
cv_00418,cv,AGRICULTURE,raw/cv/AGRICULTURE/cv_00418.pdf,C:\Users\YassineSBOUI\Downloads\CV\AGRICULTURE\11197262.pdf,.pdf
cv_00419,cv,BANKING,raw/cv/BANKING/cv_00419.pdf,C:\Users\YassineSBOUI\Downloads\CV\BANKING\72876163.pdf,.pdf
cv_00420,cv,AVIATION,raw/cv/AVIATION/cv_00420.pdf,C:\Users\YassineSBOUI\Downloads\CV\AVIATION\17008356.pdf,.pdf
cv_00421,cv,ACCOUNTANT,raw/cv/ACCOUNTANT/cv_00421.pdf,C:\Users\YassineSBOUI\Downloads\CV\ACCOUNTANT\15289348.pdf,.pdf
cv_00422,cv,APPAREL,raw/cv/APPAREL/cv_00422.pdf,C:\Users\YassineSBOUI\Downloads\CV\APPAREL\27176039.pdf,.pdf
cv_00423,cv,AGRICULTURE,raw/cv/AGRICULTURE/cv_00423.pdf,C:\Users\YassineSBOUI\Downloads\CV\AGRICULTURE\27689009.pdf,.pdf
cv_00424,cv,ARTS,raw/cv/ARTS/cv_00424.pdf,C:\Users\YassineSBOUI\Downloads\CV\ARTS\79432080.pdf,.pdf
cv_00425,cv,CHEF,raw/cv/CHEF/cv_00425.pdf,C:\Users\YassineSBOUI\Downloads\CV\CHEF\47317494.pdf,.pdf
cv_00426,cv,INFORMATION-TECHNOLOGY,raw/cv/INFORMATION-TECHNOLOGY/cv_00426.pdf,C:\Users\YassineSBOUI\Downloads\CV\INFORMATION-TECHNOLOGY\32959732.pdf,.pdf
cv_00427,cv,ENGINEERING,raw/cv/ENGINEERING/cv_00427.pdf,C:\Users\YassineSBOUI\Downloads\CV\ENGINEERING\38535335.pdf,.pdf
cv_00428,cv,CONSULTANT,raw/cv/CONSULTANT/cv_00428.pdf,C:\Users\YassineSBOUI\Downloads\CV\CONSULTANT\38896303.pdf,.pdf
cv_00429,cv,DESIGNER,raw/cv/DESIGNER/cv_00429.pdf,C:\Users\YassineSBOUI\Downloads\CV\DESIGNER\42384185.pdf,.pdf
cv_00430,cv,CONSTRUCTION,raw/cv/CONSTRUCTION/cv_00430.pdf,C:\Users\YassineSBOUI\Downloads\CV\CONSTRUCTION\29087505.pdf,.pdf
cv_00431,cv,ENGINEERING,raw/cv/ENGINEERING/cv_00431.pdf,C:\Users\YassineSBOUI\Downloads\CV\ENGINEERING\54227873.pdf,.pdf
cv_00432,cv,SALES,raw/cv/SALES/cv_00432.pdf,C:\Users\YassineSBOUI\Downloads\CV\SALES\13348915.pdf,.pdf
cv_00433,cv,CONSULTANT,raw/cv/CONSULTANT/cv_00433.pdf,C:\Users\YassineSBOUI\Downloads\CV\CONSULTANT\25258040.pdf,.pdf
cv_00434,cv,FINANCE,raw/cv/FINANCE/cv_00434.pdf,C:\Users\YassineSBOUI\Downloads\CV\FINANCE\93653247.pdf,.pdf
cv_00435,cv,FINANCE,raw/cv/FINANCE/cv_00435.pdf,C:\Users\YassineSBOUI\Downloads\CV\FINANCE\28758002.pdf,.pdf
cv_00436,cv,TEACHER,raw/cv/TEACHER/cv_00436.pdf,C:\Users\YassineSBOUI\Downloads\CV\TEACHER\15850434.pdf,.pdf
cv_00437,cv,CONSTRUCTION,raw/cv/CONSTRUCTION/cv_00437.pdf,C:\Users\YassineSBOUI\Downloads\CV\CONSTRUCTION\11393213.pdf,.pdf
cv_00438,cv,BUSINESS-DEVELOPMENT,raw/cv/BUSINESS-DEVELOPMENT/cv_00438.pdf,C:\Users\YassineSBOUI\Downloads\CV\BUSINESS-DEVELOPMENT\31638814.pdf,.pdf
cv_00439,cv,ACCOUNTANT,raw/cv/ACCOUNTANT/cv_00439.pdf,C:\Users\YassineSBOUI\Downloads\CV\ACCOUNTANT\35554162.pdf,.pdf
cv_00440,cv,PUBLIC-RELATIONS,raw/cv/PUBLIC-RELATIONS/cv_00440.pdf,C:\Users\YassineSBOUI\Downloads\CV\PUBLIC-RELATIONS\14364597.pdf,.pdf
cv_00441,cv,ARTS,raw/cv/ARTS/cv_00441.pdf,C:\Users\YassineSBOUI\Downloads\CV\ARTS\24983760.pdf,.pdf
cv_00442,cv,INFORMATION-TECHNOLOGY,raw/cv/INFORMATION-TECHNOLOGY/cv_00442.pdf,C:\Users\YassineSBOUI\Downloads\CV\INFORMATION-TECHNOLOGY\26801767.pdf,.pdf
cv_00443,cv,DIGITAL-MEDIA,raw/cv/DIGITAL-MEDIA/cv_00443.pdf,C:\Users\YassineSBOUI\Downloads\CV\DIGITAL-MEDIA\37739183.pdf,.pdf
cv_00444,cv,BANKING,raw/cv/BANKING/cv_00444.pdf,C:\Users\YassineSBOUI\Downloads\CV\BANKING\16407619.pdf,.pdf
cv_00445,cv,HEALTHCARE,raw/cv/HEALTHCARE/cv_00445.pdf,C:\Users\YassineSBOUI\Downloads\CV\HEALTHCARE\47996197.pdf,.pdf
cv_00446,cv,INFORMATION-TECHNOLOGY,raw/cv/INFORMATION-TECHNOLOGY/cv_00446.pdf,C:\Users\YassineSBOUI\Downloads\CV\INFORMATION-TECHNOLOGY\91121135.pdf,.pdf
cv_00447,cv,BANKING,raw/cv/BANKING/cv_00447.pdf,C:\Users\YassineSBOUI\Downloads\CV\BANKING\96493528.pdf,.pdf
cv_00448,cv,CONSTRUCTION,raw/cv/CONSTRUCTION/cv_00448.pdf,C:\Users\YassineSBOUI\Downloads\CV\CONSTRUCTION\14585273.pdf,.pdf
cv_00449,cv,HEALTHCARE,raw/cv/HEALTHCARE/cv_00449.pdf,C:\Users\YassineSBOUI\Downloads\CV\HEALTHCARE\20110597.pdf,.pdf
cv_00450,cv,CONSTRUCTION,raw/cv/CONSTRUCTION/cv_00450.pdf,C:\Users\YassineSBOUI\Downloads\CV\CONSTRUCTION\15721849.pdf,.pdf
cv_00451,cv,HEALTHCARE,raw/cv/HEALTHCARE/cv_00451.pdf,C:\Users\YassineSBOUI\Downloads\CV\HEALTHCARE\98309114.pdf,.pdf
cv_00452,cv,BANKING,raw/cv/BANKING/cv_00452.pdf,C:\Users\YassineSBOUI\Downloads\CV\BANKING\17213671.pdf,.pdf
cv_00453,cv,AVIATION,raw/cv/AVIATION/cv_00453.pdf,C:\Users\YassineSBOUI\Downloads\CV\AVIATION\54232810.pdf,.pdf
cv_00454,cv,HR,raw/cv/HR/cv_00454.pdf,C:\Users\YassineSBOUI\Downloads\CV\HR\59962788.pdf,.pdf
cv_00455,cv,BUSINESS-DEVELOPMENT,raw/cv/BUSINESS-DEVELOPMENT/cv_00455.pdf,C:\Users\YassineSBOUI\Downloads\CV\BUSINESS-DEVELOPMENT\61677751.pdf,.pdf
cv_00456,cv,FINANCE,raw/cv/FINANCE/cv_00456.pdf,C:\Users\YassineSBOUI\Downloads\CV\FINANCE\29494962.pdf,.pdf
cv_00457,cv,SALES,raw/cv/SALES/cv_00457.pdf,C:\Users\YassineSBOUI\Downloads\CV\SALES\18171955.pdf,.pdf
cv_00458,cv,ENGINEERING,raw/cv/ENGINEERING/cv_00458.pdf,C:\Users\YassineSBOUI\Downloads\CV\ENGINEERING\25919149.pdf,.pdf
cv_00459,cv,ENGINEERING,raw/cv/ENGINEERING/cv_00459.pdf,C:\Users\YassineSBOUI\Downloads\CV\ENGINEERING\35651876.pdf,.pdf
cv_00460,cv,CONSTRUCTION,raw/cv/CONSTRUCTION/cv_00460.pdf,C:\Users\YassineSBOUI\Downloads\CV\CONSTRUCTION\36331163.pdf,.pdf
cv_00461,cv,ARTS,raw/cv/ARTS/cv_00461.pdf,C:\Users\YassineSBOUI\Downloads\CV\ARTS\19724031.pdf,.pdf
cv_00462,cv,INFORMATION-TECHNOLOGY,raw/cv/INFORMATION-TECHNOLOGY/cv_00462.pdf,C:\Users\YassineSBOUI\Downloads\CV\INFORMATION-TECHNOLOGY\30223363.pdf,.pdf
cv_00463,cv,ARTS,raw/cv/ARTS/cv_00463.pdf,C:\Users\YassineSBOUI\Downloads\CV\ARTS\39608848.pdf,.pdf
cv_00464,cv,PUBLIC-RELATIONS,raw/cv/PUBLIC-RELATIONS/cv_00464.pdf,C:\Users\YassineSBOUI\Downloads\CV\PUBLIC-RELATIONS\11160414.pdf,.pdf
cv_00465,cv,SALES,raw/cv/SALES/cv_00465.pdf,C:\Users\YassineSBOUI\Downloads\CV\SALES\25839123.pdf,.pdf
cv_00466,cv,HR,raw/cv/HR/cv_00466.pdf,C:\Users\YassineSBOUI\Downloads\CV\HR\23408537.pdf,.pdf
cv_00467,cv,ENGINEERING,raw/cv/ENGINEERING/cv_00467.pdf,C:\Users\YassineSBOUI\Downloads\CV\ENGINEERING\86209934.pdf,.pdf
cv_00468,cv,BANKING,raw/cv/BANKING/cv_00468.pdf,C:\Users\YassineSBOUI\Downloads\CV\BANKING\17276884.pdf,.pdf
cv_00469,cv,TEACHER,raw/cv/TEACHER/cv_00469.pdf,C:\Users\YassineSBOUI\Downloads\CV\TEACHER\28063132.pdf,.pdf
cv_00470,cv,ARTS,raw/cv/ARTS/cv_00470.pdf,C:\Users\YassineSBOUI\Downloads\CV\ARTS\32318506.pdf,.pdf
cv_00471,cv,FITNESS,raw/cv/FITNESS/cv_00471.pdf,C:\Users\YassineSBOUI\Downloads\CV\FITNESS\95085510.pdf,.pdf
cv_00472,cv,FITNESS,raw/cv/FITNESS/cv_00472.pdf,C:\Users\YassineSBOUI\Downloads\CV\FITNESS\24219583.pdf,.pdf
cv_00473,cv,APPAREL,raw/cv/APPAREL/cv_00473.pdf,C:\Users\YassineSBOUI\Downloads\CV\APPAREL\27099856.pdf,.pdf
cv_00474,cv,CONSTRUCTION,raw/cv/CONSTRUCTION/cv_00474.pdf,C:\Users\YassineSBOUI\Downloads\CV\CONSTRUCTION\21567392.pdf,.pdf
cv_00475,cv,SALES,raw/cv/SALES/cv_00475.pdf,C:\Users\YassineSBOUI\Downloads\CV\SALES\19147494.pdf,.pdf
cv_00476,cv,APPAREL,raw/cv/APPAREL/cv_00476.pdf,C:\Users\YassineSBOUI\Downloads\CV\APPAREL\12669075.pdf,.pdf
cv_00477,cv,FITNESS,raw/cv/FITNESS/cv_00477.pdf,C:\Users\YassineSBOUI\Downloads\CV\FITNESS\30757456.pdf,.pdf
cv_00478,cv,ACCOUNTANT,raw/cv/ACCOUNTANT/cv_00478.pdf,C:\Users\YassineSBOUI\Downloads\CV\ACCOUNTANT\17407184.pdf,.pdf
cv_00479,cv,ARTS,raw/cv/ARTS/cv_00479.pdf,C:\Users\YassineSBOUI\Downloads\CV\ARTS\28325193.pdf,.pdf
cv_00480,cv,SALES,raw/cv/SALES/cv_00480.pdf,C:\Users\YassineSBOUI\Downloads\CV\SALES\16280971.pdf,.pdf
cv_00481,cv,APPAREL,raw/cv/APPAREL/cv_00481.pdf,C:\Users\YassineSBOUI\Downloads\CV\APPAREL\35121930.pdf,.pdf
cv_00482,cv,ENGINEERING,raw/cv/ENGINEERING/cv_00482.pdf,C:\Users\YassineSBOUI\Downloads\CV\ENGINEERING\28005884.pdf,.pdf
cv_00483,cv,ACCOUNTANT,raw/cv/ACCOUNTANT/cv_00483.pdf,C:\Users\YassineSBOUI\Downloads\CV\ACCOUNTANT\15906625.pdf,.pdf
cv_00484,cv,CONSTRUCTION,raw/cv/CONSTRUCTION/cv_00484.pdf,C:\Users\YassineSBOUI\Downloads\CV\CONSTRUCTION\27187994.pdf,.pdf
cv_00485,cv,INFORMATION-TECHNOLOGY,raw/cv/INFORMATION-TECHNOLOGY/cv_00485.pdf,C:\Users\YassineSBOUI\Downloads\CV\INFORMATION-TECHNOLOGY\52618188.pdf,.pdf
cv_00486,cv,TEACHER,raw/cv/TEACHER/cv_00486.pdf,C:\Users\YassineSBOUI\Downloads\CV\TEACHER\86597425.pdf,.pdf
cv_00487,cv,PUBLIC-RELATIONS,raw/cv/PUBLIC-RELATIONS/cv_00487.pdf,C:\Users\YassineSBOUI\Downloads\CV\PUBLIC-RELATIONS\26330995.pdf,.pdf
cv_00488,cv,ARTS,raw/cv/ARTS/cv_00488.pdf,C:\Users\YassineSBOUI\Downloads\CV\ARTS\43622023.pdf,.pdf
cv_00489,cv,CONSTRUCTION,raw/cv/CONSTRUCTION/cv_00489.pdf,C:\Users\YassineSBOUI\Downloads\CV\CONSTRUCTION\17570634.pdf,.pdf
cv_00490,cv,AVIATION,raw/cv/AVIATION/cv_00490.pdf,C:\Users\YassineSBOUI\Downloads\CV\AVIATION\22232367.pdf,.pdf
cv_00491,cv,DIGITAL-MEDIA,raw/cv/DIGITAL-MEDIA/cv_00491.pdf,C:\Users\YassineSBOUI\Downloads\CV\DIGITAL-MEDIA\25038571.pdf,.pdf
cv_00492,cv,FINANCE,raw/cv/FINANCE/cv_00492.pdf,C:\Users\YassineSBOUI\Downloads\CV\FINANCE\58165257.pdf,.pdf
cv_00493,cv,TEACHER,raw/cv/TEACHER/cv_00493.pdf,C:\Users\YassineSBOUI\Downloads\CV\TEACHER\25729119.pdf,.pdf
cv_00494,cv,FITNESS,raw/cv/FITNESS/cv_00494.pdf,C:\Users\YassineSBOUI\Downloads\CV\FITNESS\29792535.pdf,.pdf
cv_00495,cv,ACCOUNTANT,raw/cv/ACCOUNTANT/cv_00495.pdf,C:\Users\YassineSBOUI\Downloads\CV\ACCOUNTANT\13294301.pdf,.pdf
cv_00496,cv,CONSTRUCTION,raw/cv/CONSTRUCTION/cv_00496.pdf,C:\Users\YassineSBOUI\Downloads\CV\CONSTRUCTION\32799518.pdf,.pdf
cv_00497,cv,INFORMATION-TECHNOLOGY,raw/cv/INFORMATION-TECHNOLOGY/cv_00497.pdf,C:\Users\YassineSBOUI\Downloads\CV\INFORMATION-TECHNOLOGY\18176523.pdf,.pdf
cv_00498,cv,DIGITAL-MEDIA,raw/cv/DIGITAL-MEDIA/cv_00498.pdf,C:\Users\YassineSBOUI\Downloads\CV\DIGITAL-MEDIA\11005406.pdf,.pdf
cv_00499,cv,TEACHER,raw/cv/TEACHER/cv_00499.pdf,C:\Users\YassineSBOUI\Downloads\CV\TEACHER\22551979.pdf,.pdf
cv_00500,cv,CONSTRUCTION,raw/cv/CONSTRUCTION/cv_00500.pdf,C:\Users\YassineSBOUI\Downloads\CV\CONSTRUCTION\61065616.pdf,.pdf
cv_00501,cv,INFORMATION-TECHNOLOGY,raw/cv/INFORMATION-TECHNOLOGY/cv_00501.pdf,C:\Users\YassineSBOUI\Downloads\CV\INFORMATION-TECHNOLOGY\21780877.pdf,.pdf
cv_00502,cv,FITNESS,raw/cv/FITNESS/cv_00502.pdf,C:\Users\YassineSBOUI\Downloads\CV\FITNESS\11332602.pdf,.pdf
cv_00503,cv,INFORMATION-TECHNOLOGY,raw/cv/INFORMATION-TECHNOLOGY/cv_00503.pdf,C:\Users\YassineSBOUI\Downloads\CV\INFORMATION-TECHNOLOGY\11957080.pdf,.pdf
cv_00504,cv,CONSULTANT,raw/cv/CONSULTANT/cv_00504.pdf,C:\Users\YassineSBOUI\Downloads\CV\CONSULTANT\15699744.pdf,.pdf
cv_00505,cv,BANKING,raw/cv/BANKING/cv_00505.pdf,C:\Users\YassineSBOUI\Downloads\CV\BANKING\12021752.pdf,.pdf
cv_00506,cv,FINANCE,raw/cv/FINANCE/cv_00506.pdf,C:\Users\YassineSBOUI\Downloads\CV\FINANCE\18636651.pdf,.pdf
cv_00507,cv,HEALTHCARE,raw/cv/HEALTHCARE/cv_00507.pdf,C:\Users\YassineSBOUI\Downloads\CV\HEALTHCARE\16356151.pdf,.pdf
cv_00508,cv,APPAREL,raw/cv/APPAREL/cv_00508.pdf,C:\Users\YassineSBOUI\Downloads\CV\APPAREL\72807293.pdf,.pdf
cv_00509,cv,AVIATION,raw/cv/AVIATION/cv_00509.pdf,C:\Users\YassineSBOUI\Downloads\CV\AVIATION\12504278.pdf,.pdf
cv_00510,cv,BUSINESS-DEVELOPMENT,raw/cv/BUSINESS-DEVELOPMENT/cv_00510.pdf,C:\Users\YassineSBOUI\Downloads\CV\BUSINESS-DEVELOPMENT\18937778.pdf,.pdf
cv_00511,cv,ACCOUNTANT,raw/cv/ACCOUNTANT/cv_00511.pdf,C:\Users\YassineSBOUI\Downloads\CV\ACCOUNTANT\25127518.pdf,.pdf
cv_00512,cv,AUTOMOBILE,raw/cv/AUTOMOBILE/cv_00512.pdf,C:\Users\YassineSBOUI\Downloads\CV\AUTOMOBILE\15100547.pdf,.pdf
cv_00513,cv,FINANCE,raw/cv/FINANCE/cv_00513.pdf,C:\Users\YassineSBOUI\Downloads\CV\FINANCE\33685988.pdf,.pdf
cv_00514,cv,HEALTHCARE,raw/cv/HEALTHCARE/cv_00514.pdf,C:\Users\YassineSBOUI\Downloads\CV\HEALTHCARE\69199666.pdf,.pdf
cv_00515,cv,APPAREL,raw/cv/APPAREL/cv_00515.pdf,C:\Users\YassineSBOUI\Downloads\CV\APPAREL\17714174.pdf,.pdf
cv_00516,cv,AGRICULTURE,raw/cv/AGRICULTURE/cv_00516.pdf,C:\Users\YassineSBOUI\Downloads\CV\AGRICULTURE\37292350.pdf,.pdf
cv_00517,cv,FINANCE,raw/cv/FINANCE/cv_00517.pdf,C:\Users\YassineSBOUI\Downloads\CV\FINANCE\22622351.pdf,.pdf
cv_00518,cv,ACCOUNTANT,raw/cv/ACCOUNTANT/cv_00518.pdf,C:\Users\YassineSBOUI\Downloads\CV\ACCOUNTANT\14055988.pdf,.pdf
cv_00519,cv,HEALTHCARE,raw/cv/HEALTHCARE/cv_00519.pdf,C:\Users\YassineSBOUI\Downloads\CV\HEALTHCARE\18949843.pdf,.pdf
cv_00520,cv,HEALTHCARE,raw/cv/HEALTHCARE/cv_00520.pdf,C:\Users\YassineSBOUI\Downloads\CV\HEALTHCARE\29134372.pdf,.pdf
cv_00521,cv,APPAREL,raw/cv/APPAREL/cv_00521.pdf,C:\Users\YassineSBOUI\Downloads\CV\APPAREL\14413257.pdf,.pdf
cv_00522,cv,FITNESS,raw/cv/FITNESS/cv_00522.pdf,C:\Users\YassineSBOUI\Downloads\CV\FITNESS\97123005.pdf,.pdf
cv_00523,cv,INFORMATION-TECHNOLOGY,raw/cv/INFORMATION-TECHNOLOGY/cv_00523.pdf,C:\Users\YassineSBOUI\Downloads\CV\INFORMATION-TECHNOLOGY\20879311.pdf,.pdf
cv_00524,cv,AUTOMOBILE,raw/cv/AUTOMOBILE/cv_00524.pdf,C:\Users\YassineSBOUI\Downloads\CV\AUTOMOBILE\51508889.pdf,.pdf
cv_00525,cv,ACCOUNTANT,raw/cv/ACCOUNTANT/cv_00525.pdf,C:\Users\YassineSBOUI\Downloads\CV\ACCOUNTANT\30361788.pdf,.pdf
cv_00526,cv,ACCOUNTANT,raw/cv/ACCOUNTANT/cv_00526.pdf,C:\Users\YassineSBOUI\Downloads\CV\ACCOUNTANT\13130984.pdf,.pdf
cv_00527,cv,FINANCE,raw/cv/FINANCE/cv_00527.pdf,C:\Users\YassineSBOUI\Downloads\CV\FINANCE\61634281.pdf,.pdf
cv_00528,cv,FITNESS,raw/cv/FITNESS/cv_00528.pdf,C:\Users\YassineSBOUI\Downloads\CV\FITNESS\19037403.pdf,.pdf
cv_00529,cv,CONSULTANT,raw/cv/CONSULTANT/cv_00529.pdf,C:\Users\YassineSBOUI\Downloads\CV\CONSULTANT\31395742.pdf,.pdf
cv_00530,cv,PUBLIC-RELATIONS,raw/cv/PUBLIC-RELATIONS/cv_00530.pdf,C:\Users\YassineSBOUI\Downloads\CV\PUBLIC-RELATIONS\59346975.pdf,.pdf
cv_00531,cv,HEALTHCARE,raw/cv/HEALTHCARE/cv_00531.pdf,C:\Users\YassineSBOUI\Downloads\CV\HEALTHCARE\23110214.pdf,.pdf
cv_00532,cv,ARTS,raw/cv/ARTS/cv_00532.pdf,C:\Users\YassineSBOUI\Downloads\CV\ARTS\17033567.pdf,.pdf
cv_00533,cv,TEACHER,raw/cv/TEACHER/cv_00533.pdf,C:\Users\YassineSBOUI\Downloads\CV\TEACHER\63391085.pdf,.pdf
cv_00534,cv,APPAREL,raw/cv/APPAREL/cv_00534.pdf,C:\Users\YassineSBOUI\Downloads\CV\APPAREL\12059610.pdf,.pdf
cv_00535,cv,CHEF,raw/cv/CHEF/cv_00535.pdf,C:\Users\YassineSBOUI\Downloads\CV\CHEF\34252537.pdf,.pdf
cv_00536,cv,CONSTRUCTION,raw/cv/CONSTRUCTION/cv_00536.pdf,C:\Users\YassineSBOUI\Downloads\CV\CONSTRUCTION\25187733.pdf,.pdf
cv_00537,cv,ENGINEERING,raw/cv/ENGINEERING/cv_00537.pdf,C:\Users\YassineSBOUI\Downloads\CV\ENGINEERING\20882041.pdf,.pdf
cv_00538,cv,AGRICULTURE,raw/cv/AGRICULTURE/cv_00538.pdf,C:\Users\YassineSBOUI\Downloads\CV\AGRICULTURE\17640785.pdf,.pdf
cv_00539,cv,INFORMATION-TECHNOLOGY,raw/cv/INFORMATION-TECHNOLOGY/cv_00539.pdf,C:\Users\YassineSBOUI\Downloads\CV\INFORMATION-TECHNOLOGY\79541391.pdf,.pdf
cv_00540,cv,ACCOUNTANT,raw/cv/ACCOUNTANT/cv_00540.pdf,C:\Users\YassineSBOUI\Downloads\CV\ACCOUNTANT\36024962.pdf,.pdf
cv_00541,cv,BANKING,raw/cv/BANKING/cv_00541.pdf,C:\Users\YassineSBOUI\Downloads\CV\BANKING\15553584.pdf,.pdf
cv_00542,cv,DESIGNER,raw/cv/DESIGNER/cv_00542.pdf,C:\Users\YassineSBOUI\Downloads\CV\DESIGNER\27529455.pdf,.pdf
cv_00543,cv,FINANCE,raw/cv/FINANCE/cv_00543.pdf,C:\Users\YassineSBOUI\Downloads\CV\FINANCE\22492537.pdf,.pdf
cv_00544,cv,TEACHER,raw/cv/TEACHER/cv_00544.pdf,C:\Users\YassineSBOUI\Downloads\CV\TEACHER\22632070.pdf,.pdf
cv_00545,cv,DESIGNER,raw/cv/DESIGNER/cv_00545.pdf,C:\Users\YassineSBOUI\Downloads\CV\DESIGNER\20986595.pdf,.pdf
cv_00546,cv,AUTOMOBILE,raw/cv/AUTOMOBILE/cv_00546.pdf,C:\Users\YassineSBOUI\Downloads\CV\AUTOMOBILE\24703983.pdf,.pdf
cv_00547,cv,TEACHER,raw/cv/TEACHER/cv_00547.pdf,C:\Users\YassineSBOUI\Downloads\CV\TEACHER\37660306.pdf,.pdf
cv_00548,cv,CHEF,raw/cv/CHEF/cv_00548.pdf,C:\Users\YassineSBOUI\Downloads\CV\CHEF\18036030.pdf,.pdf
cv_00549,cv,DESIGNER,raw/cv/DESIGNER/cv_00549.pdf,C:\Users\YassineSBOUI\Downloads\CV\DESIGNER\20932019.pdf,.pdf
cv_00550,cv,DESIGNER,raw/cv/DESIGNER/cv_00550.pdf,C:\Users\YassineSBOUI\Downloads\CV\DESIGNER\15471999.pdf,.pdf
cv_00551,cv,BUSINESS-DEVELOPMENT,raw/cv/BUSINESS-DEVELOPMENT/cv_00551.pdf,C:\Users\YassineSBOUI\Downloads\CV\BUSINESS-DEVELOPMENT\14752209.pdf,.pdf
cv_00552,cv,HEALTHCARE,raw/cv/HEALTHCARE/cv_00552.pdf,C:\Users\YassineSBOUI\Downloads\CV\HEALTHCARE\12333703.pdf,.pdf
cv_00553,cv,ENGINEERING,raw/cv/ENGINEERING/cv_00553.pdf,C:\Users\YassineSBOUI\Downloads\CV\ENGINEERING\28631840.pdf,.pdf
cv_00554,cv,BPO,raw/cv/BPO/cv_00554.pdf,C:\Users\YassineSBOUI\Downloads\CV\BPO\63158213.pdf,.pdf
cv_00555,cv,BUSINESS-DEVELOPMENT,raw/cv/BUSINESS-DEVELOPMENT/cv_00555.pdf,C:\Users\YassineSBOUI\Downloads\CV\BUSINESS-DEVELOPMENT\11289482.pdf,.pdf
cv_00556,cv,CHEF,raw/cv/CHEF/cv_00556.pdf,C:\Users\YassineSBOUI\Downloads\CV\CHEF\19951766.pdf,.pdf
cv_00557,cv,FITNESS,raw/cv/FITNESS/cv_00557.pdf,C:\Users\YassineSBOUI\Downloads\CV\FITNESS\26459032.pdf,.pdf
cv_00558,cv,CONSTRUCTION,raw/cv/CONSTRUCTION/cv_00558.pdf,C:\Users\YassineSBOUI\Downloads\CV\CONSTRUCTION\19928941.pdf,.pdf
cv_00559,cv,CONSULTANT,raw/cv/CONSULTANT/cv_00559.pdf,C:\Users\YassineSBOUI\Downloads\CV\CONSULTANT\11333660.pdf,.pdf
cv_00560,cv,ADVOCATE,raw/cv/ADVOCATE/cv_00560.pdf,C:\Users\YassineSBOUI\Downloads\CV\ADVOCATE\19108760.pdf,.pdf
cv_00561,cv,HEALTHCARE,raw/cv/HEALTHCARE/cv_00561.pdf,C:\Users\YassineSBOUI\Downloads\CV\HEALTHCARE\54934269.pdf,.pdf
cv_00562,cv,BUSINESS-DEVELOPMENT,raw/cv/BUSINESS-DEVELOPMENT/cv_00562.pdf,C:\Users\YassineSBOUI\Downloads\CV\BUSINESS-DEVELOPMENT\22423839.pdf,.pdf
cv_00563,cv,INFORMATION-TECHNOLOGY,raw/cv/INFORMATION-TECHNOLOGY/cv_00563.pdf,C:\Users\YassineSBOUI\Downloads\CV\INFORMATION-TECHNOLOGY\13405733.pdf,.pdf
cv_00564,cv,BUSINESS-DEVELOPMENT,raw/cv/BUSINESS-DEVELOPMENT/cv_00564.pdf,C:\Users\YassineSBOUI\Downloads\CV\BUSINESS-DEVELOPMENT\10501991.pdf,.pdf
cv_00565,cv,BANKING,raw/cv/BANKING/cv_00565.pdf,C:\Users\YassineSBOUI\Downloads\CV\BANKING\3547447.pdf,.pdf
cv_00566,cv,DIGITAL-MEDIA,raw/cv/DIGITAL-MEDIA/cv_00566.pdf,C:\Users\YassineSBOUI\Downloads\CV\DIGITAL-MEDIA\62700506.pdf,.pdf
cv_00567,cv,DIGITAL-MEDIA,raw/cv/DIGITAL-MEDIA/cv_00567.pdf,C:\Users\YassineSBOUI\Downloads\CV\DIGITAL-MEDIA\58915642.pdf,.pdf
cv_00568,cv,SALES,raw/cv/SALES/cv_00568.pdf,C:\Users\YassineSBOUI\Downloads\CV\SALES\29805310.pdf,.pdf
cv_00569,cv,TEACHER,raw/cv/TEACHER/cv_00569.pdf,C:\Users\YassineSBOUI\Downloads\CV\TEACHER\76196367.pdf,.pdf
cv_00570,cv,CONSTRUCTION,raw/cv/CONSTRUCTION/cv_00570.pdf,C:\Users\YassineSBOUI\Downloads\CV\CONSTRUCTION\32025286.pdf,.pdf
cv_00571,cv,DIGITAL-MEDIA,raw/cv/DIGITAL-MEDIA/cv_00571.pdf,C:\Users\YassineSBOUI\Downloads\CV\DIGITAL-MEDIA\11677012.pdf,.pdf
cv_00572,cv,HEALTHCARE,raw/cv/HEALTHCARE/cv_00572.pdf,C:\Users\YassineSBOUI\Downloads\CV\HEALTHCARE\23918545.pdf,.pdf
cv_00573,cv,TEACHER,raw/cv/TEACHER/cv_00573.pdf,C:\Users\YassineSBOUI\Downloads\CV\TEACHER\69005326.pdf,.pdf
cv_00574,cv,PUBLIC-RELATIONS,raw/cv/PUBLIC-RELATIONS/cv_00574.pdf,C:\Users\YassineSBOUI\Downloads\CV\PUBLIC-RELATIONS\29525715.pdf,.pdf
cv_00575,cv,ENGINEERING,raw/cv/ENGINEERING/cv_00575.pdf,C:\Users\YassineSBOUI\Downloads\CV\ENGINEERING\64468610.pdf,.pdf
cv_00576,cv,DIGITAL-MEDIA,raw/cv/DIGITAL-MEDIA/cv_00576.pdf,C:\Users\YassineSBOUI\Downloads\CV\DIGITAL-MEDIA\56952849.pdf,.pdf
cv_00577,cv,BANKING,raw/cv/BANKING/cv_00577.pdf,C:\Users\YassineSBOUI\Downloads\CV\BANKING\18172739.pdf,.pdf
cv_00578,cv,ACCOUNTANT,raw/cv/ACCOUNTANT/cv_00578.pdf,C:\Users\YassineSBOUI\Downloads\CV\ACCOUNTANT\39674178.pdf,.pdf
cv_00579,cv,TEACHER,raw/cv/TEACHER/cv_00579.pdf,C:\Users\YassineSBOUI\Downloads\CV\TEACHER\21550454.pdf,.pdf
cv_00580,cv,BUSINESS-DEVELOPMENT,raw/cv/BUSINESS-DEVELOPMENT/cv_00580.pdf,C:\Users\YassineSBOUI\Downloads\CV\BUSINESS-DEVELOPMENT\47067533.pdf,.pdf
cv_00581,cv,FITNESS,raw/cv/FITNESS/cv_00581.pdf,C:\Users\YassineSBOUI\Downloads\CV\FITNESS\62870550.pdf,.pdf
cv_00582,cv,HEALTHCARE,raw/cv/HEALTHCARE/cv_00582.pdf,C:\Users\YassineSBOUI\Downloads\CV\HEALTHCARE\36868767.pdf,.pdf
cv_00583,cv,DIGITAL-MEDIA,raw/cv/DIGITAL-MEDIA/cv_00583.pdf,C:\Users\YassineSBOUI\Downloads\CV\DIGITAL-MEDIA\17584743.pdf,.pdf
cv_00584,cv,HEALTHCARE,raw/cv/HEALTHCARE/cv_00584.pdf,C:\Users\YassineSBOUI\Downloads\CV\HEALTHCARE\22008817.pdf,.pdf
cv_00585,cv,DIGITAL-MEDIA,raw/cv/DIGITAL-MEDIA/cv_00585.pdf,C:\Users\YassineSBOUI\Downloads\CV\DIGITAL-MEDIA\27419236.pdf,.pdf
cv_00586,cv,ACCOUNTANT,raw/cv/ACCOUNTANT/cv_00586.pdf,C:\Users\YassineSBOUI\Downloads\CV\ACCOUNTANT\23387174.pdf,.pdf
cv_00587,cv,AVIATION,raw/cv/AVIATION/cv_00587.pdf,C:\Users\YassineSBOUI\Downloads\CV\AVIATION\16833515.pdf,.pdf
cv_00588,cv,FITNESS,raw/cv/FITNESS/cv_00588.pdf,C:\Users\YassineSBOUI\Downloads\CV\FITNESS\13367322.pdf,.pdf
cv_00589,cv,DIGITAL-MEDIA,raw/cv/DIGITAL-MEDIA/cv_00589.pdf,C:\Users\YassineSBOUI\Downloads\CV\DIGITAL-MEDIA\17132168.pdf,.pdf
cv_00590,cv,PUBLIC-RELATIONS,raw/cv/PUBLIC-RELATIONS/cv_00590.pdf,C:\Users\YassineSBOUI\Downloads\CV\PUBLIC-RELATIONS\19929506.pdf,.pdf
cv_00591,cv,AUTOMOBILE,raw/cv/AUTOMOBILE/cv_00591.pdf,C:\Users\YassineSBOUI\Downloads\CV\AUTOMOBILE\18448085.pdf,.pdf
cv_00592,cv,PUBLIC-RELATIONS,raw/cv/PUBLIC-RELATIONS/cv_00592.pdf,C:\Users\YassineSBOUI\Downloads\CV\PUBLIC-RELATIONS\28290448.pdf,.pdf
cv_00593,cv,ACCOUNTANT,raw/cv/ACCOUNTANT/cv_00593.pdf,C:\Users\YassineSBOUI\Downloads\CV\ACCOUNTANT\12202337.pdf,.pdf
cv_00594,cv,ADVOCATE,raw/cv/ADVOCATE/cv_00594.pdf,C:\Users\YassineSBOUI\Downloads\CV\ADVOCATE\11174187.pdf,.pdf
cv_00595,cv,AUTOMOBILE,raw/cv/AUTOMOBILE/cv_00595.pdf,C:\Users\YassineSBOUI\Downloads\CV\AUTOMOBILE\32069695.pdf,.pdf
cv_00596,cv,TEACHER,raw/cv/TEACHER/cv_00596.pdf,C:\Users\YassineSBOUI\Downloads\CV\TEACHER\90363254.pdf,.pdf
cv_00597,cv,HEALTHCARE,raw/cv/HEALTHCARE/cv_00597.pdf,C:\Users\YassineSBOUI\Downloads\CV\HEALTHCARE\11605833.pdf,.pdf
cv_00598,cv,AUTOMOBILE,raw/cv/AUTOMOBILE/cv_00598.pdf,C:\Users\YassineSBOUI\Downloads\CV\AUTOMOBILE\91515108.pdf,.pdf
cv_00599,cv,PUBLIC-RELATIONS,raw/cv/PUBLIC-RELATIONS/cv_00599.pdf,C:\Users\YassineSBOUI\Downloads\CV\PUBLIC-RELATIONS\16620172.pdf,.pdf
cv_00600,cv,FITNESS,raw/cv/FITNESS/cv_00600.pdf,C:\Users\YassineSBOUI\Downloads\CV\FITNESS\27974588.pdf,.pdf
cv_00601,cv,BUSINESS-DEVELOPMENT,raw/cv/BUSINESS-DEVELOPMENT/cv_00601.pdf,C:\Users\YassineSBOUI\Downloads\CV\BUSINESS-DEVELOPMENT\16846478.pdf,.pdf
cv_00602,cv,FITNESS,raw/cv/FITNESS/cv_00602.pdf,C:\Users\YassineSBOUI\Downloads\CV\FITNESS\19938081.pdf,.pdf
cv_00603,cv,PUBLIC-RELATIONS,raw/cv/PUBLIC-RELATIONS/cv_00603.pdf,C:\Users\YassineSBOUI\Downloads\CV\PUBLIC-RELATIONS\15917885.pdf,.pdf
cv_00604,cv,FITNESS,raw/cv/FITNESS/cv_00604.pdf,C:\Users\YassineSBOUI\Downloads\CV\FITNESS\10816645.pdf,.pdf
cv_00605,cv,ARTS,raw/cv/ARTS/cv_00605.pdf,C:\Users\YassineSBOUI\Downloads\CV\ARTS\12413512.pdf,.pdf
cv_00606,cv,AVIATION,raw/cv/AVIATION/cv_00606.pdf,C:\Users\YassineSBOUI\Downloads\CV\AVIATION\38989376.pdf,.pdf
cv_00607,cv,SALES,raw/cv/SALES/cv_00607.pdf,C:\Users\YassineSBOUI\Downloads\CV\SALES\18885231.pdf,.pdf
cv_00608,cv,ARTS,raw/cv/ARTS/cv_00608.pdf,C:\Users\YassineSBOUI\Downloads\CV\ARTS\36758947.pdf,.pdf
cv_00609,cv,CONSULTANT,raw/cv/CONSULTANT/cv_00609.pdf,C:\Users\YassineSBOUI\Downloads\CV\CONSULTANT\25213006.pdf,.pdf
cv_00610,cv,FITNESS,raw/cv/FITNESS/cv_00610.pdf,C:\Users\YassineSBOUI\Downloads\CV\FITNESS\10969918.pdf,.pdf
cv_00611,cv,ENGINEERING,raw/cv/ENGINEERING/cv_00611.pdf,C:\Users\YassineSBOUI\Downloads\CV\ENGINEERING\39855211.pdf,.pdf
cv_00612,cv,DESIGNER,raw/cv/DESIGNER/cv_00612.pdf,C:\Users\YassineSBOUI\Downloads\CV\DESIGNER\51018476.pdf,.pdf
cv_00613,cv,CONSTRUCTION,raw/cv/CONSTRUCTION/cv_00613.pdf,C:\Users\YassineSBOUI\Downloads\CV\CONSTRUCTION\28942221.pdf,.pdf
cv_00614,cv,CONSTRUCTION,raw/cv/CONSTRUCTION/cv_00614.pdf,C:\Users\YassineSBOUI\Downloads\CV\CONSTRUCTION\12666174.pdf,.pdf
cv_00615,cv,HR,raw/cv/HR/cv_00615.pdf,C:\Users\YassineSBOUI\Downloads\CV\HR\17812897.pdf,.pdf
cv_00616,cv,DIGITAL-MEDIA,raw/cv/DIGITAL-MEDIA/cv_00616.pdf,C:\Users\YassineSBOUI\Downloads\CV\DIGITAL-MEDIA\27921561.pdf,.pdf
cv_00617,cv,APPAREL,raw/cv/APPAREL/cv_00617.pdf,C:\Users\YassineSBOUI\Downloads\CV\APPAREL\21807211.pdf,.pdf
cv_00618,cv,BUSINESS-DEVELOPMENT,raw/cv/BUSINESS-DEVELOPMENT/cv_00618.pdf,C:\Users\YassineSBOUI\Downloads\CV\BUSINESS-DEVELOPMENT\29825044.pdf,.pdf
cv_00619,cv,PUBLIC-RELATIONS,raw/cv/PUBLIC-RELATIONS/cv_00619.pdf,C:\Users\YassineSBOUI\Downloads\CV\PUBLIC-RELATIONS\25413261.pdf,.pdf
cv_00620,cv,PUBLIC-RELATIONS,raw/cv/PUBLIC-RELATIONS/cv_00620.pdf,C:\Users\YassineSBOUI\Downloads\CV\PUBLIC-RELATIONS\31392754.pdf,.pdf
cv_00621,cv,BANKING,raw/cv/BANKING/cv_00621.pdf,C:\Users\YassineSBOUI\Downloads\CV\BANKING\22615491.pdf,.pdf
cv_00622,cv,BPO,raw/cv/BPO/cv_00622.pdf,C:\Users\YassineSBOUI\Downloads\CV\BPO\41152404.pdf,.pdf
cv_00623,cv,BPO,raw/cv/BPO/cv_00623.pdf,C:\Users\YassineSBOUI\Downloads\CV\BPO\89512321.pdf,.pdf
cv_00624,cv,PUBLIC-RELATIONS,raw/cv/PUBLIC-RELATIONS/cv_00624.pdf,C:\Users\YassineSBOUI\Downloads\CV\PUBLIC-RELATIONS\11842274.pdf,.pdf
cv_00625,cv,CHEF,raw/cv/CHEF/cv_00625.pdf,C:\Users\YassineSBOUI\Downloads\CV\CHEF\21904897.pdf,.pdf
cv_00626,cv,CONSULTANT,raw/cv/CONSULTANT/cv_00626.pdf,C:\Users\YassineSBOUI\Downloads\CV\CONSULTANT\27788376.pdf,.pdf
cv_00627,cv,HEALTHCARE,raw/cv/HEALTHCARE/cv_00627.pdf,C:\Users\YassineSBOUI\Downloads\CV\HEALTHCARE\75744306.pdf,.pdf
cv_00628,cv,DESIGNER,raw/cv/DESIGNER/cv_00628.pdf,C:\Users\YassineSBOUI\Downloads\CV\DESIGNER\26942552.pdf,.pdf
cv_00629,cv,ADVOCATE,raw/cv/ADVOCATE/cv_00629.pdf,C:\Users\YassineSBOUI\Downloads\CV\ADVOCATE\25873425.pdf,.pdf
cv_00630,cv,ARTS,raw/cv/ARTS/cv_00630.pdf,C:\Users\YassineSBOUI\Downloads\CV\ARTS\18586076.pdf,.pdf
cv_00631,cv,HEALTHCARE,raw/cv/HEALTHCARE/cv_00631.pdf,C:\Users\YassineSBOUI\Downloads\CV\HEALTHCARE\31926950.pdf,.pdf
cv_00632,cv,CONSULTANT,raw/cv/CONSULTANT/cv_00632.pdf,C:\Users\YassineSBOUI\Downloads\CV\CONSULTANT\93459677.pdf,.pdf
cv_00633,cv,CHEF,raw/cv/CHEF/cv_00633.pdf,C:\Users\YassineSBOUI\Downloads\CV\CHEF\30128072.pdf,.pdf
cv_00634,cv,BANKING,raw/cv/BANKING/cv_00634.pdf,C:\Users\YassineSBOUI\Downloads\CV\BANKING\29839396.pdf,.pdf
cv_00635,cv,CONSTRUCTION,raw/cv/CONSTRUCTION/cv_00635.pdf,C:\Users\YassineSBOUI\Downloads\CV\CONSTRUCTION\28949406.pdf,.pdf
cv_00636,cv,BANKING,raw/cv/BANKING/cv_00636.pdf,C:\Users\YassineSBOUI\Downloads\CV\BANKING\19920687.pdf,.pdf
cv_00637,cv,PUBLIC-RELATIONS,raw/cv/PUBLIC-RELATIONS/cv_00637.pdf,C:\Users\YassineSBOUI\Downloads\CV\PUBLIC-RELATIONS\93828034.pdf,.pdf
cv_00638,cv,APPAREL,raw/cv/APPAREL/cv_00638.pdf,C:\Users\YassineSBOUI\Downloads\CV\APPAREL\54308684.pdf,.pdf
cv_00639,cv,FITNESS,raw/cv/FITNESS/cv_00639.pdf,C:\Users\YassineSBOUI\Downloads\CV\FITNESS\25838512.pdf,.pdf
cv_00640,cv,DESIGNER,raw/cv/DESIGNER/cv_00640.pdf,C:\Users\YassineSBOUI\Downloads\CV\DESIGNER\15936656.pdf,.pdf
cv_00641,cv,BUSINESS-DEVELOPMENT,raw/cv/BUSINESS-DEVELOPMENT/cv_00641.pdf,C:\Users\YassineSBOUI\Downloads\CV\BUSINESS-DEVELOPMENT\27850777.pdf,.pdf
cv_00642,cv,BANKING,raw/cv/BANKING/cv_00642.pdf,C:\Users\YassineSBOUI\Downloads\CV\BANKING\10909673.pdf,.pdf
cv_00643,cv,FITNESS,raw/cv/FITNESS/cv_00643.pdf,C:\Users\YassineSBOUI\Downloads\CV\FITNESS\31042953.pdf,.pdf
cv_00644,cv,CONSTRUCTION,raw/cv/CONSTRUCTION/cv_00644.pdf,C:\Users\YassineSBOUI\Downloads\CV\CONSTRUCTION\56525735.pdf,.pdf
cv_00645,cv,CHEF,raw/cv/CHEF/cv_00645.pdf,C:\Users\YassineSBOUI\Downloads\CV\CHEF\21511817.pdf,.pdf
cv_00646,cv,ACCOUNTANT,raw/cv/ACCOUNTANT/cv_00646.pdf,C:\Users\YassineSBOUI\Downloads\CV\ACCOUNTANT\13491889.pdf,.pdf
cv_00647,cv,HEALTHCARE,raw/cv/HEALTHCARE/cv_00647.pdf,C:\Users\YassineSBOUI\Downloads\CV\HEALTHCARE\31395710.pdf,.pdf
cv_00648,cv,HR,raw/cv/HR/cv_00648.pdf,C:\Users\YassineSBOUI\Downloads\CV\HR\21265194.pdf,.pdf
cv_00649,cv,AVIATION,raw/cv/AVIATION/cv_00649.pdf,C:\Users\YassineSBOUI\Downloads\CV\AVIATION\15618327.pdf,.pdf
cv_00650,cv,ENGINEERING,raw/cv/ENGINEERING/cv_00650.pdf,C:\Users\YassineSBOUI\Downloads\CV\ENGINEERING\19612167.pdf,.pdf
cv_00651,cv,CHEF,raw/cv/CHEF/cv_00651.pdf,C:\Users\YassineSBOUI\Downloads\CV\CHEF\16924102.pdf,.pdf
cv_00652,cv,CONSTRUCTION,raw/cv/CONSTRUCTION/cv_00652.pdf,C:\Users\YassineSBOUI\Downloads\CV\CONSTRUCTION\34544955.pdf,.pdf
cv_00653,cv,ARTS,raw/cv/ARTS/cv_00653.pdf,C:\Users\YassineSBOUI\Downloads\CV\ARTS\38115035.pdf,.pdf
cv_00654,cv,ACCOUNTANT,raw/cv/ACCOUNTANT/cv_00654.pdf,C:\Users\YassineSBOUI\Downloads\CV\ACCOUNTANT\11759079.pdf,.pdf
cv_00655,cv,CHEF,raw/cv/CHEF/cv_00655.pdf,C:\Users\YassineSBOUI\Downloads\CV\CHEF\11121498.pdf,.pdf
cv_00656,cv,FITNESS,raw/cv/FITNESS/cv_00656.pdf,C:\Users\YassineSBOUI\Downloads\CV\FITNESS\22855060.pdf,.pdf
cv_00657,cv,AVIATION,raw/cv/AVIATION/cv_00657.pdf,C:\Users\YassineSBOUI\Downloads\CV\AVIATION\22442947.pdf,.pdf
cv_00658,cv,FITNESS,raw/cv/FITNESS/cv_00658.pdf,C:\Users\YassineSBOUI\Downloads\CV\FITNESS\23004695.pdf,.pdf
cv_00659,cv,SALES,raw/cv/SALES/cv_00659.pdf,C:\Users\YassineSBOUI\Downloads\CV\SALES\98509238.pdf,.pdf
cv_00660,cv,ARTS,raw/cv/ARTS/cv_00660.pdf,C:\Users\YassineSBOUI\Downloads\CV\ARTS\27024099.pdf,.pdf
cv_00661,cv,CONSTRUCTION,raw/cv/CONSTRUCTION/cv_00661.pdf,C:\Users\YassineSBOUI\Downloads\CV\CONSTRUCTION\12839152.pdf,.pdf
cv_00662,cv,FITNESS,raw/cv/FITNESS/cv_00662.pdf,C:\Users\YassineSBOUI\Downloads\CV\FITNESS\20457611.pdf,.pdf
cv_00663,cv,APPAREL,raw/cv/APPAREL/cv_00663.pdf,C:\Users\YassineSBOUI\Downloads\CV\APPAREL\26829561.pdf,.pdf
cv_00664,cv,PUBLIC-RELATIONS,raw/cv/PUBLIC-RELATIONS/cv_00664.pdf,C:\Users\YassineSBOUI\Downloads\CV\PUBLIC-RELATIONS\23015611.pdf,.pdf
cv_00665,cv,ARTS,raw/cv/ARTS/cv_00665.pdf,C:\Users\YassineSBOUI\Downloads\CV\ARTS\99561379.pdf,.pdf
cv_00666,cv,ENGINEERING,raw/cv/ENGINEERING/cv_00666.pdf,C:\Users\YassineSBOUI\Downloads\CV\ENGINEERING\28078163.pdf,.pdf
cv_00667,cv,FITNESS,raw/cv/FITNESS/cv_00667.pdf,C:\Users\YassineSBOUI\Downloads\CV\FITNESS\19599699.pdf,.pdf
cv_00668,cv,BANKING,raw/cv/BANKING/cv_00668.pdf,C:\Users\YassineSBOUI\Downloads\CV\BANKING\24580361.pdf,.pdf
cv_00669,cv,INFORMATION-TECHNOLOGY,raw/cv/INFORMATION-TECHNOLOGY/cv_00669.pdf,C:\Users\YassineSBOUI\Downloads\CV\INFORMATION-TECHNOLOGY\20408458.pdf,.pdf
cv_00670,cv,BUSINESS-DEVELOPMENT,raw/cv/BUSINESS-DEVELOPMENT/cv_00670.pdf,C:\Users\YassineSBOUI\Downloads\CV\BUSINESS-DEVELOPMENT\79759716.pdf,.pdf
cv_00671,cv,AGRICULTURE,raw/cv/AGRICULTURE/cv_00671.pdf,C:\Users\YassineSBOUI\Downloads\CV\AGRICULTURE\12674256.pdf,.pdf
cv_00672,cv,INFORMATION-TECHNOLOGY,raw/cv/INFORMATION-TECHNOLOGY/cv_00672.pdf,C:\Users\YassineSBOUI\Downloads\CV\INFORMATION-TECHNOLOGY\20024870.pdf,.pdf
cv_00673,cv,CHEF,raw/cv/CHEF/cv_00673.pdf,C:\Users\YassineSBOUI\Downloads\CV\CHEF\10276858.pdf,.pdf
cv_00674,cv,AVIATION,raw/cv/AVIATION/cv_00674.pdf,C:\Users\YassineSBOUI\Downloads\CV\AVIATION\28186635.pdf,.pdf
cv_00675,cv,INFORMATION-TECHNOLOGY,raw/cv/INFORMATION-TECHNOLOGY/cv_00675.pdf,C:\Users\YassineSBOUI\Downloads\CV\INFORMATION-TECHNOLOGY\29975124.pdf,.pdf
cv_00676,cv,ARTS,raw/cv/ARTS/cv_00676.pdf,C:\Users\YassineSBOUI\Downloads\CV\ARTS\27715131.pdf,.pdf
cv_00677,cv,BANKING,raw/cv/BANKING/cv_00677.pdf,C:\Users\YassineSBOUI\Downloads\CV\BANKING\20992320.pdf,.pdf
cv_00678,cv,ENGINEERING,raw/cv/ENGINEERING/cv_00678.pdf,C:\Users\YassineSBOUI\Downloads\CV\ENGINEERING\14049846.pdf,.pdf
cv_00679,cv,ACCOUNTANT,raw/cv/ACCOUNTANT/cv_00679.pdf,C:\Users\YassineSBOUI\Downloads\CV\ACCOUNTANT\15592167.pdf,.pdf
cv_00680,cv,ENGINEERING,raw/cv/ENGINEERING/cv_00680.pdf,C:\Users\YassineSBOUI\Downloads\CV\ENGINEERING\14206561.pdf,.pdf
cv_00681,cv,ADVOCATE,raw/cv/ADVOCATE/cv_00681.pdf,C:\Users\YassineSBOUI\Downloads\CV\ADVOCATE\19234823.pdf,.pdf
cv_00682,cv,FINANCE,raw/cv/FINANCE/cv_00682.pdf,C:\Users\YassineSBOUI\Downloads\CV\FINANCE\14413148.pdf,.pdf
cv_00683,cv,CHEF,raw/cv/CHEF/cv_00683.pdf,C:\Users\YassineSBOUI\Downloads\CV\CHEF\13264154.pdf,.pdf
cv_00684,cv,CHEF,raw/cv/CHEF/cv_00684.pdf,C:\Users\YassineSBOUI\Downloads\CV\CHEF\15354126.pdf,.pdf
cv_00685,cv,DIGITAL-MEDIA,raw/cv/DIGITAL-MEDIA/cv_00685.pdf,C:\Users\YassineSBOUI\Downloads\CV\DIGITAL-MEDIA\14771530.pdf,.pdf
cv_00686,cv,FINANCE,raw/cv/FINANCE/cv_00686.pdf,C:\Users\YassineSBOUI\Downloads\CV\FINANCE\66741193.pdf,.pdf
cv_00687,cv,HR,raw/cv/HR/cv_00687.pdf,C:\Users\YassineSBOUI\Downloads\CV\HR\27523575.pdf,.pdf
cv_00688,cv,INFORMATION-TECHNOLOGY,raw/cv/INFORMATION-TECHNOLOGY/cv_00688.pdf,C:\Users\YassineSBOUI\Downloads\CV\INFORMATION-TECHNOLOGY\46260230.pdf,.pdf
cv_00689,cv,BANKING,raw/cv/BANKING/cv_00689.pdf,C:\Users\YassineSBOUI\Downloads\CV\BANKING\21297521.pdf,.pdf
cv_00690,cv,FITNESS,raw/cv/FITNESS/cv_00690.pdf,C:\Users\YassineSBOUI\Downloads\CV\FITNESS\30990885.pdf,.pdf
cv_00691,cv,AVIATION,raw/cv/AVIATION/cv_00691.pdf,C:\Users\YassineSBOUI\Downloads\CV\AVIATION\28383893.pdf,.pdf
cv_00692,cv,AUTOMOBILE,raw/cv/AUTOMOBILE/cv_00692.pdf,C:\Users\YassineSBOUI\Downloads\CV\AUTOMOBILE\11887930.pdf,.pdf
cv_00693,cv,ACCOUNTANT,raw/cv/ACCOUNTANT/cv_00693.pdf,C:\Users\YassineSBOUI\Downloads\CV\ACCOUNTANT\27558837.pdf,.pdf
cv_00694,cv,CONSTRUCTION,raw/cv/CONSTRUCTION/cv_00694.pdf,C:\Users\YassineSBOUI\Downloads\CV\CONSTRUCTION\29894080.pdf,.pdf
cv_00695,cv,ACCOUNTANT,raw/cv/ACCOUNTANT/cv_00695.pdf,C:\Users\YassineSBOUI\Downloads\CV\ACCOUNTANT\42487883.pdf,.pdf
cv_00696,cv,APPAREL,raw/cv/APPAREL/cv_00696.pdf,C:\Users\YassineSBOUI\Downloads\CV\APPAREL\13386301.pdf,.pdf
cv_00697,cv,CONSULTANT,raw/cv/CONSULTANT/cv_00697.pdf,C:\Users\YassineSBOUI\Downloads\CV\CONSULTANT\14517953.pdf,.pdf
cv_00698,cv,FITNESS,raw/cv/FITNESS/cv_00698.pdf,C:\Users\YassineSBOUI\Downloads\CV\FITNESS\32636041.pdf,.pdf
cv_00699,cv,FINANCE,raw/cv/FINANCE/cv_00699.pdf,C:\Users\YassineSBOUI\Downloads\CV\FINANCE\26013403.pdf,.pdf
cv_00700,cv,ARTS,raw/cv/ARTS/cv_00700.pdf,C:\Users\YassineSBOUI\Downloads\CV\ARTS\83206166.pdf,.pdf
cv_00701,cv,HEALTHCARE,raw/cv/HEALTHCARE/cv_00701.pdf,C:\Users\YassineSBOUI\Downloads\CV\HEALTHCARE\18784594.pdf,.pdf
cv_00702,cv,ARTS,raw/cv/ARTS/cv_00702.pdf,C:\Users\YassineSBOUI\Downloads\CV\ARTS\39064638.pdf,.pdf
cv_00703,cv,AVIATION,raw/cv/AVIATION/cv_00703.pdf,C:\Users\YassineSBOUI\Downloads\CV\AVIATION\22650051.pdf,.pdf
cv_00704,cv,BANKING,raw/cv/BANKING/cv_00704.pdf,C:\Users\YassineSBOUI\Downloads\CV\BANKING\21645690.pdf,.pdf
cv_00705,cv,PUBLIC-RELATIONS,raw/cv/PUBLIC-RELATIONS/cv_00705.pdf,C:\Users\YassineSBOUI\Downloads\CV\PUBLIC-RELATIONS\21321598.pdf,.pdf
cv_00706,cv,AVIATION,raw/cv/AVIATION/cv_00706.pdf,C:\Users\YassineSBOUI\Downloads\CV\AVIATION\34419403.pdf,.pdf
cv_00707,cv,ADVOCATE,raw/cv/ADVOCATE/cv_00707.pdf,C:\Users\YassineSBOUI\Downloads\CV\ADVOCATE\18725071.pdf,.pdf
cv_00708,cv,SALES,raw/cv/SALES/cv_00708.pdf,C:\Users\YassineSBOUI\Downloads\CV\SALES\79376680.pdf,.pdf
cv_00709,cv,PUBLIC-RELATIONS,raw/cv/PUBLIC-RELATIONS/cv_00709.pdf,C:\Users\YassineSBOUI\Downloads\CV\PUBLIC-RELATIONS\11902276.pdf,.pdf
cv_00710,cv,SALES,raw/cv/SALES/cv_00710.pdf,C:\Users\YassineSBOUI\Downloads\CV\SALES\15581242.pdf,.pdf
cv_00711,cv,APPAREL,raw/cv/APPAREL/cv_00711.pdf,C:\Users\YassineSBOUI\Downloads\CV\APPAREL\23719943.pdf,.pdf
cv_00712,cv,BANKING,raw/cv/BANKING/cv_00712.pdf,C:\Users\YassineSBOUI\Downloads\CV\BANKING\34953092.pdf,.pdf
cv_00713,cv,FITNESS,raw/cv/FITNESS/cv_00713.pdf,C:\Users\YassineSBOUI\Downloads\CV\FITNESS\27084878.pdf,.pdf
cv_00714,cv,BUSINESS-DEVELOPMENT,raw/cv/BUSINESS-DEVELOPMENT/cv_00714.pdf,C:\Users\YassineSBOUI\Downloads\CV\BUSINESS-DEVELOPMENT\14070138.pdf,.pdf
cv_00715,cv,BANKING,raw/cv/BANKING/cv_00715.pdf,C:\Users\YassineSBOUI\Downloads\CV\BANKING\87867370.pdf,.pdf
cv_00716,cv,HEALTHCARE,raw/cv/HEALTHCARE/cv_00716.pdf,C:\Users\YassineSBOUI\Downloads\CV\HEALTHCARE\95011061.pdf,.pdf
cv_00717,cv,ENGINEERING,raw/cv/ENGINEERING/cv_00717.pdf,C:\Users\YassineSBOUI\Downloads\CV\ENGINEERING\55595908.pdf,.pdf
cv_00718,cv,SALES,raw/cv/SALES/cv_00718.pdf,C:\Users\YassineSBOUI\Downloads\CV\SALES\30608780.pdf,.pdf
cv_00719,cv,SALES,raw/cv/SALES/cv_00719.pdf,C:\Users\YassineSBOUI\Downloads\CV\SALES\13178604.pdf,.pdf
cv_00720,cv,TEACHER,raw/cv/TEACHER/cv_00720.pdf,C:\Users\YassineSBOUI\Downloads\CV\TEACHER\29486525.pdf,.pdf
cv_00721,cv,FINANCE,raw/cv/FINANCE/cv_00721.pdf,C:\Users\YassineSBOUI\Downloads\CV\FINANCE\25101183.pdf,.pdf
cv_00722,cv,BUSINESS-DEVELOPMENT,raw/cv/BUSINESS-DEVELOPMENT/cv_00722.pdf,C:\Users\YassineSBOUI\Downloads\CV\BUSINESS-DEVELOPMENT\59696315.pdf,.pdf
cv_00723,cv,SALES,raw/cv/SALES/cv_00723.pdf,C:\Users\YassineSBOUI\Downloads\CV\SALES\29211919.pdf,.pdf
cv_00724,cv,ARTS,raw/cv/ARTS/cv_00724.pdf,C:\Users\YassineSBOUI\Downloads\CV\ARTS\16244633.pdf,.pdf
cv_00725,cv,AGRICULTURE,raw/cv/AGRICULTURE/cv_00725.pdf,C:\Users\YassineSBOUI\Downloads\CV\AGRICULTURE\38216888.pdf,.pdf
cv_00726,cv,ACCOUNTANT,raw/cv/ACCOUNTANT/cv_00726.pdf,C:\Users\YassineSBOUI\Downloads\CV\ACCOUNTANT\36425270.pdf,.pdf
cv_00727,cv,ARTS,raw/cv/ARTS/cv_00727.pdf,C:\Users\YassineSBOUI\Downloads\CV\ARTS\53227466.pdf,.pdf
cv_00728,cv,DIGITAL-MEDIA,raw/cv/DIGITAL-MEDIA/cv_00728.pdf,C:\Users\YassineSBOUI\Downloads\CV\DIGITAL-MEDIA\13343786.pdf,.pdf
cv_00729,cv,PUBLIC-RELATIONS,raw/cv/PUBLIC-RELATIONS/cv_00729.pdf,C:\Users\YassineSBOUI\Downloads\CV\PUBLIC-RELATIONS\12920612.pdf,.pdf
cv_00730,cv,INFORMATION-TECHNOLOGY,raw/cv/INFORMATION-TECHNOLOGY/cv_00730.pdf,C:\Users\YassineSBOUI\Downloads\CV\INFORMATION-TECHNOLOGY\25207620.pdf,.pdf
cv_00731,cv,APPAREL,raw/cv/APPAREL/cv_00731.pdf,C:\Users\YassineSBOUI\Downloads\CV\APPAREL\11677077.pdf,.pdf
cv_00732,cv,ADVOCATE,raw/cv/ADVOCATE/cv_00732.pdf,C:\Users\YassineSBOUI\Downloads\CV\ADVOCATE\29926588.pdf,.pdf
cv_00733,cv,ARTS,raw/cv/ARTS/cv_00733.pdf,C:\Users\YassineSBOUI\Downloads\CV\ARTS\54180474.pdf,.pdf
cv_00734,cv,CONSULTANT,raw/cv/CONSULTANT/cv_00734.pdf,C:\Users\YassineSBOUI\Downloads\CV\CONSULTANT\28243590.pdf,.pdf
cv_00735,cv,BANKING,raw/cv/BANKING/cv_00735.pdf,C:\Users\YassineSBOUI\Downloads\CV\BANKING\20850529.pdf,.pdf
cv_00736,cv,SALES,raw/cv/SALES/cv_00736.pdf,C:\Users\YassineSBOUI\Downloads\CV\SALES\23760084.pdf,.pdf
cv_00737,cv,BPO,raw/cv/BPO/cv_00737.pdf,C:\Users\YassineSBOUI\Downloads\CV\BPO\24727739.pdf,.pdf
cv_00738,cv,SALES,raw/cv/SALES/cv_00738.pdf,C:\Users\YassineSBOUI\Downloads\CV\SALES\12082377.pdf,.pdf
cv_00739,cv,INFORMATION-TECHNOLOGY,raw/cv/INFORMATION-TECHNOLOGY/cv_00739.pdf,C:\Users\YassineSBOUI\Downloads\CV\INFORMATION-TECHNOLOGY\33381211.pdf,.pdf
cv_00740,cv,ARTS,raw/cv/ARTS/cv_00740.pdf,C:\Users\YassineSBOUI\Downloads\CV\ARTS\33344933.pdf,.pdf
cv_00741,cv,ARTS,raw/cv/ARTS/cv_00741.pdf,C:\Users\YassineSBOUI\Downloads\CV\ARTS\27936502.pdf,.pdf
cv_00742,cv,PUBLIC-RELATIONS,raw/cv/PUBLIC-RELATIONS/cv_00742.pdf,C:\Users\YassineSBOUI\Downloads\CV\PUBLIC-RELATIONS\14278888.pdf,.pdf
cv_00743,cv,DESIGNER,raw/cv/DESIGNER/cv_00743.pdf,C:\Users\YassineSBOUI\Downloads\CV\DESIGNER\14743911.pdf,.pdf
cv_00744,cv,HR,raw/cv/HR/cv_00744.pdf,C:\Users\YassineSBOUI\Downloads\CV\HR\30862904.pdf,.pdf
cv_00745,cv,ACCOUNTANT,raw/cv/ACCOUNTANT/cv_00745.pdf,C:\Users\YassineSBOUI\Downloads\CV\ACCOUNTANT\78403342.pdf,.pdf
cv_00746,cv,HR,raw/cv/HR/cv_00746.pdf,C:\Users\YassineSBOUI\Downloads\CV\HR\29297973.pdf,.pdf
cv_00747,cv,HR,raw/cv/HR/cv_00747.pdf,C:\Users\YassineSBOUI\Downloads\CV\HR\15576950.pdf,.pdf
cv_00748,cv,FITNESS,raw/cv/FITNESS/cv_00748.pdf,C:\Users\YassineSBOUI\Downloads\CV\FITNESS\32517106.pdf,.pdf
cv_00749,cv,DIGITAL-MEDIA,raw/cv/DIGITAL-MEDIA/cv_00749.pdf,C:\Users\YassineSBOUI\Downloads\CV\DIGITAL-MEDIA\31162167.pdf,.pdf
cv_00750,cv,INFORMATION-TECHNOLOGY,raw/cv/INFORMATION-TECHNOLOGY/cv_00750.pdf,C:\Users\YassineSBOUI\Downloads\CV\INFORMATION-TECHNOLOGY\12045067.pdf,.pdf
cv_00751,cv,FINANCE,raw/cv/FINANCE/cv_00751.pdf,C:\Users\YassineSBOUI\Downloads\CV\FINANCE\31948488.pdf,.pdf
cv_00752,cv,ADVOCATE,raw/cv/ADVOCATE/cv_00752.pdf,C:\Users\YassineSBOUI\Downloads\CV\ADVOCATE\29173771.pdf,.pdf
cv_00753,cv,ARTS,raw/cv/ARTS/cv_00753.pdf,C:\Users\YassineSBOUI\Downloads\CV\ARTS\21060367.pdf,.pdf
cv_00754,cv,FITNESS,raw/cv/FITNESS/cv_00754.pdf,C:\Users\YassineSBOUI\Downloads\CV\FITNESS\15293959.pdf,.pdf
cv_00755,cv,AVIATION,raw/cv/AVIATION/cv_00755.pdf,C:\Users\YassineSBOUI\Downloads\CV\AVIATION\10176815.pdf,.pdf
cv_00756,cv,FITNESS,raw/cv/FITNESS/cv_00756.pdf,C:\Users\YassineSBOUI\Downloads\CV\FITNESS\10268614.pdf,.pdf
cv_00757,cv,DIGITAL-MEDIA,raw/cv/DIGITAL-MEDIA/cv_00757.pdf,C:\Users\YassineSBOUI\Downloads\CV\DIGITAL-MEDIA\40883703.pdf,.pdf
cv_00758,cv,CONSULTANT,raw/cv/CONSULTANT/cv_00758.pdf,C:\Users\YassineSBOUI\Downloads\CV\CONSULTANT\13454871.pdf,.pdf
cv_00759,cv,HEALTHCARE,raw/cv/HEALTHCARE/cv_00759.pdf,C:\Users\YassineSBOUI\Downloads\CV\HEALTHCARE\10076271.pdf,.pdf
cv_00760,cv,ACCOUNTANT,raw/cv/ACCOUNTANT/cv_00760.pdf,C:\Users\YassineSBOUI\Downloads\CV\ACCOUNTANT\23139819.pdf,.pdf
cv_00761,cv,APPAREL,raw/cv/APPAREL/cv_00761.pdf,C:\Users\YassineSBOUI\Downloads\CV\APPAREL\12122372.pdf,.pdf
cv_00762,cv,HEALTHCARE,raw/cv/HEALTHCARE/cv_00762.pdf,C:\Users\YassineSBOUI\Downloads\CV\HEALTHCARE\17864043.pdf,.pdf
cv_00763,cv,CONSULTANT,raw/cv/CONSULTANT/cv_00763.pdf,C:\Users\YassineSBOUI\Downloads\CV\CONSULTANT\39308779.pdf,.pdf
cv_00764,cv,CHEF,raw/cv/CHEF/cv_00764.pdf,C:\Users\YassineSBOUI\Downloads\CV\CHEF\30311202.pdf,.pdf
cv_00765,cv,FINANCE,raw/cv/FINANCE/cv_00765.pdf,C:\Users\YassineSBOUI\Downloads\CV\FINANCE\21912637.pdf,.pdf
cv_00766,cv,AVIATION,raw/cv/AVIATION/cv_00766.pdf,C:\Users\YassineSBOUI\Downloads\CV\AVIATION\32720816.pdf,.pdf
cv_00767,cv,ARTS,raw/cv/ARTS/cv_00767.pdf,C:\Users\YassineSBOUI\Downloads\CV\ARTS\37220856.pdf,.pdf
cv_00768,cv,FITNESS,raw/cv/FITNESS/cv_00768.pdf,C:\Users\YassineSBOUI\Downloads\CV\FITNESS\22093368.pdf,.pdf
cv_00769,cv,ACCOUNTANT,raw/cv/ACCOUNTANT/cv_00769.pdf,C:\Users\YassineSBOUI\Downloads\CV\ACCOUNTANT\16237710.pdf,.pdf
cv_00770,cv,PUBLIC-RELATIONS,raw/cv/PUBLIC-RELATIONS/cv_00770.pdf,C:\Users\YassineSBOUI\Downloads\CV\PUBLIC-RELATIONS\11850315.pdf,.pdf
cv_00771,cv,TEACHER,raw/cv/TEACHER/cv_00771.pdf,C:\Users\YassineSBOUI\Downloads\CV\TEACHER\22807104.pdf,.pdf
cv_00772,cv,AGRICULTURE,raw/cv/AGRICULTURE/cv_00772.pdf,C:\Users\YassineSBOUI\Downloads\CV\AGRICULTURE\62994611.pdf,.pdf
cv_00773,cv,BANKING,raw/cv/BANKING/cv_00773.pdf,C:\Users\YassineSBOUI\Downloads\CV\BANKING\13393401.pdf,.pdf
cv_00774,cv,CONSULTANT,raw/cv/CONSULTANT/cv_00774.pdf,C:\Users\YassineSBOUI\Downloads\CV\CONSULTANT\20574232.pdf,.pdf
cv_00775,cv,DESIGNER,raw/cv/DESIGNER/cv_00775.pdf,C:\Users\YassineSBOUI\Downloads\CV\DESIGNER\34657584.pdf,.pdf
cv_00776,cv,HEALTHCARE,raw/cv/HEALTHCARE/cv_00776.pdf,C:\Users\YassineSBOUI\Downloads\CV\HEALTHCARE\13352113.pdf,.pdf
cv_00777,cv,DESIGNER,raw/cv/DESIGNER/cv_00777.pdf,C:\Users\YassineSBOUI\Downloads\CV\DESIGNER\13014900.pdf,.pdf
cv_00778,cv,INFORMATION-TECHNOLOGY,raw/cv/INFORMATION-TECHNOLOGY/cv_00778.pdf,C:\Users\YassineSBOUI\Downloads\CV\INFORMATION-TECHNOLOGY\20001721.pdf,.pdf
cv_00779,cv,ENGINEERING,raw/cv/ENGINEERING/cv_00779.pdf,C:\Users\YassineSBOUI\Downloads\CV\ENGINEERING\81125166.pdf,.pdf
cv_00780,cv,ARTS,raw/cv/ARTS/cv_00780.pdf,C:\Users\YassineSBOUI\Downloads\CV\ARTS\22182279.pdf,.pdf
cv_00781,cv,HEALTHCARE,raw/cv/HEALTHCARE/cv_00781.pdf,C:\Users\YassineSBOUI\Downloads\CV\HEALTHCARE\29992154.pdf,.pdf
cv_00782,cv,CONSULTANT,raw/cv/CONSULTANT/cv_00782.pdf,C:\Users\YassineSBOUI\Downloads\CV\CONSULTANT\65062795.pdf,.pdf
cv_00783,cv,HEALTHCARE,raw/cv/HEALTHCARE/cv_00783.pdf,C:\Users\YassineSBOUI\Downloads\CV\HEALTHCARE\43994605.pdf,.pdf
cv_00784,cv,BUSINESS-DEVELOPMENT,raw/cv/BUSINESS-DEVELOPMENT/cv_00784.pdf,C:\Users\YassineSBOUI\Downloads\CV\BUSINESS-DEVELOPMENT\13888506.pdf,.pdf
cv_00785,cv,DESIGNER,raw/cv/DESIGNER/cv_00785.pdf,C:\Users\YassineSBOUI\Downloads\CV\DESIGNER\68240723.pdf,.pdf
cv_00786,cv,INFORMATION-TECHNOLOGY,raw/cv/INFORMATION-TECHNOLOGY/cv_00786.pdf,C:\Users\YassineSBOUI\Downloads\CV\INFORMATION-TECHNOLOGY\27372171.pdf,.pdf
cv_00787,cv,DIGITAL-MEDIA,raw/cv/DIGITAL-MEDIA/cv_00787.pdf,C:\Users\YassineSBOUI\Downloads\CV\DIGITAL-MEDIA\18442517.pdf,.pdf
cv_00788,cv,AVIATION,raw/cv/AVIATION/cv_00788.pdf,C:\Users\YassineSBOUI\Downloads\CV\AVIATION\11804712.pdf,.pdf
cv_00789,cv,DESIGNER,raw/cv/DESIGNER/cv_00789.pdf,C:\Users\YassineSBOUI\Downloads\CV\DESIGNER\29147100.pdf,.pdf
cv_00790,cv,DIGITAL-MEDIA,raw/cv/DIGITAL-MEDIA/cv_00790.pdf,C:\Users\YassineSBOUI\Downloads\CV\DIGITAL-MEDIA\22706174.pdf,.pdf
cv_00791,cv,DESIGNER,raw/cv/DESIGNER/cv_00791.pdf,C:\Users\YassineSBOUI\Downloads\CV\DESIGNER\25422388.pdf,.pdf
cv_00792,cv,ACCOUNTANT,raw/cv/ACCOUNTANT/cv_00792.pdf,C:\Users\YassineSBOUI\Downloads\CV\ACCOUNTANT\25462793.pdf,.pdf
cv_00793,cv,CHEF,raw/cv/CHEF/cv_00793.pdf,C:\Users\YassineSBOUI\Downloads\CV\CHEF\30826569.pdf,.pdf
cv_00794,cv,ARTS,raw/cv/ARTS/cv_00794.pdf,C:\Users\YassineSBOUI\Downloads\CV\ARTS\14248724.pdf,.pdf
cv_00795,cv,FITNESS,raw/cv/FITNESS/cv_00795.pdf,C:\Users\YassineSBOUI\Downloads\CV\FITNESS\89858892.pdf,.pdf
cv_00796,cv,AVIATION,raw/cv/AVIATION/cv_00796.pdf,C:\Users\YassineSBOUI\Downloads\CV\AVIATION\11137306.pdf,.pdf
cv_00797,cv,APPAREL,raw/cv/APPAREL/cv_00797.pdf,C:\Users\YassineSBOUI\Downloads\CV\APPAREL\26691587.pdf,.pdf
cv_00798,cv,ACCOUNTANT,raw/cv/ACCOUNTANT/cv_00798.pdf,C:\Users\YassineSBOUI\Downloads\CV\ACCOUNTANT\27980446.pdf,.pdf
cv_00799,cv,AVIATION,raw/cv/AVIATION/cv_00799.pdf,C:\Users\YassineSBOUI\Downloads\CV\AVIATION\17694572.pdf,.pdf
cv_00800,cv,ACCOUNTANT,raw/cv/ACCOUNTANT/cv_00800.pdf,C:\Users\YassineSBOUI\Downloads\CV\ACCOUNTANT\37997506.pdf,.pdf
cv_00801,cv,DIGITAL-MEDIA,raw/cv/DIGITAL-MEDIA/cv_00801.pdf,C:\Users\YassineSBOUI\Downloads\CV\DIGITAL-MEDIA\24953921.pdf,.pdf
cv_00802,cv,ADVOCATE,raw/cv/ADVOCATE/cv_00802.pdf,C:\Users\YassineSBOUI\Downloads\CV\ADVOCATE\77439230.pdf,.pdf
cv_00803,cv,HEALTHCARE,raw/cv/HEALTHCARE/cv_00803.pdf,C:\Users\YassineSBOUI\Downloads\CV\HEALTHCARE\80876647.pdf,.pdf
cv_00804,cv,FITNESS,raw/cv/FITNESS/cv_00804.pdf,C:\Users\YassineSBOUI\Downloads\CV\FITNESS\12791244.pdf,.pdf
cv_00805,cv,APPAREL,raw/cv/APPAREL/cv_00805.pdf,C:\Users\YassineSBOUI\Downloads\CV\APPAREL\30344127.pdf,.pdf
cv_00806,cv,HR,raw/cv/HR/cv_00806.pdf,C:\Users\YassineSBOUI\Downloads\CV\HR\34740556.pdf,.pdf
cv_00807,cv,INFORMATION-TECHNOLOGY,raw/cv/INFORMATION-TECHNOLOGY/cv_00807.pdf,C:\Users\YassineSBOUI\Downloads\CV\INFORMATION-TECHNOLOGY\22450718.pdf,.pdf
cv_00808,cv,CONSTRUCTION,raw/cv/CONSTRUCTION/cv_00808.pdf,C:\Users\YassineSBOUI\Downloads\CV\CONSTRUCTION\10734870.pdf,.pdf
cv_00809,cv,APPAREL,raw/cv/APPAREL/cv_00809.pdf,C:\Users\YassineSBOUI\Downloads\CV\APPAREL\10738095.pdf,.pdf
cv_00810,cv,CHEF,raw/cv/CHEF/cv_00810.pdf,C:\Users\YassineSBOUI\Downloads\CV\CHEF\22561438.pdf,.pdf
cv_00811,cv,FITNESS,raw/cv/FITNESS/cv_00811.pdf,C:\Users\YassineSBOUI\Downloads\CV\FITNESS\16474898.pdf,.pdf
cv_00812,cv,TEACHER,raw/cv/TEACHER/cv_00812.pdf,C:\Users\YassineSBOUI\Downloads\CV\TEACHER\34745915.pdf,.pdf
cv_00813,cv,TEACHER,raw/cv/TEACHER/cv_00813.pdf,C:\Users\YassineSBOUI\Downloads\CV\TEACHER\45286020.pdf,.pdf
cv_00814,cv,PUBLIC-RELATIONS,raw/cv/PUBLIC-RELATIONS/cv_00814.pdf,C:\Users\YassineSBOUI\Downloads\CV\PUBLIC-RELATIONS\21297828.pdf,.pdf
cv_00815,cv,ADVOCATE,raw/cv/ADVOCATE/cv_00815.pdf,C:\Users\YassineSBOUI\Downloads\CV\ADVOCATE\11188218.pdf,.pdf
cv_00816,cv,DESIGNER,raw/cv/DESIGNER/cv_00816.pdf,C:\Users\YassineSBOUI\Downloads\CV\DESIGNER\37695494.pdf,.pdf
cv_00817,cv,DIGITAL-MEDIA,raw/cv/DIGITAL-MEDIA/cv_00817.pdf,C:\Users\YassineSBOUI\Downloads\CV\DIGITAL-MEDIA\42156237.pdf,.pdf
cv_00818,cv,BPO,raw/cv/BPO/cv_00818.pdf,C:\Users\YassineSBOUI\Downloads\CV\BPO\31064969.pdf,.pdf
cv_00819,cv,BANKING,raw/cv/BANKING/cv_00819.pdf,C:\Users\YassineSBOUI\Downloads\CV\BANKING\21856577.pdf,.pdf
cv_00820,cv,HR,raw/cv/HR/cv_00820.pdf,C:\Users\YassineSBOUI\Downloads\CV\HR\39081840.pdf,.pdf
cv_00821,cv,HR,raw/cv/HR/cv_00821.pdf,C:\Users\YassineSBOUI\Downloads\CV\HR\32947778.pdf,.pdf
cv_00822,cv,HR,raw/cv/HR/cv_00822.pdf,C:\Users\YassineSBOUI\Downloads\CV\HR\13879043.pdf,.pdf
cv_00823,cv,CHEF,raw/cv/CHEF/cv_00823.pdf,C:\Users\YassineSBOUI\Downloads\CV\CHEF\12254068.pdf,.pdf
cv_00824,cv,APPAREL,raw/cv/APPAREL/cv_00824.pdf,C:\Users\YassineSBOUI\Downloads\CV\APPAREL\35603950.pdf,.pdf
cv_00825,cv,HR,raw/cv/HR/cv_00825.pdf,C:\Users\YassineSBOUI\Downloads\CV\HR\10399912.pdf,.pdf
cv_00826,cv,DESIGNER,raw/cv/DESIGNER/cv_00826.pdf,C:\Users\YassineSBOUI\Downloads\CV\DESIGNER\26676567.pdf,.pdf
cv_00827,cv,FINANCE,raw/cv/FINANCE/cv_00827.pdf,C:\Users\YassineSBOUI\Downloads\CV\FINANCE\15792052.pdf,.pdf
cv_00828,cv,CHEF,raw/cv/CHEF/cv_00828.pdf,C:\Users\YassineSBOUI\Downloads\CV\CHEF\20817322.pdf,.pdf
cv_00829,cv,SALES,raw/cv/SALES/cv_00829.pdf,C:\Users\YassineSBOUI\Downloads\CV\SALES\13637605.pdf,.pdf
cv_00830,cv,ADVOCATE,raw/cv/ADVOCATE/cv_00830.pdf,C:\Users\YassineSBOUI\Downloads\CV\ADVOCATE\13909762.pdf,.pdf
cv_00831,cv,SALES,raw/cv/SALES/cv_00831.pdf,C:\Users\YassineSBOUI\Downloads\CV\SALES\29399491.pdf,.pdf
cv_00832,cv,BANKING,raw/cv/BANKING/cv_00832.pdf,C:\Users\YassineSBOUI\Downloads\CV\BANKING\23323001.pdf,.pdf
cv_00833,cv,ARTS,raw/cv/ARTS/cv_00833.pdf,C:\Users\YassineSBOUI\Downloads\CV\ARTS\25926667.pdf,.pdf
cv_00834,cv,APPAREL,raw/cv/APPAREL/cv_00834.pdf,C:\Users\YassineSBOUI\Downloads\CV\APPAREL\71499299.pdf,.pdf
cv_00835,cv,ACCOUNTANT,raw/cv/ACCOUNTANT/cv_00835.pdf,C:\Users\YassineSBOUI\Downloads\CV\ACCOUNTANT\20624984.pdf,.pdf
cv_00836,cv,HR,raw/cv/HR/cv_00836.pdf,C:\Users\YassineSBOUI\Downloads\CV\HR\11480899.pdf,.pdf
cv_00837,cv,PUBLIC-RELATIONS,raw/cv/PUBLIC-RELATIONS/cv_00837.pdf,C:\Users\YassineSBOUI\Downloads\CV\PUBLIC-RELATIONS\21386255.pdf,.pdf
cv_00838,cv,ACCOUNTANT,raw/cv/ACCOUNTANT/cv_00838.pdf,C:\Users\YassineSBOUI\Downloads\CV\ACCOUNTANT\14224370.pdf,.pdf
cv_00839,cv,BUSINESS-DEVELOPMENT,raw/cv/BUSINESS-DEVELOPMENT/cv_00839.pdf,C:\Users\YassineSBOUI\Downloads\CV\BUSINESS-DEVELOPMENT\17730889.pdf,.pdf
cv_00840,cv,AGRICULTURE,raw/cv/AGRICULTURE/cv_00840.pdf,C:\Users\YassineSBOUI\Downloads\CV\AGRICULTURE\16849128.pdf,.pdf
cv_00841,cv,APPAREL,raw/cv/APPAREL/cv_00841.pdf,C:\Users\YassineSBOUI\Downloads\CV\APPAREL\19714635.pdf,.pdf
cv_00842,cv,ACCOUNTANT,raw/cv/ACCOUNTANT/cv_00842.pdf,C:\Users\YassineSBOUI\Downloads\CV\ACCOUNTANT\21338490.pdf,.pdf
cv_00843,cv,HR,raw/cv/HR/cv_00843.pdf,C:\Users\YassineSBOUI\Downloads\CV\HR\93112113.pdf,.pdf
cv_00844,cv,AGRICULTURE,raw/cv/AGRICULTURE/cv_00844.pdf,C:\Users\YassineSBOUI\Downloads\CV\AGRICULTURE\30437583.pdf,.pdf
cv_00845,cv,FITNESS,raw/cv/FITNESS/cv_00845.pdf,C:\Users\YassineSBOUI\Downloads\CV\FITNESS\37087824.pdf,.pdf
cv_00846,cv,TEACHER,raw/cv/TEACHER/cv_00846.pdf,C:\Users\YassineSBOUI\Downloads\CV\TEACHER\32067700.pdf,.pdf
cv_00847,cv,ACCOUNTANT,raw/cv/ACCOUNTANT/cv_00847.pdf,C:\Users\YassineSBOUI\Downloads\CV\ACCOUNTANT\26975573.pdf,.pdf
cv_00848,cv,DESIGNER,raw/cv/DESIGNER/cv_00848.pdf,C:\Users\YassineSBOUI\Downloads\CV\DESIGNER\29524570.pdf,.pdf
cv_00849,cv,APPAREL,raw/cv/APPAREL/cv_00849.pdf,C:\Users\YassineSBOUI\Downloads\CV\APPAREL\16915389.pdf,.pdf
cv_00850,cv,HR,raw/cv/HR/cv_00850.pdf,C:\Users\YassineSBOUI\Downloads\CV\HR\17422560.pdf,.pdf
cv_00851,cv,FINANCE,raw/cv/FINANCE/cv_00851.pdf,C:\Users\YassineSBOUI\Downloads\CV\FINANCE\14408510.pdf,.pdf
cv_00852,cv,TEACHER,raw/cv/TEACHER/cv_00852.pdf,C:\Users\YassineSBOUI\Downloads\CV\TEACHER\19556300.pdf,.pdf
cv_00853,cv,BANKING,raw/cv/BANKING/cv_00853.pdf,C:\Users\YassineSBOUI\Downloads\CV\BANKING\25080805.pdf,.pdf
cv_00854,cv,SALES,raw/cv/SALES/cv_00854.pdf,C:\Users\YassineSBOUI\Downloads\CV\SALES\55104715.pdf,.pdf
cv_00855,cv,CONSULTANT,raw/cv/CONSULTANT/cv_00855.pdf,C:\Users\YassineSBOUI\Downloads\CV\CONSULTANT\88691367.pdf,.pdf
cv_00856,cv,CONSTRUCTION,raw/cv/CONSTRUCTION/cv_00856.pdf,C:\Users\YassineSBOUI\Downloads\CV\CONSTRUCTION\27066370.pdf,.pdf
cv_00857,cv,DESIGNER,raw/cv/DESIGNER/cv_00857.pdf,C:\Users\YassineSBOUI\Downloads\CV\DESIGNER\10466583.pdf,.pdf
cv_00858,cv,FITNESS,raw/cv/FITNESS/cv_00858.pdf,C:\Users\YassineSBOUI\Downloads\CV\FITNESS\59487170.pdf,.pdf
cv_00859,cv,TEACHER,raw/cv/TEACHER/cv_00859.pdf,C:\Users\YassineSBOUI\Downloads\CV\TEACHER\86322251.pdf,.pdf
cv_00860,cv,AGRICULTURE,raw/cv/AGRICULTURE/cv_00860.pdf,C:\Users\YassineSBOUI\Downloads\CV\AGRICULTURE\16172429.pdf,.pdf
cv_00861,cv,ACCOUNTANT,raw/cv/ACCOUNTANT/cv_00861.pdf,C:\Users\YassineSBOUI\Downloads\CV\ACCOUNTANT\21031285.pdf,.pdf
cv_00862,cv,DIGITAL-MEDIA,raw/cv/DIGITAL-MEDIA/cv_00862.pdf,C:\Users\YassineSBOUI\Downloads\CV\DIGITAL-MEDIA\12085736.pdf,.pdf
cv_00863,cv,HEALTHCARE,raw/cv/HEALTHCARE/cv_00863.pdf,C:\Users\YassineSBOUI\Downloads\CV\HEALTHCARE\36861863.pdf,.pdf
cv_00864,cv,ADVOCATE,raw/cv/ADVOCATE/cv_00864.pdf,C:\Users\YassineSBOUI\Downloads\CV\ADVOCATE\34970271.pdf,.pdf
cv_00865,cv,CONSTRUCTION,raw/cv/CONSTRUCTION/cv_00865.pdf,C:\Users\YassineSBOUI\Downloads\CV\CONSTRUCTION\22894544.pdf,.pdf
cv_00866,cv,HEALTHCARE,raw/cv/HEALTHCARE/cv_00866.pdf,C:\Users\YassineSBOUI\Downloads\CV\HEALTHCARE\60624892.pdf,.pdf
cv_00867,cv,AVIATION,raw/cv/AVIATION/cv_00867.pdf,C:\Users\YassineSBOUI\Downloads\CV\AVIATION\12239749.pdf,.pdf
cv_00868,cv,PUBLIC-RELATIONS,raw/cv/PUBLIC-RELATIONS/cv_00868.pdf,C:\Users\YassineSBOUI\Downloads\CV\PUBLIC-RELATIONS\30642458.pdf,.pdf
cv_00869,cv,ADVOCATE,raw/cv/ADVOCATE/cv_00869.pdf,C:\Users\YassineSBOUI\Downloads\CV\ADVOCATE\20765795.pdf,.pdf
cv_00870,cv,AVIATION,raw/cv/AVIATION/cv_00870.pdf,C:\Users\YassineSBOUI\Downloads\CV\AVIATION\16279537.pdf,.pdf
cv_00871,cv,FINANCE,raw/cv/FINANCE/cv_00871.pdf,C:\Users\YassineSBOUI\Downloads\CV\FINANCE\72136463.pdf,.pdf
cv_00872,cv,CHEF,raw/cv/CHEF/cv_00872.pdf,C:\Users\YassineSBOUI\Downloads\CV\CHEF\10001727.pdf,.pdf
cv_00873,cv,TEACHER,raw/cv/TEACHER/cv_00873.pdf,C:\Users\YassineSBOUI\Downloads\CV\TEACHER\15899269.pdf,.pdf
cv_00874,cv,PUBLIC-RELATIONS,raw/cv/PUBLIC-RELATIONS/cv_00874.pdf,C:\Users\YassineSBOUI\Downloads\CV\PUBLIC-RELATIONS\11635137.pdf,.pdf
cv_00875,cv,DIGITAL-MEDIA,raw/cv/DIGITAL-MEDIA/cv_00875.pdf,C:\Users\YassineSBOUI\Downloads\CV\DIGITAL-MEDIA\39166680.pdf,.pdf
cv_00876,cv,CHEF,raw/cv/CHEF/cv_00876.pdf,C:\Users\YassineSBOUI\Downloads\CV\CHEF\23807940.pdf,.pdf
cv_00877,cv,TEACHER,raw/cv/TEACHER/cv_00877.pdf,C:\Users\YassineSBOUI\Downloads\CV\TEACHER\58708773.pdf,.pdf
cv_00878,cv,BUSINESS-DEVELOPMENT,raw/cv/BUSINESS-DEVELOPMENT/cv_00878.pdf,C:\Users\YassineSBOUI\Downloads\CV\BUSINESS-DEVELOPMENT\27213082.pdf,.pdf
cv_00879,cv,DESIGNER,raw/cv/DESIGNER/cv_00879.pdf,C:\Users\YassineSBOUI\Downloads\CV\DESIGNER\26496059.pdf,.pdf
cv_00880,cv,PUBLIC-RELATIONS,raw/cv/PUBLIC-RELATIONS/cv_00880.pdf,C:\Users\YassineSBOUI\Downloads\CV\PUBLIC-RELATIONS\85766635.pdf,.pdf
cv_00881,cv,SALES,raw/cv/SALES/cv_00881.pdf,C:\Users\YassineSBOUI\Downloads\CV\SALES\22319662.pdf,.pdf
cv_00882,cv,DIGITAL-MEDIA,raw/cv/DIGITAL-MEDIA/cv_00882.pdf,C:\Users\YassineSBOUI\Downloads\CV\DIGITAL-MEDIA\18354623.pdf,.pdf
cv_00883,cv,BANKING,raw/cv/BANKING/cv_00883.pdf,C:\Users\YassineSBOUI\Downloads\CV\BANKING\19911786.pdf,.pdf
cv_00884,cv,FINANCE,raw/cv/FINANCE/cv_00884.pdf,C:\Users\YassineSBOUI\Downloads\CV\FINANCE\84373843.pdf,.pdf
cv_00885,cv,CONSULTANT,raw/cv/CONSULTANT/cv_00885.pdf,C:\Users\YassineSBOUI\Downloads\CV\CONSULTANT\80527194.pdf,.pdf
cv_00886,cv,APPAREL,raw/cv/APPAREL/cv_00886.pdf,C:\Users\YassineSBOUI\Downloads\CV\APPAREL\15154822.pdf,.pdf
cv_00887,cv,BANKING,raw/cv/BANKING/cv_00887.pdf,C:\Users\YassineSBOUI\Downloads\CV\BANKING\26987539.pdf,.pdf
cv_00888,cv,ENGINEERING,raw/cv/ENGINEERING/cv_00888.pdf,C:\Users\YassineSBOUI\Downloads\CV\ENGINEERING\12488356.pdf,.pdf
cv_00889,cv,APPAREL,raw/cv/APPAREL/cv_00889.pdf,C:\Users\YassineSBOUI\Downloads\CV\APPAREL\10876132.pdf,.pdf
cv_00890,cv,APPAREL,raw/cv/APPAREL/cv_00890.pdf,C:\Users\YassineSBOUI\Downloads\CV\APPAREL\20504094.pdf,.pdf
cv_00891,cv,CHEF,raw/cv/CHEF/cv_00891.pdf,C:\Users\YassineSBOUI\Downloads\CV\CHEF\62555739.pdf,.pdf
cv_00892,cv,BUSINESS-DEVELOPMENT,raw/cv/BUSINESS-DEVELOPMENT/cv_00892.pdf,C:\Users\YassineSBOUI\Downloads\CV\BUSINESS-DEVELOPMENT\12814706.pdf,.pdf
cv_00893,cv,AVIATION,raw/cv/AVIATION/cv_00893.pdf,C:\Users\YassineSBOUI\Downloads\CV\AVIATION\23761385.pdf,.pdf
cv_00894,cv,BANKING,raw/cv/BANKING/cv_00894.pdf,C:\Users\YassineSBOUI\Downloads\CV\BANKING\29093426.pdf,.pdf
cv_00895,cv,ADVOCATE,raw/cv/ADVOCATE/cv_00895.pdf,C:\Users\YassineSBOUI\Downloads\CV\ADVOCATE\90468982.pdf,.pdf
cv_00896,cv,APPAREL,raw/cv/APPAREL/cv_00896.pdf,C:\Users\YassineSBOUI\Downloads\CV\APPAREL\13807808.pdf,.pdf
cv_00897,cv,BUSINESS-DEVELOPMENT,raw/cv/BUSINESS-DEVELOPMENT/cv_00897.pdf,C:\Users\YassineSBOUI\Downloads\CV\BUSINESS-DEVELOPMENT\29014805.pdf,.pdf
cv_00898,cv,CHEF,raw/cv/CHEF/cv_00898.pdf,C:\Users\YassineSBOUI\Downloads\CV\CHEF\35468363.pdf,.pdf
cv_00899,cv,HEALTHCARE,raw/cv/HEALTHCARE/cv_00899.pdf,C:\Users\YassineSBOUI\Downloads\CV\HEALTHCARE\49325370.pdf,.pdf
cv_00900,cv,INFORMATION-TECHNOLOGY,raw/cv/INFORMATION-TECHNOLOGY/cv_00900.pdf,C:\Users\YassineSBOUI\Downloads\CV\INFORMATION-TECHNOLOGY\10247517.pdf,.pdf
cv_00901,cv,DESIGNER,raw/cv/DESIGNER/cv_00901.pdf,C:\Users\YassineSBOUI\Downloads\CV\DESIGNER\11155153.pdf,.pdf
cv_00902,cv,ENGINEERING,raw/cv/ENGINEERING/cv_00902.pdf,C:\Users\YassineSBOUI\Downloads\CV\ENGINEERING\26456899.pdf,.pdf
cv_00903,cv,APPAREL,raw/cv/APPAREL/cv_00903.pdf,C:\Users\YassineSBOUI\Downloads\CV\APPAREL\31225895.pdf,.pdf
cv_00904,cv,HR,raw/cv/HR/cv_00904.pdf,C:\Users\YassineSBOUI\Downloads\CV\HR\20417897.pdf,.pdf
cv_00905,cv,ARTS,raw/cv/ARTS/cv_00905.pdf,C:\Users\YassineSBOUI\Downloads\CV\ARTS\29148871.pdf,.pdf
cv_00906,cv,SALES,raw/cv/SALES/cv_00906.pdf,C:\Users\YassineSBOUI\Downloads\CV\SALES\24610685.pdf,.pdf
cv_00907,cv,CHEF,raw/cv/CHEF/cv_00907.pdf,C:\Users\YassineSBOUI\Downloads\CV\CHEF\57262959.pdf,.pdf
cv_00908,cv,ENGINEERING,raw/cv/ENGINEERING/cv_00908.pdf,C:\Users\YassineSBOUI\Downloads\CV\ENGINEERING\35389360.pdf,.pdf
cv_00909,cv,HEALTHCARE,raw/cv/HEALTHCARE/cv_00909.pdf,C:\Users\YassineSBOUI\Downloads\CV\HEALTHCARE\27090089.pdf,.pdf
cv_00910,cv,DESIGNER,raw/cv/DESIGNER/cv_00910.pdf,C:\Users\YassineSBOUI\Downloads\CV\DESIGNER\54201930.pdf,.pdf
cv_00911,cv,ADVOCATE,raw/cv/ADVOCATE/cv_00911.pdf,C:\Users\YassineSBOUI\Downloads\CV\ADVOCATE\10659182.pdf,.pdf
cv_00912,cv,INFORMATION-TECHNOLOGY,raw/cv/INFORMATION-TECHNOLOGY/cv_00912.pdf,C:\Users\YassineSBOUI\Downloads\CV\INFORMATION-TECHNOLOGY\11584809.pdf,.pdf
cv_00913,cv,APPAREL,raw/cv/APPAREL/cv_00913.pdf,C:\Users\YassineSBOUI\Downloads\CV\APPAREL\25142074.pdf,.pdf
cv_00914,cv,DIGITAL-MEDIA,raw/cv/DIGITAL-MEDIA/cv_00914.pdf,C:\Users\YassineSBOUI\Downloads\CV\DIGITAL-MEDIA\29915354.pdf,.pdf
cv_00915,cv,CONSTRUCTION,raw/cv/CONSTRUCTION/cv_00915.pdf,C:\Users\YassineSBOUI\Downloads\CV\CONSTRUCTION\44147689.pdf,.pdf
cv_00916,cv,CHEF,raw/cv/CHEF/cv_00916.pdf,C:\Users\YassineSBOUI\Downloads\CV\CHEF\12717345.pdf,.pdf
cv_00917,cv,ENGINEERING,raw/cv/ENGINEERING/cv_00917.pdf,C:\Users\YassineSBOUI\Downloads\CV\ENGINEERING\38314236.pdf,.pdf
cv_00918,cv,BANKING,raw/cv/BANKING/cv_00918.pdf,C:\Users\YassineSBOUI\Downloads\CV\BANKING\28989677.pdf,.pdf
cv_00919,cv,DESIGNER,raw/cv/DESIGNER/cv_00919.pdf,C:\Users\YassineSBOUI\Downloads\CV\DESIGNER\15425154.pdf,.pdf
cv_00920,cv,FINANCE,raw/cv/FINANCE/cv_00920.pdf,C:\Users\YassineSBOUI\Downloads\CV\FINANCE\59777056.pdf,.pdf
cv_00921,cv,ACCOUNTANT,raw/cv/ACCOUNTANT/cv_00921.pdf,C:\Users\YassineSBOUI\Downloads\CV\ACCOUNTANT\59403481.pdf,.pdf
cv_00922,cv,APPAREL,raw/cv/APPAREL/cv_00922.pdf,C:\Users\YassineSBOUI\Downloads\CV\APPAREL\46514339.pdf,.pdf
cv_00923,cv,FITNESS,raw/cv/FITNESS/cv_00923.pdf,C:\Users\YassineSBOUI\Downloads\CV\FITNESS\35164503.pdf,.pdf
cv_00924,cv,CONSULTANT,raw/cv/CONSULTANT/cv_00924.pdf,C:\Users\YassineSBOUI\Downloads\CV\CONSULTANT\24643412.pdf,.pdf
cv_00925,cv,CHEF,raw/cv/CHEF/cv_00925.pdf,C:\Users\YassineSBOUI\Downloads\CV\CHEF\12420359.pdf,.pdf
cv_00926,cv,CONSULTANT,raw/cv/CONSULTANT/cv_00926.pdf,C:\Users\YassineSBOUI\Downloads\CV\CONSULTANT\11415967.pdf,.pdf
cv_00927,cv,DESIGNER,raw/cv/DESIGNER/cv_00927.pdf,C:\Users\YassineSBOUI\Downloads\CV\DESIGNER\19195747.pdf,.pdf
cv_00928,cv,CONSULTANT,raw/cv/CONSULTANT/cv_00928.pdf,C:\Users\YassineSBOUI\Downloads\CV\CONSULTANT\19161572.pdf,.pdf
cv_00929,cv,BANKING,raw/cv/BANKING/cv_00929.pdf,C:\Users\YassineSBOUI\Downloads\CV\BANKING\25780596.pdf,.pdf
cv_00930,cv,AVIATION,raw/cv/AVIATION/cv_00930.pdf,C:\Users\YassineSBOUI\Downloads\CV\AVIATION\26279402.pdf,.pdf
cv_00931,cv,HEALTHCARE,raw/cv/HEALTHCARE/cv_00931.pdf,C:\Users\YassineSBOUI\Downloads\CV\HEALTHCARE\20172393.pdf,.pdf
cv_00932,cv,ACCOUNTANT,raw/cv/ACCOUNTANT/cv_00932.pdf,C:\Users\YassineSBOUI\Downloads\CV\ACCOUNTANT\14496667.pdf,.pdf
cv_00933,cv,DESIGNER,raw/cv/DESIGNER/cv_00933.pdf,C:\Users\YassineSBOUI\Downloads\CV\DESIGNER\67582956.pdf,.pdf
cv_00934,cv,APPAREL,raw/cv/APPAREL/cv_00934.pdf,C:\Users\YassineSBOUI\Downloads\CV\APPAREL\25543217.pdf,.pdf
cv_00935,cv,DESIGNER,raw/cv/DESIGNER/cv_00935.pdf,C:\Users\YassineSBOUI\Downloads\CV\DESIGNER\22496394.pdf,.pdf
cv_00936,cv,HR,raw/cv/HR/cv_00936.pdf,C:\Users\YassineSBOUI\Downloads\CV\HR\26289308.pdf,.pdf
cv_00937,cv,HR,raw/cv/HR/cv_00937.pdf,C:\Users\YassineSBOUI\Downloads\CV\HR\18316239.pdf,.pdf
cv_00938,cv,PUBLIC-RELATIONS,raw/cv/PUBLIC-RELATIONS/cv_00938.pdf,C:\Users\YassineSBOUI\Downloads\CV\PUBLIC-RELATIONS\36671891.pdf,.pdf
cv_00939,cv,SALES,raw/cv/SALES/cv_00939.pdf,C:\Users\YassineSBOUI\Downloads\CV\SALES\26932091.pdf,.pdf
cv_00940,cv,APPAREL,raw/cv/APPAREL/cv_00940.pdf,C:\Users\YassineSBOUI\Downloads\CV\APPAREL\16391949.pdf,.pdf
cv_00941,cv,ADVOCATE,raw/cv/ADVOCATE/cv_00941.pdf,C:\Users\YassineSBOUI\Downloads\CV\ADVOCATE\16332348.pdf,.pdf
cv_00942,cv,DIGITAL-MEDIA,raw/cv/DIGITAL-MEDIA/cv_00942.pdf,C:\Users\YassineSBOUI\Downloads\CV\DIGITAL-MEDIA\30864828.pdf,.pdf
cv_00943,cv,ADVOCATE,raw/cv/ADVOCATE/cv_00943.pdf,C:\Users\YassineSBOUI\Downloads\CV\ADVOCATE\28635795.pdf,.pdf
cv_00944,cv,AVIATION,raw/cv/AVIATION/cv_00944.pdf,C:\Users\YassineSBOUI\Downloads\CV\AVIATION\43408471.pdf,.pdf
cv_00945,cv,CONSULTANT,raw/cv/CONSULTANT/cv_00945.pdf,C:\Users\YassineSBOUI\Downloads\CV\CONSULTANT\29297393.pdf,.pdf
cv_00946,cv,ENGINEERING,raw/cv/ENGINEERING/cv_00946.pdf,C:\Users\YassineSBOUI\Downloads\CV\ENGINEERING\47919212.pdf,.pdf
cv_00947,cv,ACCOUNTANT,raw/cv/ACCOUNTANT/cv_00947.pdf,C:\Users\YassineSBOUI\Downloads\CV\ACCOUNTANT\25846894.pdf,.pdf
cv_00948,cv,ARTS,raw/cv/ARTS/cv_00948.pdf,C:\Users\YassineSBOUI\Downloads\CV\ARTS\10830646.pdf,.pdf
cv_00949,cv,AVIATION,raw/cv/AVIATION/cv_00949.pdf,C:\Users\YassineSBOUI\Downloads\CV\AVIATION\69458502.pdf,.pdf
cv_00950,cv,ACCOUNTANT,raw/cv/ACCOUNTANT/cv_00950.pdf,C:\Users\YassineSBOUI\Downloads\CV\ACCOUNTANT\10674770.pdf,.pdf
cv_00951,cv,CONSTRUCTION,raw/cv/CONSTRUCTION/cv_00951.pdf,C:\Users\YassineSBOUI\Downloads\CV\CONSTRUCTION\38946032.pdf,.pdf
cv_00952,cv,HR,raw/cv/HR/cv_00952.pdf,C:\Users\YassineSBOUI\Downloads\CV\HR\18297650.pdf,.pdf
cv_00953,cv,CHEF,raw/cv/CHEF/cv_00953.pdf,C:\Users\YassineSBOUI\Downloads\CV\CHEF\38309905.pdf,.pdf
cv_00954,cv,CHEF,raw/cv/CHEF/cv_00954.pdf,C:\Users\YassineSBOUI\Downloads\CV\CHEF\20691949.pdf,.pdf
cv_00955,cv,ACCOUNTANT,raw/cv/ACCOUNTANT/cv_00955.pdf,C:\Users\YassineSBOUI\Downloads\CV\ACCOUNTANT\15821633.pdf,.pdf
cv_00956,cv,INFORMATION-TECHNOLOGY,raw/cv/INFORMATION-TECHNOLOGY/cv_00956.pdf,C:\Users\YassineSBOUI\Downloads\CV\INFORMATION-TECHNOLOGY\21283365.pdf,.pdf
cv_00957,cv,FITNESS,raw/cv/FITNESS/cv_00957.pdf,C:\Users\YassineSBOUI\Downloads\CV\FITNESS\36139251.pdf,.pdf
cv_00958,cv,CONSULTANT,raw/cv/CONSULTANT/cv_00958.pdf,C:\Users\YassineSBOUI\Downloads\CV\CONSULTANT\14593060.pdf,.pdf
cv_00959,cv,APPAREL,raw/cv/APPAREL/cv_00959.pdf,C:\Users\YassineSBOUI\Downloads\CV\APPAREL\24516163.pdf,.pdf
cv_00960,cv,CONSULTANT,raw/cv/CONSULTANT/cv_00960.pdf,C:\Users\YassineSBOUI\Downloads\CV\CONSULTANT\18079050.pdf,.pdf
cv_00961,cv,INFORMATION-TECHNOLOGY,raw/cv/INFORMATION-TECHNOLOGY/cv_00961.pdf,C:\Users\YassineSBOUI\Downloads\CV\INFORMATION-TECHNOLOGY\27770859.pdf,.pdf
cv_00962,cv,BUSINESS-DEVELOPMENT,raw/cv/BUSINESS-DEVELOPMENT/cv_00962.pdf,C:\Users\YassineSBOUI\Downloads\CV\BUSINESS-DEVELOPMENT\23568641.pdf,.pdf
cv_00963,cv,FITNESS,raw/cv/FITNESS/cv_00963.pdf,C:\Users\YassineSBOUI\Downloads\CV\FITNESS\17166018.pdf,.pdf
cv_00964,cv,FINANCE,raw/cv/FINANCE/cv_00964.pdf,C:\Users\YassineSBOUI\Downloads\CV\FINANCE\17392859.pdf,.pdf
cv_00965,cv,PUBLIC-RELATIONS,raw/cv/PUBLIC-RELATIONS/cv_00965.pdf,C:\Users\YassineSBOUI\Downloads\CV\PUBLIC-RELATIONS\23048999.pdf,.pdf
cv_00966,cv,AVIATION,raw/cv/AVIATION/cv_00966.pdf,C:\Users\YassineSBOUI\Downloads\CV\AVIATION\11614114.pdf,.pdf
cv_00967,cv,DESIGNER,raw/cv/DESIGNER/cv_00967.pdf,C:\Users\YassineSBOUI\Downloads\CV\DESIGNER\34349255.pdf,.pdf
cv_00968,cv,AVIATION,raw/cv/AVIATION/cv_00968.pdf,C:\Users\YassineSBOUI\Downloads\CV\AVIATION\22168194.pdf,.pdf
cv_00969,cv,AVIATION,raw/cv/AVIATION/cv_00969.pdf,C:\Users\YassineSBOUI\Downloads\CV\AVIATION\58048626.pdf,.pdf
cv_00970,cv,APPAREL,raw/cv/APPAREL/cv_00970.pdf,C:\Users\YassineSBOUI\Downloads\CV\APPAREL\22249155.pdf,.pdf
cv_00971,cv,PUBLIC-RELATIONS,raw/cv/PUBLIC-RELATIONS/cv_00971.pdf,C:\Users\YassineSBOUI\Downloads\CV\PUBLIC-RELATIONS\22861181.pdf,.pdf
cv_00972,cv,FITNESS,raw/cv/FITNESS/cv_00972.pdf,C:\Users\YassineSBOUI\Downloads\CV\FITNESS\21122155.pdf,.pdf
cv_00973,cv,DESIGNER,raw/cv/DESIGNER/cv_00973.pdf,C:\Users\YassineSBOUI\Downloads\CV\DESIGNER\25949631.pdf,.pdf
cv_00974,cv,DIGITAL-MEDIA,raw/cv/DIGITAL-MEDIA/cv_00974.pdf,C:\Users\YassineSBOUI\Downloads\CV\DIGITAL-MEDIA\24679149.pdf,.pdf
cv_00975,cv,ENGINEERING,raw/cv/ENGINEERING/cv_00975.pdf,C:\Users\YassineSBOUI\Downloads\CV\ENGINEERING\61579998.pdf,.pdf
cv_00976,cv,CONSULTANT,raw/cv/CONSULTANT/cv_00976.pdf,C:\Users\YassineSBOUI\Downloads\CV\CONSULTANT\95429627.pdf,.pdf
cv_00977,cv,BANKING,raw/cv/BANKING/cv_00977.pdf,C:\Users\YassineSBOUI\Downloads\CV\BANKING\17189156.pdf,.pdf
cv_00978,cv,TEACHER,raw/cv/TEACHER/cv_00978.pdf,C:\Users\YassineSBOUI\Downloads\CV\TEACHER\17311685.pdf,.pdf
cv_00979,cv,ENGINEERING,raw/cv/ENGINEERING/cv_00979.pdf,C:\Users\YassineSBOUI\Downloads\CV\ENGINEERING\32985311.pdf,.pdf
cv_00980,cv,DIGITAL-MEDIA,raw/cv/DIGITAL-MEDIA/cv_00980.pdf,C:\Users\YassineSBOUI\Downloads\CV\DIGITAL-MEDIA\30999638.pdf,.pdf
cv_00981,cv,AVIATION,raw/cv/AVIATION/cv_00981.pdf,C:\Users\YassineSBOUI\Downloads\CV\AVIATION\38663892.pdf,.pdf
cv_00982,cv,TEACHER,raw/cv/TEACHER/cv_00982.pdf,C:\Users\YassineSBOUI\Downloads\CV\TEACHER\13296856.pdf,.pdf
cv_00983,cv,ADVOCATE,raw/cv/ADVOCATE/cv_00983.pdf,C:\Users\YassineSBOUI\Downloads\CV\ADVOCATE\28974459.pdf,.pdf
cv_00984,cv,DIGITAL-MEDIA,raw/cv/DIGITAL-MEDIA/cv_00984.pdf,C:\Users\YassineSBOUI\Downloads\CV\DIGITAL-MEDIA\27981289.pdf,.pdf
cv_00985,cv,TEACHER,raw/cv/TEACHER/cv_00985.pdf,C:\Users\YassineSBOUI\Downloads\CV\TEACHER\36569713.pdf,.pdf
cv_00986,cv,CONSULTANT,raw/cv/CONSULTANT/cv_00986.pdf,C:\Users\YassineSBOUI\Downloads\CV\CONSULTANT\21568833.pdf,.pdf
cv_00987,cv,CHEF,raw/cv/CHEF/cv_00987.pdf,C:\Users\YassineSBOUI\Downloads\CV\CHEF\29784524.pdf,.pdf
cv_00988,cv,TEACHER,raw/cv/TEACHER/cv_00988.pdf,C:\Users\YassineSBOUI\Downloads\CV\TEACHER\13583538.pdf,.pdf
cv_00989,cv,ARTS,raw/cv/ARTS/cv_00989.pdf,C:\Users\YassineSBOUI\Downloads\CV\ARTS\19671909.pdf,.pdf
cv_00990,cv,TEACHER,raw/cv/TEACHER/cv_00990.pdf,C:\Users\YassineSBOUI\Downloads\CV\TEACHER\34689720.pdf,.pdf
cv_00991,cv,INFORMATION-TECHNOLOGY,raw/cv/INFORMATION-TECHNOLOGY/cv_00991.pdf,C:\Users\YassineSBOUI\Downloads\CV\INFORMATION-TECHNOLOGY\15651486.pdf,.pdf
cv_00992,cv,AVIATION,raw/cv/AVIATION/cv_00992.pdf,C:\Users\YassineSBOUI\Downloads\CV\AVIATION\11169163.pdf,.pdf
cv_00993,cv,DESIGNER,raw/cv/DESIGNER/cv_00993.pdf,C:\Users\YassineSBOUI\Downloads\CV\DESIGNER\24285142.pdf,.pdf
cv_00994,cv,PUBLIC-RELATIONS,raw/cv/PUBLIC-RELATIONS/cv_00994.pdf,C:\Users\YassineSBOUI\Downloads\CV\PUBLIC-RELATIONS\53701275.pdf,.pdf
cv_00995,cv,BPO,raw/cv/BPO/cv_00995.pdf,C:\Users\YassineSBOUI\Downloads\CV\BPO\27710853.pdf,.pdf
cv_00996,cv,TEACHER,raw/cv/TEACHER/cv_00996.pdf,C:\Users\YassineSBOUI\Downloads\CV\TEACHER\22056333.pdf,.pdf
cv_00997,cv,ENGINEERING,raw/cv/ENGINEERING/cv_00997.pdf,C:\Users\YassineSBOUI\Downloads\CV\ENGINEERING\11981094.pdf,.pdf
cv_00998,cv,CHEF,raw/cv/CHEF/cv_00998.pdf,C:\Users\YassineSBOUI\Downloads\CV\CHEF\28396528.pdf,.pdf
cv_00999,cv,SALES,raw/cv/SALES/cv_00999.pdf,C:\Users\YassineSBOUI\Downloads\CV\SALES\34131484.pdf,.pdf
cv_01000,cv,TEACHER,raw/cv/TEACHER/cv_01000.pdf,C:\Users\YassineSBOUI\Downloads\CV\TEACHER\17481570.pdf,.pdf
cv_01001,cv,AVIATION,raw/cv/AVIATION/cv_01001.pdf,C:\Users\YassineSBOUI\Downloads\CV\AVIATION\13234267.pdf,.pdf
cv_01002,cv,DIGITAL-MEDIA,raw/cv/DIGITAL-MEDIA/cv_01002.pdf,C:\Users\YassineSBOUI\Downloads\CV\DIGITAL-MEDIA\34583750.pdf,.pdf
cv_01003,cv,DIGITAL-MEDIA,raw/cv/DIGITAL-MEDIA/cv_01003.pdf,C:\Users\YassineSBOUI\Downloads\CV\DIGITAL-MEDIA\80679862.pdf,.pdf
cv_01004,cv,BANKING,raw/cv/BANKING/cv_01004.pdf,C:\Users\YassineSBOUI\Downloads\CV\BANKING\54421668.pdf,.pdf
cv_01005,cv,AGRICULTURE,raw/cv/AGRICULTURE/cv_01005.pdf,C:\Users\YassineSBOUI\Downloads\CV\AGRICULTURE\21134923.pdf,.pdf
cv_01006,cv,ACCOUNTANT,raw/cv/ACCOUNTANT/cv_01006.pdf,C:\Users\YassineSBOUI\Downloads\CV\ACCOUNTANT\23438112.pdf,.pdf
cv_01007,cv,ADVOCATE,raw/cv/ADVOCATE/cv_01007.pdf,C:\Users\YassineSBOUI\Downloads\CV\ADVOCATE\24946537.pdf,.pdf
cv_01008,cv,CHEF,raw/cv/CHEF/cv_01008.pdf,C:\Users\YassineSBOUI\Downloads\CV\CHEF\28424982.pdf,.pdf
cv_01009,cv,AGRICULTURE,raw/cv/AGRICULTURE/cv_01009.pdf,C:\Users\YassineSBOUI\Downloads\CV\AGRICULTURE\19532392.pdf,.pdf
cv_01010,cv,FINANCE,raw/cv/FINANCE/cv_01010.pdf,C:\Users\YassineSBOUI\Downloads\CV\FINANCE\59818742.pdf,.pdf
cv_01011,cv,INFORMATION-TECHNOLOGY,raw/cv/INFORMATION-TECHNOLOGY/cv_01011.pdf,C:\Users\YassineSBOUI\Downloads\CV\INFORMATION-TECHNOLOGY\18159866.pdf,.pdf
cv_01012,cv,HR,raw/cv/HR/cv_01012.pdf,C:\Users\YassineSBOUI\Downloads\CV\HR\26202430.pdf,.pdf
cv_01013,cv,SALES,raw/cv/SALES/cv_01013.pdf,C:\Users\YassineSBOUI\Downloads\CV\SALES\33236701.pdf,.pdf
cv_01014,cv,ARTS,raw/cv/ARTS/cv_01014.pdf,C:\Users\YassineSBOUI\Downloads\CV\ARTS\27096796.pdf,.pdf
cv_01015,cv,SALES,raw/cv/SALES/cv_01015.pdf,C:\Users\YassineSBOUI\Downloads\CV\SALES\18062906.pdf,.pdf
cv_01016,cv,FITNESS,raw/cv/FITNESS/cv_01016.pdf,C:\Users\YassineSBOUI\Downloads\CV\FITNESS\16038911.pdf,.pdf
cv_01017,cv,INFORMATION-TECHNOLOGY,raw/cv/INFORMATION-TECHNOLOGY/cv_01017.pdf,C:\Users\YassineSBOUI\Downloads\CV\INFORMATION-TECHNOLOGY\13385306.pdf,.pdf
cv_01018,cv,HR,raw/cv/HR/cv_01018.pdf,C:\Users\YassineSBOUI\Downloads\CV\HR\29149998.pdf,.pdf
cv_01019,cv,BUSINESS-DEVELOPMENT,raw/cv/BUSINESS-DEVELOPMENT/cv_01019.pdf,C:\Users\YassineSBOUI\Downloads\CV\BUSINESS-DEVELOPMENT\20357858.pdf,.pdf
cv_01020,cv,CHEF,raw/cv/CHEF/cv_01020.pdf,C:\Users\YassineSBOUI\Downloads\CV\CHEF\16248476.pdf,.pdf
cv_01021,cv,ACCOUNTANT,raw/cv/ACCOUNTANT/cv_01021.pdf,C:\Users\YassineSBOUI\Downloads\CV\ACCOUNTANT\21794875.pdf,.pdf
cv_01022,cv,ADVOCATE,raw/cv/ADVOCATE/cv_01022.pdf,C:\Users\YassineSBOUI\Downloads\CV\ADVOCATE\14064815.pdf,.pdf
cv_01023,cv,SALES,raw/cv/SALES/cv_01023.pdf,C:\Users\YassineSBOUI\Downloads\CV\SALES\59422148.pdf,.pdf
cv_01024,cv,FITNESS,raw/cv/FITNESS/cv_01024.pdf,C:\Users\YassineSBOUI\Downloads\CV\FITNESS\23063986.pdf,.pdf
cv_01025,cv,HR,raw/cv/HR/cv_01025.pdf,C:\Users\YassineSBOUI\Downloads\CV\HR\26048718.pdf,.pdf
cv_01026,cv,HEALTHCARE,raw/cv/HEALTHCARE/cv_01026.pdf,C:\Users\YassineSBOUI\Downloads\CV\HEALTHCARE\28423028.pdf,.pdf
cv_01027,cv,AVIATION,raw/cv/AVIATION/cv_01027.pdf,C:\Users\YassineSBOUI\Downloads\CV\AVIATION\38154903.pdf,.pdf
cv_01028,cv,FINANCE,raw/cv/FINANCE/cv_01028.pdf,C:\Users\YassineSBOUI\Downloads\CV\FINANCE\16426777.pdf,.pdf
cv_01029,cv,BANKING,raw/cv/BANKING/cv_01029.pdf,C:\Users\YassineSBOUI\Downloads\CV\BANKING\27120528.pdf,.pdf
cv_01030,cv,FITNESS,raw/cv/FITNESS/cv_01030.pdf,C:\Users\YassineSBOUI\Downloads\CV\FITNESS\19975121.pdf,.pdf
cv_01031,cv,BANKING,raw/cv/BANKING/cv_01031.pdf,C:\Users\YassineSBOUI\Downloads\CV\BANKING\79041971.pdf,.pdf
cv_01032,cv,FINANCE,raw/cv/FINANCE/cv_01032.pdf,C:\Users\YassineSBOUI\Downloads\CV\FINANCE\22720697.pdf,.pdf
cv_01033,cv,CHEF,raw/cv/CHEF/cv_01033.pdf,C:\Users\YassineSBOUI\Downloads\CV\CHEF\27909372.pdf,.pdf
cv_01034,cv,FINANCE,raw/cv/FINANCE/cv_01034.pdf,C:\Users\YassineSBOUI\Downloads\CV\FINANCE\81677620.pdf,.pdf
cv_01035,cv,DESIGNER,raw/cv/DESIGNER/cv_01035.pdf,C:\Users\YassineSBOUI\Downloads\CV\DESIGNER\81011612.pdf,.pdf
cv_01036,cv,ACCOUNTANT,raw/cv/ACCOUNTANT/cv_01036.pdf,C:\Users\YassineSBOUI\Downloads\CV\ACCOUNTANT\29821051.pdf,.pdf
cv_01037,cv,AUTOMOBILE,raw/cv/AUTOMOBILE/cv_01037.pdf,C:\Users\YassineSBOUI\Downloads\CV\AUTOMOBILE\23522150.pdf,.pdf
cv_01038,cv,ARTS,raw/cv/ARTS/cv_01038.pdf,C:\Users\YassineSBOUI\Downloads\CV\ARTS\18106533.pdf,.pdf
cv_01039,cv,DESIGNER,raw/cv/DESIGNER/cv_01039.pdf,C:\Users\YassineSBOUI\Downloads\CV\DESIGNER\11722421.pdf,.pdf
cv_01040,cv,TEACHER,raw/cv/TEACHER/cv_01040.pdf,C:\Users\YassineSBOUI\Downloads\CV\TEACHER\21773106.pdf,.pdf
cv_01041,cv,HR,raw/cv/HR/cv_01041.pdf,C:\Users\YassineSBOUI\Downloads\CV\HR\13376919.pdf,.pdf
cv_01042,cv,AVIATION,raw/cv/AVIATION/cv_01042.pdf,C:\Users\YassineSBOUI\Downloads\CV\AVIATION\13405229.pdf,.pdf
cv_01043,cv,ADVOCATE,raw/cv/ADVOCATE/cv_01043.pdf,C:\Users\YassineSBOUI\Downloads\CV\ADVOCATE\36694627.pdf,.pdf
cv_01044,cv,ADVOCATE,raw/cv/ADVOCATE/cv_01044.pdf,C:\Users\YassineSBOUI\Downloads\CV\ADVOCATE\72652441.pdf,.pdf
cv_01045,cv,HEALTHCARE,raw/cv/HEALTHCARE/cv_01045.pdf,C:\Users\YassineSBOUI\Downloads\CV\HEALTHCARE\10062724.pdf,.pdf
cv_01046,cv,FINANCE,raw/cv/FINANCE/cv_01046.pdf,C:\Users\YassineSBOUI\Downloads\CV\FINANCE\17775916.pdf,.pdf
cv_01047,cv,CHEF,raw/cv/CHEF/cv_01047.pdf,C:\Users\YassineSBOUI\Downloads\CV\CHEF\28230807.pdf,.pdf
cv_01048,cv,HR,raw/cv/HR/cv_01048.pdf,C:\Users\YassineSBOUI\Downloads\CV\HR\25824789.pdf,.pdf
cv_01049,cv,AUTOMOBILE,raw/cv/AUTOMOBILE/cv_01049.pdf,C:\Users\YassineSBOUI\Downloads\CV\AUTOMOBILE\18932512.pdf,.pdf
cv_01050,cv,SALES,raw/cv/SALES/cv_01050.pdf,C:\Users\YassineSBOUI\Downloads\CV\SALES\31454430.pdf,.pdf
cv_01051,cv,INFORMATION-TECHNOLOGY,raw/cv/INFORMATION-TECHNOLOGY/cv_01051.pdf,C:\Users\YassineSBOUI\Downloads\CV\INFORMATION-TECHNOLOGY\15297298.pdf,.pdf
cv_01052,cv,CHEF,raw/cv/CHEF/cv_01052.pdf,C:\Users\YassineSBOUI\Downloads\CV\CHEF\74522938.pdf,.pdf
cv_01053,cv,INFORMATION-TECHNOLOGY,raw/cv/INFORMATION-TECHNOLOGY/cv_01053.pdf,C:\Users\YassineSBOUI\Downloads\CV\INFORMATION-TECHNOLOGY\24230851.pdf,.pdf
cv_01054,cv,INFORMATION-TECHNOLOGY,raw/cv/INFORMATION-TECHNOLOGY/cv_01054.pdf,C:\Users\YassineSBOUI\Downloads\CV\INFORMATION-TECHNOLOGY\37242217.pdf,.pdf
cv_01055,cv,FINANCE,raw/cv/FINANCE/cv_01055.pdf,C:\Users\YassineSBOUI\Downloads\CV\FINANCE\18975686.pdf,.pdf
cv_01056,cv,PUBLIC-RELATIONS,raw/cv/PUBLIC-RELATIONS/cv_01056.pdf,C:\Users\YassineSBOUI\Downloads\CV\PUBLIC-RELATIONS\23602130.pdf,.pdf
cv_01057,cv,SALES,raw/cv/SALES/cv_01057.pdf,C:\Users\YassineSBOUI\Downloads\CV\SALES\20819838.pdf,.pdf
cv_01058,cv,DESIGNER,raw/cv/DESIGNER/cv_01058.pdf,C:\Users\YassineSBOUI\Downloads\CV\DESIGNER\28663949.pdf,.pdf
cv_01059,cv,FITNESS,raw/cv/FITNESS/cv_01059.pdf,C:\Users\YassineSBOUI\Downloads\CV\FITNESS\75156649.pdf,.pdf
cv_01060,cv,DIGITAL-MEDIA,raw/cv/DIGITAL-MEDIA/cv_01060.pdf,C:\Users\YassineSBOUI\Downloads\CV\DIGITAL-MEDIA\18900722.pdf,.pdf
cv_01061,cv,SALES,raw/cv/SALES/cv_01061.pdf,C:\Users\YassineSBOUI\Downloads\CV\SALES\17378327.pdf,.pdf
cv_01062,cv,INFORMATION-TECHNOLOGY,raw/cv/INFORMATION-TECHNOLOGY/cv_01062.pdf,C:\Users\YassineSBOUI\Downloads\CV\INFORMATION-TECHNOLOGY\10840430.pdf,.pdf
cv_01063,cv,BUSINESS-DEVELOPMENT,raw/cv/BUSINESS-DEVELOPMENT/cv_01063.pdf,C:\Users\YassineSBOUI\Downloads\CV\BUSINESS-DEVELOPMENT\27796199.pdf,.pdf
cv_01064,cv,BUSINESS-DEVELOPMENT,raw/cv/BUSINESS-DEVELOPMENT/cv_01064.pdf,C:\Users\YassineSBOUI\Downloads\CV\BUSINESS-DEVELOPMENT\98379112.pdf,.pdf
cv_01065,cv,ENGINEERING,raw/cv/ENGINEERING/cv_01065.pdf,C:\Users\YassineSBOUI\Downloads\CV\ENGINEERING\12518008.pdf,.pdf
cv_01066,cv,ACCOUNTANT,raw/cv/ACCOUNTANT/cv_01066.pdf,C:\Users\YassineSBOUI\Downloads\CV\ACCOUNTANT\27573855.pdf,.pdf
cv_01067,cv,CHEF,raw/cv/CHEF/cv_01067.pdf,C:\Users\YassineSBOUI\Downloads\CV\CHEF\25452321.pdf,.pdf
cv_01068,cv,ACCOUNTANT,raw/cv/ACCOUNTANT/cv_01068.pdf,C:\Users\YassineSBOUI\Downloads\CV\ACCOUNTANT\23416654.pdf,.pdf
cv_01069,cv,AGRICULTURE,raw/cv/AGRICULTURE/cv_01069.pdf,C:\Users\YassineSBOUI\Downloads\CV\AGRICULTURE\27888251.pdf,.pdf
cv_01070,cv,FITNESS,raw/cv/FITNESS/cv_01070.pdf,C:\Users\YassineSBOUI\Downloads\CV\FITNESS\29319314.pdf,.pdf
cv_01071,cv,ADVOCATE,raw/cv/ADVOCATE/cv_01071.pdf,C:\Users\YassineSBOUI\Downloads\CV\ADVOCATE\13593241.pdf,.pdf
cv_01072,cv,AGRICULTURE,raw/cv/AGRICULTURE/cv_01072.pdf,C:\Users\YassineSBOUI\Downloads\CV\AGRICULTURE\81042872.pdf,.pdf
cv_01073,cv,BUSINESS-DEVELOPMENT,raw/cv/BUSINESS-DEVELOPMENT/cv_01073.pdf,C:\Users\YassineSBOUI\Downloads\CV\BUSINESS-DEVELOPMENT\28916894.pdf,.pdf
cv_01074,cv,FITNESS,raw/cv/FITNESS/cv_01074.pdf,C:\Users\YassineSBOUI\Downloads\CV\FITNESS\27903191.pdf,.pdf
cv_01075,cv,ADVOCATE,raw/cv/ADVOCATE/cv_01075.pdf,C:\Users\YassineSBOUI\Downloads\CV\ADVOCATE\73448369.pdf,.pdf
cv_01076,cv,ACCOUNTANT,raw/cv/ACCOUNTANT/cv_01076.pdf,C:\Users\YassineSBOUI\Downloads\CV\ACCOUNTANT\12338274.pdf,.pdf
cv_01077,cv,CONSULTANT,raw/cv/CONSULTANT/cv_01077.pdf,C:\Users\YassineSBOUI\Downloads\CV\CONSULTANT\29647215.pdf,.pdf
cv_01078,cv,DESIGNER,raw/cv/DESIGNER/cv_01078.pdf,C:\Users\YassineSBOUI\Downloads\CV\DESIGNER\12415691.pdf,.pdf
cv_01079,cv,INFORMATION-TECHNOLOGY,raw/cv/INFORMATION-TECHNOLOGY/cv_01079.pdf,C:\Users\YassineSBOUI\Downloads\CV\INFORMATION-TECHNOLOGY\25990239.pdf,.pdf
cv_01080,cv,CONSULTANT,raw/cv/CONSULTANT/cv_01080.pdf,C:\Users\YassineSBOUI\Downloads\CV\CONSULTANT\31217840.pdf,.pdf
cv_01081,cv,HEALTHCARE,raw/cv/HEALTHCARE/cv_01081.pdf,C:\Users\YassineSBOUI\Downloads\CV\HEALTHCARE\20835760.pdf,.pdf
cv_01082,cv,ARTS,raw/cv/ARTS/cv_01082.pdf,C:\Users\YassineSBOUI\Downloads\CV\ARTS\23752500.pdf,.pdf
cv_01083,cv,CONSULTANT,raw/cv/CONSULTANT/cv_01083.pdf,C:\Users\YassineSBOUI\Downloads\CV\CONSULTANT\22556198.pdf,.pdf
cv_01084,cv,ARTS,raw/cv/ARTS/cv_01084.pdf,C:\Users\YassineSBOUI\Downloads\CV\ARTS\36019469.pdf,.pdf
cv_01085,cv,ADVOCATE,raw/cv/ADVOCATE/cv_01085.pdf,C:\Users\YassineSBOUI\Downloads\CV\ADVOCATE\35474904.pdf,.pdf
cv_01086,cv,FITNESS,raw/cv/FITNESS/cv_01086.pdf,C:\Users\YassineSBOUI\Downloads\CV\FITNESS\17915015.pdf,.pdf
cv_01087,cv,AGRICULTURE,raw/cv/AGRICULTURE/cv_01087.pdf,C:\Users\YassineSBOUI\Downloads\CV\AGRICULTURE\29746235.pdf,.pdf
cv_01088,cv,DIGITAL-MEDIA,raw/cv/DIGITAL-MEDIA/cv_01088.pdf,C:\Users\YassineSBOUI\Downloads\CV\DIGITAL-MEDIA\14209965.pdf,.pdf
cv_01089,cv,FINANCE,raw/cv/FINANCE/cv_01089.pdf,C:\Users\YassineSBOUI\Downloads\CV\FINANCE\17880988.pdf,.pdf
cv_01090,cv,TEACHER,raw/cv/TEACHER/cv_01090.pdf,C:\Users\YassineSBOUI\Downloads\CV\TEACHER\12587973.pdf,.pdf
cv_01091,cv,ADVOCATE,raw/cv/ADVOCATE/cv_01091.pdf,C:\Users\YassineSBOUI\Downloads\CV\ADVOCATE\10186968.pdf,.pdf
cv_01092,cv,HR,raw/cv/HR/cv_01092.pdf,C:\Users\YassineSBOUI\Downloads\CV\HR\23914451.pdf,.pdf
cv_01093,cv,SALES,raw/cv/SALES/cv_01093.pdf,C:\Users\YassineSBOUI\Downloads\CV\SALES\29815762.pdf,.pdf
cv_01094,cv,SALES,raw/cv/SALES/cv_01094.pdf,C:\Users\YassineSBOUI\Downloads\CV\SALES\55477468.pdf,.pdf
cv_01095,cv,FINANCE,raw/cv/FINANCE/cv_01095.pdf,C:\Users\YassineSBOUI\Downloads\CV\FINANCE\29612672.pdf,.pdf
cv_01096,cv,APPAREL,raw/cv/APPAREL/cv_01096.pdf,C:\Users\YassineSBOUI\Downloads\CV\APPAREL\35985133.pdf,.pdf
cv_01097,cv,AUTOMOBILE,raw/cv/AUTOMOBILE/cv_01097.pdf,C:\Users\YassineSBOUI\Downloads\CV\AUTOMOBILE\22732234.pdf,.pdf
cv_01098,cv,DIGITAL-MEDIA,raw/cv/DIGITAL-MEDIA/cv_01098.pdf,C:\Users\YassineSBOUI\Downloads\CV\DIGITAL-MEDIA\13837784.pdf,.pdf
cv_01099,cv,ACCOUNTANT,raw/cv/ACCOUNTANT/cv_01099.pdf,C:\Users\YassineSBOUI\Downloads\CV\ACCOUNTANT\82649935.pdf,.pdf
cv_01100,cv,CONSTRUCTION,raw/cv/CONSTRUCTION/cv_01100.pdf,C:\Users\YassineSBOUI\Downloads\CV\CONSTRUCTION\99433371.pdf,.pdf
cv_01101,cv,DIGITAL-MEDIA,raw/cv/DIGITAL-MEDIA/cv_01101.pdf,C:\Users\YassineSBOUI\Downloads\CV\DIGITAL-MEDIA\21125113.pdf,.pdf
cv_01102,cv,HR,raw/cv/HR/cv_01102.pdf,C:\Users\YassineSBOUI\Downloads\CV\HR\16852973.pdf,.pdf
cv_01103,cv,CONSULTANT,raw/cv/CONSULTANT/cv_01103.pdf,C:\Users\YassineSBOUI\Downloads\CV\CONSULTANT\30863060.pdf,.pdf
cv_01104,cv,DIGITAL-MEDIA,raw/cv/DIGITAL-MEDIA/cv_01104.pdf,C:\Users\YassineSBOUI\Downloads\CV\DIGITAL-MEDIA\59011090.pdf,.pdf
cv_01105,cv,APPAREL,raw/cv/APPAREL/cv_01105.pdf,C:\Users\YassineSBOUI\Downloads\CV\APPAREL\29521434.pdf,.pdf
cv_01106,cv,BANKING,raw/cv/BANKING/cv_01106.pdf,C:\Users\YassineSBOUI\Downloads\CV\BANKING\29406313.pdf,.pdf
cv_01107,cv,ARTS,raw/cv/ARTS/cv_01107.pdf,C:\Users\YassineSBOUI\Downloads\CV\ARTS\66226673.pdf,.pdf
cv_01108,cv,ACCOUNTANT,raw/cv/ACCOUNTANT/cv_01108.pdf,C:\Users\YassineSBOUI\Downloads\CV\ACCOUNTANT\10554236.pdf,.pdf
cv_01109,cv,HEALTHCARE,raw/cv/HEALTHCARE/cv_01109.pdf,C:\Users\YassineSBOUI\Downloads\CV\HEALTHCARE\75297735.pdf,.pdf
cv_01110,cv,HEALTHCARE,raw/cv/HEALTHCARE/cv_01110.pdf,C:\Users\YassineSBOUI\Downloads\CV\HEALTHCARE\10480456.pdf,.pdf
cv_01111,cv,SALES,raw/cv/SALES/cv_01111.pdf,C:\Users\YassineSBOUI\Downloads\CV\SALES\10138632.pdf,.pdf
cv_01112,cv,AGRICULTURE,raw/cv/AGRICULTURE/cv_01112.pdf,C:\Users\YassineSBOUI\Downloads\CV\AGRICULTURE\18242317.pdf,.pdf
cv_01113,cv,AVIATION,raw/cv/AVIATION/cv_01113.pdf,C:\Users\YassineSBOUI\Downloads\CV\AVIATION\21287405.pdf,.pdf
cv_01114,cv,FITNESS,raw/cv/FITNESS/cv_01114.pdf,C:\Users\YassineSBOUI\Downloads\CV\FITNESS\21178545.pdf,.pdf
cv_01115,cv,HR,raw/cv/HR/cv_01115.pdf,C:\Users\YassineSBOUI\Downloads\CV\HR\18557164.pdf,.pdf
cv_01116,cv,ENGINEERING,raw/cv/ENGINEERING/cv_01116.pdf,C:\Users\YassineSBOUI\Downloads\CV\ENGINEERING\39835894.pdf,.pdf
cv_01117,cv,ARTS,raw/cv/ARTS/cv_01117.pdf,C:\Users\YassineSBOUI\Downloads\CV\ARTS\73030450.pdf,.pdf
cv_01118,cv,SALES,raw/cv/SALES/cv_01118.pdf,C:\Users\YassineSBOUI\Downloads\CV\SALES\90682785.pdf,.pdf
cv_01119,cv,CONSTRUCTION,raw/cv/CONSTRUCTION/cv_01119.pdf,C:\Users\YassineSBOUI\Downloads\CV\CONSTRUCTION\19364677.pdf,.pdf
cv_01120,cv,INFORMATION-TECHNOLOGY,raw/cv/INFORMATION-TECHNOLOGY/cv_01120.pdf,C:\Users\YassineSBOUI\Downloads\CV\INFORMATION-TECHNOLOGY\28897981.pdf,.pdf
cv_01121,cv,PUBLIC-RELATIONS,raw/cv/PUBLIC-RELATIONS/cv_01121.pdf,C:\Users\YassineSBOUI\Downloads\CV\PUBLIC-RELATIONS\19558834.pdf,.pdf
cv_01122,cv,INFORMATION-TECHNOLOGY,raw/cv/INFORMATION-TECHNOLOGY/cv_01122.pdf,C:\Users\YassineSBOUI\Downloads\CV\INFORMATION-TECHNOLOGY\19201175.pdf,.pdf
cv_01123,cv,CHEF,raw/cv/CHEF/cv_01123.pdf,C:\Users\YassineSBOUI\Downloads\CV\CHEF\19285236.pdf,.pdf
cv_01124,cv,FITNESS,raw/cv/FITNESS/cv_01124.pdf,C:\Users\YassineSBOUI\Downloads\CV\FITNESS\18767449.pdf,.pdf
cv_01125,cv,FINANCE,raw/cv/FINANCE/cv_01125.pdf,C:\Users\YassineSBOUI\Downloads\CV\FINANCE\27789372.pdf,.pdf
cv_01126,cv,FITNESS,raw/cv/FITNESS/cv_01126.pdf,C:\Users\YassineSBOUI\Downloads\CV\FITNESS\39805617.pdf,.pdf
cv_01127,cv,INFORMATION-TECHNOLOGY,raw/cv/INFORMATION-TECHNOLOGY/cv_01127.pdf,C:\Users\YassineSBOUI\Downloads\CV\INFORMATION-TECHNOLOGY\31111279.pdf,.pdf
cv_01128,cv,FITNESS,raw/cv/FITNESS/cv_01128.pdf,C:\Users\YassineSBOUI\Downloads\CV\FITNESS\12019284.pdf,.pdf
cv_01129,cv,INFORMATION-TECHNOLOGY,raw/cv/INFORMATION-TECHNOLOGY/cv_01129.pdf,C:\Users\YassineSBOUI\Downloads\CV\INFORMATION-TECHNOLOGY\38753827.pdf,.pdf
cv_01130,cv,ARTS,raw/cv/ARTS/cv_01130.pdf,C:\Users\YassineSBOUI\Downloads\CV\ARTS\34304175.pdf,.pdf
cv_01131,cv,TEACHER,raw/cv/TEACHER/cv_01131.pdf,C:\Users\YassineSBOUI\Downloads\CV\TEACHER\22408666.pdf,.pdf
cv_01132,cv,ARTS,raw/cv/ARTS/cv_01132.pdf,C:\Users\YassineSBOUI\Downloads\CV\ARTS\15306049.pdf,.pdf
cv_01133,cv,AVIATION,raw/cv/AVIATION/cv_01133.pdf,C:\Users\YassineSBOUI\Downloads\CV\AVIATION\29595906.pdf,.pdf
cv_01134,cv,CHEF,raw/cv/CHEF/cv_01134.pdf,C:\Users\YassineSBOUI\Downloads\CV\CHEF\91591026.pdf,.pdf
cv_01135,cv,AVIATION,raw/cv/AVIATION/cv_01135.pdf,C:\Users\YassineSBOUI\Downloads\CV\AVIATION\37473139.pdf,.pdf
cv_01136,cv,HR,raw/cv/HR/cv_01136.pdf,C:\Users\YassineSBOUI\Downloads\CV\HR\49937469.pdf,.pdf
cv_01137,cv,ENGINEERING,raw/cv/ENGINEERING/cv_01137.pdf,C:\Users\YassineSBOUI\Downloads\CV\ENGINEERING\21038022.pdf,.pdf
cv_01138,cv,AVIATION,raw/cv/AVIATION/cv_01138.pdf,C:\Users\YassineSBOUI\Downloads\CV\AVIATION\29161565.pdf,.pdf
cv_01139,cv,AUTOMOBILE,raw/cv/AUTOMOBILE/cv_01139.pdf,C:\Users\YassineSBOUI\Downloads\CV\AUTOMOBILE\28790806.pdf,.pdf
cv_01140,cv,CONSULTANT,raw/cv/CONSULTANT/cv_01140.pdf,C:\Users\YassineSBOUI\Downloads\CV\CONSULTANT\91116867.pdf,.pdf
cv_01141,cv,SALES,raw/cv/SALES/cv_01141.pdf,C:\Users\YassineSBOUI\Downloads\CV\SALES\12696104.pdf,.pdf
cv_01142,cv,ENGINEERING,raw/cv/ENGINEERING/cv_01142.pdf,C:\Users\YassineSBOUI\Downloads\CV\ENGINEERING\19553067.pdf,.pdf
cv_01143,cv,HEALTHCARE,raw/cv/HEALTHCARE/cv_01143.pdf,C:\Users\YassineSBOUI\Downloads\CV\HEALTHCARE\13575312.pdf,.pdf
cv_01144,cv,ADVOCATE,raw/cv/ADVOCATE/cv_01144.pdf,C:\Users\YassineSBOUI\Downloads\CV\ADVOCATE\15727656.pdf,.pdf
cv_01145,cv,TEACHER,raw/cv/TEACHER/cv_01145.pdf,C:\Users\YassineSBOUI\Downloads\CV\TEACHER\28642819.pdf,.pdf
cv_01146,cv,BUSINESS-DEVELOPMENT,raw/cv/BUSINESS-DEVELOPMENT/cv_01146.pdf,C:\Users\YassineSBOUI\Downloads\CV\BUSINESS-DEVELOPMENT\89197180.pdf,.pdf
cv_01147,cv,AGRICULTURE,raw/cv/AGRICULTURE/cv_01147.pdf,C:\Users\YassineSBOUI\Downloads\CV\AGRICULTURE\21868149.pdf,.pdf
cv_01148,cv,HR,raw/cv/HR/cv_01148.pdf,C:\Users\YassineSBOUI\Downloads\CV\HR\32977530.pdf,.pdf
cv_01149,cv,FITNESS,raw/cv/FITNESS/cv_01149.pdf,C:\Users\YassineSBOUI\Downloads\CV\FITNESS\22488036.pdf,.pdf
cv_01150,cv,FINANCE,raw/cv/FINANCE/cv_01150.pdf,C:\Users\YassineSBOUI\Downloads\CV\FINANCE\76454959.pdf,.pdf
cv_01151,cv,ENGINEERING,raw/cv/ENGINEERING/cv_01151.pdf,C:\Users\YassineSBOUI\Downloads\CV\ENGINEERING\15858254.pdf,.pdf
cv_01152,cv,TEACHER,raw/cv/TEACHER/cv_01152.pdf,C:\Users\YassineSBOUI\Downloads\CV\TEACHER\74816727.pdf,.pdf
cv_01153,cv,BUSINESS-DEVELOPMENT,raw/cv/BUSINESS-DEVELOPMENT/cv_01153.pdf,C:\Users\YassineSBOUI\Downloads\CV\BUSINESS-DEVELOPMENT\14287992.pdf,.pdf
cv_01154,cv,CONSTRUCTION,raw/cv/CONSTRUCTION/cv_01154.pdf,C:\Users\YassineSBOUI\Downloads\CV\CONSTRUCTION\25656981.pdf,.pdf
cv_01155,cv,TEACHER,raw/cv/TEACHER/cv_01155.pdf,C:\Users\YassineSBOUI\Downloads\CV\TEACHER\79663360.pdf,.pdf
cv_01156,cv,SALES,raw/cv/SALES/cv_01156.pdf,C:\Users\YassineSBOUI\Downloads\CV\SALES\70528646.pdf,.pdf
cv_01157,cv,SALES,raw/cv/SALES/cv_01157.pdf,C:\Users\YassineSBOUI\Downloads\CV\SALES\85918100.pdf,.pdf
cv_01158,cv,INFORMATION-TECHNOLOGY,raw/cv/INFORMATION-TECHNOLOGY/cv_01158.pdf,C:\Users\YassineSBOUI\Downloads\CV\INFORMATION-TECHNOLOGY\15802627.pdf,.pdf
cv_01159,cv,ENGINEERING,raw/cv/ENGINEERING/cv_01159.pdf,C:\Users\YassineSBOUI\Downloads\CV\ENGINEERING\96029688.pdf,.pdf
cv_01160,cv,ADVOCATE,raw/cv/ADVOCATE/cv_01160.pdf,C:\Users\YassineSBOUI\Downloads\CV\ADVOCATE\22391901.pdf,.pdf
cv_01161,cv,FINANCE,raw/cv/FINANCE/cv_01161.pdf,C:\Users\YassineSBOUI\Downloads\CV\FINANCE\62850928.pdf,.pdf
cv_01162,cv,BUSINESS-DEVELOPMENT,raw/cv/BUSINESS-DEVELOPMENT/cv_01162.pdf,C:\Users\YassineSBOUI\Downloads\CV\BUSINESS-DEVELOPMENT\95382114.pdf,.pdf
cv_01163,cv,ARTS,raw/cv/ARTS/cv_01163.pdf,C:\Users\YassineSBOUI\Downloads\CV\ARTS\16887936.pdf,.pdf
cv_01164,cv,CONSTRUCTION,raw/cv/CONSTRUCTION/cv_01164.pdf,C:\Users\YassineSBOUI\Downloads\CV\CONSTRUCTION\32773331.pdf,.pdf
cv_01165,cv,SALES,raw/cv/SALES/cv_01165.pdf,C:\Users\YassineSBOUI\Downloads\CV\SALES\28198029.pdf,.pdf
cv_01166,cv,ADVOCATE,raw/cv/ADVOCATE/cv_01166.pdf,C:\Users\YassineSBOUI\Downloads\CV\ADVOCATE\31242382.pdf,.pdf
cv_01167,cv,AVIATION,raw/cv/AVIATION/cv_01167.pdf,C:\Users\YassineSBOUI\Downloads\CV\AVIATION\24544244.pdf,.pdf
cv_01168,cv,INFORMATION-TECHNOLOGY,raw/cv/INFORMATION-TECHNOLOGY/cv_01168.pdf,C:\Users\YassineSBOUI\Downloads\CV\INFORMATION-TECHNOLOGY\12763627.pdf,.pdf
cv_01169,cv,PUBLIC-RELATIONS,raw/cv/PUBLIC-RELATIONS/cv_01169.pdf,C:\Users\YassineSBOUI\Downloads\CV\PUBLIC-RELATIONS\23673025.pdf,.pdf
cv_01170,cv,CONSULTANT,raw/cv/CONSULTANT/cv_01170.pdf,C:\Users\YassineSBOUI\Downloads\CV\CONSULTANT\21512769.pdf,.pdf
cv_01171,cv,DIGITAL-MEDIA,raw/cv/DIGITAL-MEDIA/cv_01171.pdf,C:\Users\YassineSBOUI\Downloads\CV\DIGITAL-MEDIA\10005171.pdf,.pdf
cv_01172,cv,BANKING,raw/cv/BANKING/cv_01172.pdf,C:\Users\YassineSBOUI\Downloads\CV\BANKING\28895997.pdf,.pdf
cv_01173,cv,CONSTRUCTION,raw/cv/CONSTRUCTION/cv_01173.pdf,C:\Users\YassineSBOUI\Downloads\CV\CONSTRUCTION\10041713.pdf,.pdf
cv_01174,cv,ARTS,raw/cv/ARTS/cv_01174.pdf,C:\Users\YassineSBOUI\Downloads\CV\ARTS\13272204.pdf,.pdf
cv_01175,cv,INFORMATION-TECHNOLOGY,raw/cv/INFORMATION-TECHNOLOGY/cv_01175.pdf,C:\Users\YassineSBOUI\Downloads\CV\INFORMATION-TECHNOLOGY\40018190.pdf,.pdf
cv_01176,cv,BUSINESS-DEVELOPMENT,raw/cv/BUSINESS-DEVELOPMENT/cv_01176.pdf,C:\Users\YassineSBOUI\Downloads\CV\BUSINESS-DEVELOPMENT\18311419.pdf,.pdf
cv_01177,cv,HEALTHCARE,raw/cv/HEALTHCARE/cv_01177.pdf,C:\Users\YassineSBOUI\Downloads\CV\HEALTHCARE\24548333.pdf,.pdf
cv_01178,cv,FITNESS,raw/cv/FITNESS/cv_01178.pdf,C:\Users\YassineSBOUI\Downloads\CV\FITNESS\10568350.pdf,.pdf
cv_01179,cv,AUTOMOBILE,raw/cv/AUTOMOBILE/cv_01179.pdf,C:\Users\YassineSBOUI\Downloads\CV\AUTOMOBILE\11257723.pdf,.pdf
cv_01180,cv,CONSTRUCTION,raw/cv/CONSTRUCTION/cv_01180.pdf,C:\Users\YassineSBOUI\Downloads\CV\CONSTRUCTION\29061628.pdf,.pdf
cv_01181,cv,PUBLIC-RELATIONS,raw/cv/PUBLIC-RELATIONS/cv_01181.pdf,C:\Users\YassineSBOUI\Downloads\CV\PUBLIC-RELATIONS\10070224.pdf,.pdf
cv_01182,cv,CHEF,raw/cv/CHEF/cv_01182.pdf,C:\Users\YassineSBOUI\Downloads\CV\CHEF\13212436.pdf,.pdf
cv_01183,cv,BANKING,raw/cv/BANKING/cv_01183.pdf,C:\Users\YassineSBOUI\Downloads\CV\BANKING\39142536.pdf,.pdf
cv_01184,cv,CHEF,raw/cv/CHEF/cv_01184.pdf,C:\Users\YassineSBOUI\Downloads\CV\CHEF\13411858.pdf,.pdf
cv_01185,cv,HEALTHCARE,raw/cv/HEALTHCARE/cv_01185.pdf,C:\Users\YassineSBOUI\Downloads\CV\HEALTHCARE\36625776.pdf,.pdf
cv_01186,cv,AVIATION,raw/cv/AVIATION/cv_01186.pdf,C:\Users\YassineSBOUI\Downloads\CV\AVIATION\36727173.pdf,.pdf
cv_01187,cv,HEALTHCARE,raw/cv/HEALTHCARE/cv_01187.pdf,C:\Users\YassineSBOUI\Downloads\CV\HEALTHCARE\26125407.pdf,.pdf
cv_01188,cv,TEACHER,raw/cv/TEACHER/cv_01188.pdf,C:\Users\YassineSBOUI\Downloads\CV\TEACHER\66683238.pdf,.pdf
cv_01189,cv,TEACHER,raw/cv/TEACHER/cv_01189.pdf,C:\Users\YassineSBOUI\Downloads\CV\TEACHER\27798860.pdf,.pdf
cv_01190,cv,HR,raw/cv/HR/cv_01190.pdf,C:\Users\YassineSBOUI\Downloads\CV\HR\32896934.pdf,.pdf
cv_01191,cv,DIGITAL-MEDIA,raw/cv/DIGITAL-MEDIA/cv_01191.pdf,C:\Users\YassineSBOUI\Downloads\CV\DIGITAL-MEDIA\15353911.pdf,.pdf
cv_01192,cv,CHEF,raw/cv/CHEF/cv_01192.pdf,C:\Users\YassineSBOUI\Downloads\CV\CHEF\33964275.pdf,.pdf
cv_01193,cv,HEALTHCARE,raw/cv/HEALTHCARE/cv_01193.pdf,C:\Users\YassineSBOUI\Downloads\CV\HEALTHCARE\12613221.pdf,.pdf
cv_01194,cv,DESIGNER,raw/cv/DESIGNER/cv_01194.pdf,C:\Users\YassineSBOUI\Downloads\CV\DESIGNER\27497542.pdf,.pdf
cv_01195,cv,SALES,raw/cv/SALES/cv_01195.pdf,C:\Users\YassineSBOUI\Downloads\CV\SALES\38087844.pdf,.pdf
cv_01196,cv,AVIATION,raw/cv/AVIATION/cv_01196.pdf,C:\Users\YassineSBOUI\Downloads\CV\AVIATION\24154692.pdf,.pdf
cv_01197,cv,AVIATION,raw/cv/AVIATION/cv_01197.pdf,C:\Users\YassineSBOUI\Downloads\CV\AVIATION\11333001.pdf,.pdf
cv_01198,cv,CHEF,raw/cv/CHEF/cv_01198.pdf,C:\Users\YassineSBOUI\Downloads\CV\CHEF\21101152.pdf,.pdf
cv_01199,cv,PUBLIC-RELATIONS,raw/cv/PUBLIC-RELATIONS/cv_01199.pdf,C:\Users\YassineSBOUI\Downloads\CV\PUBLIC-RELATIONS\51415089.pdf,.pdf
cv_01200,cv,BUSINESS-DEVELOPMENT,raw/cv/BUSINESS-DEVELOPMENT/cv_01200.pdf,C:\Users\YassineSBOUI\Downloads\CV\BUSINESS-DEVELOPMENT\11088337.pdf,.pdf
cv_01201,cv,HEALTHCARE,raw/cv/HEALTHCARE/cv_01201.pdf,C:\Users\YassineSBOUI\Downloads\CV\HEALTHCARE\32219038.pdf,.pdf
cv_01202,cv,FITNESS,raw/cv/FITNESS/cv_01202.pdf,C:\Users\YassineSBOUI\Downloads\CV\FITNESS\28321954.pdf,.pdf
cv_01203,cv,ARTS,raw/cv/ARTS/cv_01203.pdf,C:\Users\YassineSBOUI\Downloads\CV\ARTS\78107631.pdf,.pdf
cv_01204,cv,APPAREL,raw/cv/APPAREL/cv_01204.pdf,C:\Users\YassineSBOUI\Downloads\CV\APPAREL\16985289.pdf,.pdf
cv_01205,cv,ACCOUNTANT,raw/cv/ACCOUNTANT/cv_01205.pdf,C:\Users\YassineSBOUI\Downloads\CV\ACCOUNTANT\29999135.pdf,.pdf
cv_01206,cv,CONSTRUCTION,raw/cv/CONSTRUCTION/cv_01206.pdf,C:\Users\YassineSBOUI\Downloads\CV\CONSTRUCTION\20681037.pdf,.pdf
cv_01207,cv,FINANCE,raw/cv/FINANCE/cv_01207.pdf,C:\Users\YassineSBOUI\Downloads\CV\FINANCE\11441764.pdf,.pdf
cv_01208,cv,TEACHER,raw/cv/TEACHER/cv_01208.pdf,C:\Users\YassineSBOUI\Downloads\CV\TEACHER\19918523.pdf,.pdf
cv_01209,cv,CONSULTANT,raw/cv/CONSULTANT/cv_01209.pdf,C:\Users\YassineSBOUI\Downloads\CV\CONSULTANT\33919379.pdf,.pdf
cv_01210,cv,PUBLIC-RELATIONS,raw/cv/PUBLIC-RELATIONS/cv_01210.pdf,C:\Users\YassineSBOUI\Downloads\CV\PUBLIC-RELATIONS\21663616.pdf,.pdf
cv_01211,cv,AVIATION,raw/cv/AVIATION/cv_01211.pdf,C:\Users\YassineSBOUI\Downloads\CV\AVIATION\17483843.pdf,.pdf
cv_01212,cv,BANKING,raw/cv/BANKING/cv_01212.pdf,C:\Users\YassineSBOUI\Downloads\CV\BANKING\34758680.pdf,.pdf
cv_01213,cv,BUSINESS-DEVELOPMENT,raw/cv/BUSINESS-DEVELOPMENT/cv_01213.pdf,C:\Users\YassineSBOUI\Downloads\CV\BUSINESS-DEVELOPMENT\17597372.pdf,.pdf
cv_01214,cv,DESIGNER,raw/cv/DESIGNER/cv_01214.pdf,C:\Users\YassineSBOUI\Downloads\CV\DESIGNER\34051710.pdf,.pdf
cv_01215,cv,ENGINEERING,raw/cv/ENGINEERING/cv_01215.pdf,C:\Users\YassineSBOUI\Downloads\CV\ENGINEERING\23438227.pdf,.pdf
cv_01216,cv,SALES,raw/cv/SALES/cv_01216.pdf,C:\Users\YassineSBOUI\Downloads\CV\SALES\19147947.pdf,.pdf
cv_01217,cv,BUSINESS-DEVELOPMENT,raw/cv/BUSINESS-DEVELOPMENT/cv_01217.pdf,C:\Users\YassineSBOUI\Downloads\CV\BUSINESS-DEVELOPMENT\10289113.pdf,.pdf
cv_01218,cv,PUBLIC-RELATIONS,raw/cv/PUBLIC-RELATIONS/cv_01218.pdf,C:\Users\YassineSBOUI\Downloads\CV\PUBLIC-RELATIONS\24559558.pdf,.pdf
cv_01219,cv,ACCOUNTANT,raw/cv/ACCOUNTANT/cv_01219.pdf,C:\Users\YassineSBOUI\Downloads\CV\ACCOUNTANT\22465498.pdf,.pdf
cv_01220,cv,TEACHER,raw/cv/TEACHER/cv_01220.pdf,C:\Users\YassineSBOUI\Downloads\CV\TEACHER\27531694.pdf,.pdf
cv_01221,cv,APPAREL,raw/cv/APPAREL/cv_01221.pdf,C:\Users\YassineSBOUI\Downloads\CV\APPAREL\19402977.pdf,.pdf
cv_01222,cv,DIGITAL-MEDIA,raw/cv/DIGITAL-MEDIA/cv_01222.pdf,C:\Users\YassineSBOUI\Downloads\CV\DIGITAL-MEDIA\22380187.pdf,.pdf
cv_01223,cv,BANKING,raw/cv/BANKING/cv_01223.pdf,C:\Users\YassineSBOUI\Downloads\CV\BANKING\73157997.pdf,.pdf
cv_01224,cv,CHEF,raw/cv/CHEF/cv_01224.pdf,C:\Users\YassineSBOUI\Downloads\CV\CHEF\26718039.pdf,.pdf
cv_01225,cv,DIGITAL-MEDIA,raw/cv/DIGITAL-MEDIA/cv_01225.pdf,C:\Users\YassineSBOUI\Downloads\CV\DIGITAL-MEDIA\25525152.pdf,.pdf
cv_01226,cv,DESIGNER,raw/cv/DESIGNER/cv_01226.pdf,C:\Users\YassineSBOUI\Downloads\CV\DESIGNER\38565119.pdf,.pdf
cv_01227,cv,DESIGNER,raw/cv/DESIGNER/cv_01227.pdf,C:\Users\YassineSBOUI\Downloads\CV\DESIGNER\18198627.pdf,.pdf
cv_01228,cv,FITNESS,raw/cv/FITNESS/cv_01228.pdf,C:\Users\YassineSBOUI\Downloads\CV\FITNESS\11522068.pdf,.pdf
cv_01229,cv,ENGINEERING,raw/cv/ENGINEERING/cv_01229.pdf,C:\Users\YassineSBOUI\Downloads\CV\ENGINEERING\21298336.pdf,.pdf
cv_01230,cv,SALES,raw/cv/SALES/cv_01230.pdf,C:\Users\YassineSBOUI\Downloads\CV\SALES\16121015.pdf,.pdf
cv_01231,cv,HR,raw/cv/HR/cv_01231.pdf,C:\Users\YassineSBOUI\Downloads\CV\HR\18084150.pdf,.pdf
cv_01232,cv,PUBLIC-RELATIONS,raw/cv/PUBLIC-RELATIONS/cv_01232.pdf,C:\Users\YassineSBOUI\Downloads\CV\PUBLIC-RELATIONS\28531493.pdf,.pdf
cv_01233,cv,SALES,raw/cv/SALES/cv_01233.pdf,C:\Users\YassineSBOUI\Downloads\CV\SALES\29928796.pdf,.pdf
cv_01234,cv,ADVOCATE,raw/cv/ADVOCATE/cv_01234.pdf,C:\Users\YassineSBOUI\Downloads\CV\ADVOCATE\22259475.pdf,.pdf
cv_01235,cv,AUTOMOBILE,raw/cv/AUTOMOBILE/cv_01235.pdf,C:\Users\YassineSBOUI\Downloads\CV\AUTOMOBILE\99680385.pdf,.pdf
cv_01236,cv,APPAREL,raw/cv/APPAREL/cv_01236.pdf,C:\Users\YassineSBOUI\Downloads\CV\APPAREL\36136569.pdf,.pdf
cv_01237,cv,INFORMATION-TECHNOLOGY,raw/cv/INFORMATION-TECHNOLOGY/cv_01237.pdf,C:\Users\YassineSBOUI\Downloads\CV\INFORMATION-TECHNOLOGY\33241454.pdf,.pdf
cv_01238,cv,FINANCE,raw/cv/FINANCE/cv_01238.pdf,C:\Users\YassineSBOUI\Downloads\CV\FINANCE\98513424.pdf,.pdf
cv_01239,cv,CONSULTANT,raw/cv/CONSULTANT/cv_01239.pdf,C:\Users\YassineSBOUI\Downloads\CV\CONSULTANT\56792999.pdf,.pdf
cv_01240,cv,DESIGNER,raw/cv/DESIGNER/cv_01240.pdf,C:\Users\YassineSBOUI\Downloads\CV\DESIGNER\21916744.pdf,.pdf
cv_01241,cv,ACCOUNTANT,raw/cv/ACCOUNTANT/cv_01241.pdf,C:\Users\YassineSBOUI\Downloads\CV\ACCOUNTANT\18669563.pdf,.pdf
cv_01242,cv,HR,raw/cv/HR/cv_01242.pdf,C:\Users\YassineSBOUI\Downloads\CV\HR\52979663.pdf,.pdf
cv_01243,cv,FINANCE,raw/cv/FINANCE/cv_01243.pdf,C:\Users\YassineSBOUI\Downloads\CV\FINANCE\39295103.pdf,.pdf
cv_01244,cv,FITNESS,raw/cv/FITNESS/cv_01244.pdf,C:\Users\YassineSBOUI\Downloads\CV\FITNESS\10333051.pdf,.pdf
cv_01245,cv,PUBLIC-RELATIONS,raw/cv/PUBLIC-RELATIONS/cv_01245.pdf,C:\Users\YassineSBOUI\Downloads\CV\PUBLIC-RELATIONS\10554045.pdf,.pdf
cv_01246,cv,HEALTHCARE,raw/cv/HEALTHCARE/cv_01246.pdf,C:\Users\YassineSBOUI\Downloads\CV\HEALTHCARE\23138078.pdf,.pdf
cv_01247,cv,CONSULTANT,raw/cv/CONSULTANT/cv_01247.pdf,C:\Users\YassineSBOUI\Downloads\CV\CONSULTANT\99714410.pdf,.pdf
cv_01248,cv,ENGINEERING,raw/cv/ENGINEERING/cv_01248.pdf,C:\Users\YassineSBOUI\Downloads\CV\ENGINEERING\28628090.pdf,.pdf
cv_01249,cv,ADVOCATE,raw/cv/ADVOCATE/cv_01249.pdf,C:\Users\YassineSBOUI\Downloads\CV\ADVOCATE\75950464.pdf,.pdf
cv_01250,cv,CONSTRUCTION,raw/cv/CONSTRUCTION/cv_01250.pdf,C:\Users\YassineSBOUI\Downloads\CV\CONSTRUCTION\13907230.pdf,.pdf
cv_01251,cv,AVIATION,raw/cv/AVIATION/cv_01251.pdf,C:\Users\YassineSBOUI\Downloads\CV\AVIATION\27902692.pdf,.pdf
cv_01252,cv,DIGITAL-MEDIA,raw/cv/DIGITAL-MEDIA/cv_01252.pdf,C:\Users\YassineSBOUI\Downloads\CV\DIGITAL-MEDIA\29002596.pdf,.pdf
cv_01253,cv,BANKING,raw/cv/BANKING/cv_01253.pdf,C:\Users\YassineSBOUI\Downloads\CV\BANKING\45167858.pdf,.pdf
cv_01254,cv,HR,raw/cv/HR/cv_01254.pdf,C:\Users\YassineSBOUI\Downloads\CV\HR\25724495.pdf,.pdf
cv_01255,cv,FINANCE,raw/cv/FINANCE/cv_01255.pdf,C:\Users\YassineSBOUI\Downloads\CV\FINANCE\19405513.pdf,.pdf
cv_01256,cv,ENGINEERING,raw/cv/ENGINEERING/cv_01256.pdf,C:\Users\YassineSBOUI\Downloads\CV\ENGINEERING\31677347.pdf,.pdf
cv_01257,cv,ENGINEERING,raw/cv/ENGINEERING/cv_01257.pdf,C:\Users\YassineSBOUI\Downloads\CV\ENGINEERING\55953734.pdf,.pdf
cv_01258,cv,DIGITAL-MEDIA,raw/cv/DIGITAL-MEDIA/cv_01258.pdf,C:\Users\YassineSBOUI\Downloads\CV\DIGITAL-MEDIA\27080812.pdf,.pdf
cv_01259,cv,SALES,raw/cv/SALES/cv_01259.pdf,C:\Users\YassineSBOUI\Downloads\CV\SALES\12351749.pdf,.pdf
cv_01260,cv,AUTOMOBILE,raw/cv/AUTOMOBILE/cv_01260.pdf,C:\Users\YassineSBOUI\Downloads\CV\AUTOMOBILE\47487091.pdf,.pdf
cv_01261,cv,CONSTRUCTION,raw/cv/CONSTRUCTION/cv_01261.pdf,C:\Users\YassineSBOUI\Downloads\CV\CONSTRUCTION\11650031.pdf,.pdf
cv_01262,cv,PUBLIC-RELATIONS,raw/cv/PUBLIC-RELATIONS/cv_01262.pdf,C:\Users\YassineSBOUI\Downloads\CV\PUBLIC-RELATIONS\27000192.pdf,.pdf
cv_01263,cv,BANKING,raw/cv/BANKING/cv_01263.pdf,C:\Users\YassineSBOUI\Downloads\CV\BANKING\34185495.pdf,.pdf
cv_01264,cv,TEACHER,raw/cv/TEACHER/cv_01264.pdf,C:\Users\YassineSBOUI\Downloads\CV\TEACHER\48547319.pdf,.pdf
cv_01265,cv,SALES,raw/cv/SALES/cv_01265.pdf,C:\Users\YassineSBOUI\Downloads\CV\SALES\36621169.pdf,.pdf
cv_01266,cv,ACCOUNTANT,raw/cv/ACCOUNTANT/cv_01266.pdf,C:\Users\YassineSBOUI\Downloads\CV\ACCOUNTANT\12442909.pdf,.pdf
cv_01267,cv,AGRICULTURE,raw/cv/AGRICULTURE/cv_01267.pdf,C:\Users\YassineSBOUI\Downloads\CV\AGRICULTURE\24001783.pdf,.pdf
cv_01268,cv,INFORMATION-TECHNOLOGY,raw/cv/INFORMATION-TECHNOLOGY/cv_01268.pdf,C:\Users\YassineSBOUI\Downloads\CV\INFORMATION-TECHNOLOGY\81761658.pdf,.pdf
cv_01269,cv,AGRICULTURE,raw/cv/AGRICULTURE/cv_01269.pdf,C:\Users\YassineSBOUI\Downloads\CV\AGRICULTURE\18264694.pdf,.pdf
cv_01270,cv,APPAREL,raw/cv/APPAREL/cv_01270.pdf,C:\Users\YassineSBOUI\Downloads\CV\APPAREL\70750649.pdf,.pdf
cv_01271,cv,AVIATION,raw/cv/AVIATION/cv_01271.pdf,C:\Users\YassineSBOUI\Downloads\CV\AVIATION\30148777.pdf,.pdf
cv_01272,cv,ACCOUNTANT,raw/cv/ACCOUNTANT/cv_01272.pdf,C:\Users\YassineSBOUI\Downloads\CV\ACCOUNTANT\18132924.pdf,.pdf
cv_01273,cv,CONSULTANT,raw/cv/CONSULTANT/cv_01273.pdf,C:\Users\YassineSBOUI\Downloads\CV\CONSULTANT\24828381.pdf,.pdf
cv_01274,cv,CONSULTANT,raw/cv/CONSULTANT/cv_01274.pdf,C:\Users\YassineSBOUI\Downloads\CV\CONSULTANT\11835339.pdf,.pdf
cv_01275,cv,CHEF,raw/cv/CHEF/cv_01275.pdf,C:\Users\YassineSBOUI\Downloads\CV\CHEF\27831220.pdf,.pdf
cv_01276,cv,FITNESS,raw/cv/FITNESS/cv_01276.pdf,C:\Users\YassineSBOUI\Downloads\CV\FITNESS\76530505.pdf,.pdf
cv_01277,cv,SALES,raw/cv/SALES/cv_01277.pdf,C:\Users\YassineSBOUI\Downloads\CV\SALES\55097118.pdf,.pdf
cv_01278,cv,ADVOCATE,raw/cv/ADVOCATE/cv_01278.pdf,C:\Users\YassineSBOUI\Downloads\CV\ADVOCATE\11963737.pdf,.pdf
cv_01279,cv,AUTOMOBILE,raw/cv/AUTOMOBILE/cv_01279.pdf,C:\Users\YassineSBOUI\Downloads\CV\AUTOMOBILE\22452756.pdf,.pdf
cv_01280,cv,ADVOCATE,raw/cv/ADVOCATE/cv_01280.pdf,C:\Users\YassineSBOUI\Downloads\CV\ADVOCATE\20544228.pdf,.pdf
cv_01281,cv,FINANCE,raw/cv/FINANCE/cv_01281.pdf,C:\Users\YassineSBOUI\Downloads\CV\FINANCE\24854026.pdf,.pdf
cv_01282,cv,HR,raw/cv/HR/cv_01282.pdf,C:\Users\YassineSBOUI\Downloads\CV\HR\14256329.pdf,.pdf
cv_01283,cv,PUBLIC-RELATIONS,raw/cv/PUBLIC-RELATIONS/cv_01283.pdf,C:\Users\YassineSBOUI\Downloads\CV\PUBLIC-RELATIONS\12237267.pdf,.pdf
cv_01284,cv,ADVOCATE,raw/cv/ADVOCATE/cv_01284.pdf,C:\Users\YassineSBOUI\Downloads\CV\ADVOCATE\75435017.pdf,.pdf
cv_01285,cv,CONSULTANT,raw/cv/CONSULTANT/cv_01285.pdf,C:\Users\YassineSBOUI\Downloads\CV\CONSULTANT\22485475.pdf,.pdf
cv_01286,cv,BUSINESS-DEVELOPMENT,raw/cv/BUSINESS-DEVELOPMENT/cv_01286.pdf,C:\Users\YassineSBOUI\Downloads\CV\BUSINESS-DEVELOPMENT\17602815.pdf,.pdf
cv_01287,cv,BANKING,raw/cv/BANKING/cv_01287.pdf,C:\Users\YassineSBOUI\Downloads\CV\BANKING\29552167.pdf,.pdf
cv_01288,cv,HR,raw/cv/HR/cv_01288.pdf,C:\Users\YassineSBOUI\Downloads\CV\HR\44476983.pdf,.pdf
cv_01289,cv,APPAREL,raw/cv/APPAREL/cv_01289.pdf,C:\Users\YassineSBOUI\Downloads\CV\APPAREL\26586477.pdf,.pdf
cv_01290,cv,ARTS,raw/cv/ARTS/cv_01290.pdf,C:\Users\YassineSBOUI\Downloads\CV\ARTS\54100393.pdf,.pdf
cv_01291,cv,CONSTRUCTION,raw/cv/CONSTRUCTION/cv_01291.pdf,C:\Users\YassineSBOUI\Downloads\CV\CONSTRUCTION\14900898.pdf,.pdf
cv_01292,cv,PUBLIC-RELATIONS,raw/cv/PUBLIC-RELATIONS/cv_01292.pdf,C:\Users\YassineSBOUI\Downloads\CV\PUBLIC-RELATIONS\38056161.pdf,.pdf
cv_01293,cv,AVIATION,raw/cv/AVIATION/cv_01293.pdf,C:\Users\YassineSBOUI\Downloads\CV\AVIATION\29221006.pdf,.pdf
cv_01294,cv,ADVOCATE,raw/cv/ADVOCATE/cv_01294.pdf,C:\Users\YassineSBOUI\Downloads\CV\ADVOCATE\28206098.pdf,.pdf
cv_01295,cv,AVIATION,raw/cv/AVIATION/cv_01295.pdf,C:\Users\YassineSBOUI\Downloads\CV\AVIATION\99416532.pdf,.pdf
cv_01296,cv,APPAREL,raw/cv/APPAREL/cv_01296.pdf,C:\Users\YassineSBOUI\Downloads\CV\APPAREL\58208591.pdf,.pdf
cv_01297,cv,TEACHER,raw/cv/TEACHER/cv_01297.pdf,C:\Users\YassineSBOUI\Downloads\CV\TEACHER\34465087.pdf,.pdf
cv_01298,cv,FINANCE,raw/cv/FINANCE/cv_01298.pdf,C:\Users\YassineSBOUI\Downloads\CV\FINANCE\24553863.pdf,.pdf
cv_01299,cv,CONSTRUCTION,raw/cv/CONSTRUCTION/cv_01299.pdf,C:\Users\YassineSBOUI\Downloads\CV\CONSTRUCTION\16378091.pdf,.pdf
cv_01300,cv,DIGITAL-MEDIA,raw/cv/DIGITAL-MEDIA/cv_01300.pdf,C:\Users\YassineSBOUI\Downloads\CV\DIGITAL-MEDIA\14945250.pdf,.pdf
cv_01301,cv,BUSINESS-DEVELOPMENT,raw/cv/BUSINESS-DEVELOPMENT/cv_01301.pdf,C:\Users\YassineSBOUI\Downloads\CV\BUSINESS-DEVELOPMENT\27139412.pdf,.pdf
cv_01302,cv,SALES,raw/cv/SALES/cv_01302.pdf,C:\Users\YassineSBOUI\Downloads\CV\SALES\19473948.pdf,.pdf
cv_01303,cv,BUSINESS-DEVELOPMENT,raw/cv/BUSINESS-DEVELOPMENT/cv_01303.pdf,C:\Users\YassineSBOUI\Downloads\CV\BUSINESS-DEVELOPMENT\26581830.pdf,.pdf
cv_01304,cv,CHEF,raw/cv/CHEF/cv_01304.pdf,C:\Users\YassineSBOUI\Downloads\CV\CHEF\61322296.pdf,.pdf
cv_01305,cv,DESIGNER,raw/cv/DESIGNER/cv_01305.pdf,C:\Users\YassineSBOUI\Downloads\CV\DESIGNER\21705160.pdf,.pdf
cv_01306,cv,PUBLIC-RELATIONS,raw/cv/PUBLIC-RELATIONS/cv_01306.pdf,C:\Users\YassineSBOUI\Downloads\CV\PUBLIC-RELATIONS\22455205.pdf,.pdf
cv_01307,cv,HEALTHCARE,raw/cv/HEALTHCARE/cv_01307.pdf,C:\Users\YassineSBOUI\Downloads\CV\HEALTHCARE\21866029.pdf,.pdf
cv_01308,cv,HEALTHCARE,raw/cv/HEALTHCARE/cv_01308.pdf,C:\Users\YassineSBOUI\Downloads\CV\HEALTHCARE\39082090.pdf,.pdf
cv_01309,cv,ADVOCATE,raw/cv/ADVOCATE/cv_01309.pdf,C:\Users\YassineSBOUI\Downloads\CV\ADVOCATE\20138606.pdf,.pdf
cv_01310,cv,ACCOUNTANT,raw/cv/ACCOUNTANT/cv_01310.pdf,C:\Users\YassineSBOUI\Downloads\CV\ACCOUNTANT\14491649.pdf,.pdf
cv_01311,cv,ARTS,raw/cv/ARTS/cv_01311.pdf,C:\Users\YassineSBOUI\Downloads\CV\ARTS\99033098.pdf,.pdf
cv_01312,cv,AVIATION,raw/cv/AVIATION/cv_01312.pdf,C:\Users\YassineSBOUI\Downloads\CV\AVIATION\23985183.pdf,.pdf
cv_01313,cv,ACCOUNTANT,raw/cv/ACCOUNTANT/cv_01313.pdf,C:\Users\YassineSBOUI\Downloads\CV\ACCOUNTANT\24703009.pdf,.pdf
cv_01314,cv,INFORMATION-TECHNOLOGY,raw/cv/INFORMATION-TECHNOLOGY/cv_01314.pdf,C:\Users\YassineSBOUI\Downloads\CV\INFORMATION-TECHNOLOGY\51639418.pdf,.pdf
cv_01315,cv,FINANCE,raw/cv/FINANCE/cv_01315.pdf,C:\Users\YassineSBOUI\Downloads\CV\FINANCE\25497147.pdf,.pdf
cv_01316,cv,ACCOUNTANT,raw/cv/ACCOUNTANT/cv_01316.pdf,C:\Users\YassineSBOUI\Downloads\CV\ACCOUNTANT\22925443.pdf,.pdf
cv_01317,cv,ADVOCATE,raw/cv/ADVOCATE/cv_01317.pdf,C:\Users\YassineSBOUI\Downloads\CV\ADVOCATE\38059130.pdf,.pdf
cv_01318,cv,SALES,raw/cv/SALES/cv_01318.pdf,C:\Users\YassineSBOUI\Downloads\CV\SALES\19156751.pdf,.pdf
cv_01319,cv,FINANCE,raw/cv/FINANCE/cv_01319.pdf,C:\Users\YassineSBOUI\Downloads\CV\FINANCE\24670867.pdf,.pdf
cv_01320,cv,ENGINEERING,raw/cv/ENGINEERING/cv_01320.pdf,C:\Users\YassineSBOUI\Downloads\CV\ENGINEERING\33685075.pdf,.pdf
cv_01321,cv,BANKING,raw/cv/BANKING/cv_01321.pdf,C:\Users\YassineSBOUI\Downloads\CV\BANKING\10329506.pdf,.pdf
cv_01322,cv,BUSINESS-DEVELOPMENT,raw/cv/BUSINESS-DEVELOPMENT/cv_01322.pdf,C:\Users\YassineSBOUI\Downloads\CV\BUSINESS-DEVELOPMENT\24412546.pdf,.pdf
cv_01323,cv,CONSULTANT,raw/cv/CONSULTANT/cv_01323.pdf,C:\Users\YassineSBOUI\Downloads\CV\CONSULTANT\22571461.pdf,.pdf
cv_01324,cv,BUSINESS-DEVELOPMENT,raw/cv/BUSINESS-DEVELOPMENT/cv_01324.pdf,C:\Users\YassineSBOUI\Downloads\CV\BUSINESS-DEVELOPMENT\16091352.pdf,.pdf
cv_01325,cv,HEALTHCARE,raw/cv/HEALTHCARE/cv_01325.pdf,C:\Users\YassineSBOUI\Downloads\CV\HEALTHCARE\13565152.pdf,.pdf
cv_01326,cv,HR,raw/cv/HR/cv_01326.pdf,C:\Users\YassineSBOUI\Downloads\CV\HR\30163002.pdf,.pdf
cv_01327,cv,TEACHER,raw/cv/TEACHER/cv_01327.pdf,C:\Users\YassineSBOUI\Downloads\CV\TEACHER\13330982.pdf,.pdf
cv_01328,cv,ACCOUNTANT,raw/cv/ACCOUNTANT/cv_01328.pdf,C:\Users\YassineSBOUI\Downloads\CV\ACCOUNTANT\18635654.pdf,.pdf
cv_01329,cv,CONSTRUCTION,raw/cv/CONSTRUCTION/cv_01329.pdf,C:\Users\YassineSBOUI\Downloads\CV\CONSTRUCTION\63145386.pdf,.pdf
cv_01330,cv,DIGITAL-MEDIA,raw/cv/DIGITAL-MEDIA/cv_01330.pdf,C:\Users\YassineSBOUI\Downloads\CV\DIGITAL-MEDIA\33893326.pdf,.pdf
cv_01331,cv,FITNESS,raw/cv/FITNESS/cv_01331.pdf,C:\Users\YassineSBOUI\Downloads\CV\FITNESS\13675377.pdf,.pdf
cv_01332,cv,FITNESS,raw/cv/FITNESS/cv_01332.pdf,C:\Users\YassineSBOUI\Downloads\CV\FITNESS\17576030.pdf,.pdf
cv_01333,cv,CHEF,raw/cv/CHEF/cv_01333.pdf,C:\Users\YassineSBOUI\Downloads\CV\CHEF\25924968.pdf,.pdf
cv_01334,cv,ARTS,raw/cv/ARTS/cv_01334.pdf,C:\Users\YassineSBOUI\Downloads\CV\ARTS\39470264.pdf,.pdf
cv_01335,cv,ADVOCATE,raw/cv/ADVOCATE/cv_01335.pdf,C:\Users\YassineSBOUI\Downloads\CV\ADVOCATE\30741799.pdf,.pdf
cv_01336,cv,BUSINESS-DEVELOPMENT,raw/cv/BUSINESS-DEVELOPMENT/cv_01336.pdf,C:\Users\YassineSBOUI\Downloads\CV\BUSINESS-DEVELOPMENT\37521676.pdf,.pdf
cv_01337,cv,ENGINEERING,raw/cv/ENGINEERING/cv_01337.pdf,C:\Users\YassineSBOUI\Downloads\CV\ENGINEERING\50328713.pdf,.pdf
cv_01338,cv,ARTS,raw/cv/ARTS/cv_01338.pdf,C:\Users\YassineSBOUI\Downloads\CV\ARTS\12334650.pdf,.pdf
cv_01339,cv,ACCOUNTANT,raw/cv/ACCOUNTANT/cv_01339.pdf,C:\Users\YassineSBOUI\Downloads\CV\ACCOUNTANT\17306905.pdf,.pdf
cv_01340,cv,DESIGNER,raw/cv/DESIGNER/cv_01340.pdf,C:\Users\YassineSBOUI\Downloads\CV\DESIGNER\26046064.pdf,.pdf
cv_01341,cv,FITNESS,raw/cv/FITNESS/cv_01341.pdf,C:\Users\YassineSBOUI\Downloads\CV\FITNESS\12092347.pdf,.pdf
cv_01342,cv,BUSINESS-DEVELOPMENT,raw/cv/BUSINESS-DEVELOPMENT/cv_01342.pdf,C:\Users\YassineSBOUI\Downloads\CV\BUSINESS-DEVELOPMENT\82118447.pdf,.pdf
cv_01343,cv,APPAREL,raw/cv/APPAREL/cv_01343.pdf,C:\Users\YassineSBOUI\Downloads\CV\APPAREL\16605640.pdf,.pdf
cv_01344,cv,CONSTRUCTION,raw/cv/CONSTRUCTION/cv_01344.pdf,C:\Users\YassineSBOUI\Downloads\CV\CONSTRUCTION\22965804.pdf,.pdf
cv_01345,cv,CONSULTANT,raw/cv/CONSULTANT/cv_01345.pdf,C:\Users\YassineSBOUI\Downloads\CV\CONSULTANT\15083600.pdf,.pdf
cv_01346,cv,CONSTRUCTION,raw/cv/CONSTRUCTION/cv_01346.pdf,C:\Users\YassineSBOUI\Downloads\CV\CONSTRUCTION\78298706.pdf,.pdf
cv_01347,cv,ARTS,raw/cv/ARTS/cv_01347.pdf,C:\Users\YassineSBOUI\Downloads\CV\ARTS\12777487.pdf,.pdf
cv_01348,cv,AVIATION,raw/cv/AVIATION/cv_01348.pdf,C:\Users\YassineSBOUI\Downloads\CV\AVIATION\31605080.pdf,.pdf
cv_01349,cv,SALES,raw/cv/SALES/cv_01349.pdf,C:\Users\YassineSBOUI\Downloads\CV\SALES\26425074.pdf,.pdf
cv_01350,cv,ACCOUNTANT,raw/cv/ACCOUNTANT/cv_01350.pdf,C:\Users\YassineSBOUI\Downloads\CV\ACCOUNTANT\19446337.pdf,.pdf
cv_01351,cv,AVIATION,raw/cv/AVIATION/cv_01351.pdf,C:\Users\YassineSBOUI\Downloads\CV\AVIATION\17274759.pdf,.pdf
cv_01352,cv,CONSULTANT,raw/cv/CONSULTANT/cv_01352.pdf,C:\Users\YassineSBOUI\Downloads\CV\CONSULTANT\78016758.pdf,.pdf
cv_01353,cv,INFORMATION-TECHNOLOGY,raw/cv/INFORMATION-TECHNOLOGY/cv_01353.pdf,C:\Users\YassineSBOUI\Downloads\CV\INFORMATION-TECHNOLOGY\10265057.pdf,.pdf
cv_01354,cv,PUBLIC-RELATIONS,raw/cv/PUBLIC-RELATIONS/cv_01354.pdf,C:\Users\YassineSBOUI\Downloads\CV\PUBLIC-RELATIONS\91197243.pdf,.pdf
cv_01355,cv,CONSTRUCTION,raw/cv/CONSTRUCTION/cv_01355.pdf,C:\Users\YassineSBOUI\Downloads\CV\CONSTRUCTION\22546476.pdf,.pdf
cv_01356,cv,FITNESS,raw/cv/FITNESS/cv_01356.pdf,C:\Users\YassineSBOUI\Downloads\CV\FITNESS\16605352.pdf,.pdf
cv_01357,cv,TEACHER,raw/cv/TEACHER/cv_01357.pdf,C:\Users\YassineSBOUI\Downloads\CV\TEACHER\38750659.pdf,.pdf
cv_01358,cv,DESIGNER,raw/cv/DESIGNER/cv_01358.pdf,C:\Users\YassineSBOUI\Downloads\CV\DESIGNER\34317538.pdf,.pdf
cv_01359,cv,ENGINEERING,raw/cv/ENGINEERING/cv_01359.pdf,C:\Users\YassineSBOUI\Downloads\CV\ENGINEERING\15941675.pdf,.pdf
cv_01360,cv,AUTOMOBILE,raw/cv/AUTOMOBILE/cv_01360.pdf,C:\Users\YassineSBOUI\Downloads\CV\AUTOMOBILE\14508237.pdf,.pdf
cv_01361,cv,DIGITAL-MEDIA,raw/cv/DIGITAL-MEDIA/cv_01361.pdf,C:\Users\YassineSBOUI\Downloads\CV\DIGITAL-MEDIA\73282756.pdf,.pdf
cv_01362,cv,HEALTHCARE,raw/cv/HEALTHCARE/cv_01362.pdf,C:\Users\YassineSBOUI\Downloads\CV\HEALTHCARE\34594746.pdf,.pdf
cv_01363,cv,DIGITAL-MEDIA,raw/cv/DIGITAL-MEDIA/cv_01363.pdf,C:\Users\YassineSBOUI\Downloads\CV\DIGITAL-MEDIA\19444529.pdf,.pdf
cv_01364,cv,DIGITAL-MEDIA,raw/cv/DIGITAL-MEDIA/cv_01364.pdf,C:\Users\YassineSBOUI\Downloads\CV\DIGITAL-MEDIA\18905648.pdf,.pdf
cv_01365,cv,FINANCE,raw/cv/FINANCE/cv_01365.pdf,C:\Users\YassineSBOUI\Downloads\CV\FINANCE\26767199.pdf,.pdf
cv_01366,cv,CONSULTANT,raw/cv/CONSULTANT/cv_01366.pdf,C:\Users\YassineSBOUI\Downloads\CV\CONSULTANT\13215696.pdf,.pdf
cv_01367,cv,SALES,raw/cv/SALES/cv_01367.pdf,C:\Users\YassineSBOUI\Downloads\CV\SALES\23296286.pdf,.pdf
cv_01368,cv,INFORMATION-TECHNOLOGY,raw/cv/INFORMATION-TECHNOLOGY/cv_01368.pdf,C:\Users\YassineSBOUI\Downloads\CV\INFORMATION-TECHNOLOGY\28697203.pdf,.pdf
cv_01369,cv,ADVOCATE,raw/cv/ADVOCATE/cv_01369.pdf,C:\Users\YassineSBOUI\Downloads\CV\ADVOCATE\18090899.pdf,.pdf
cv_01370,cv,ADVOCATE,raw/cv/ADVOCATE/cv_01370.pdf,C:\Users\YassineSBOUI\Downloads\CV\ADVOCATE\37348041.pdf,.pdf
cv_01371,cv,ARTS,raw/cv/ARTS/cv_01371.pdf,C:\Users\YassineSBOUI\Downloads\CV\ARTS\41950126.pdf,.pdf
cv_01372,cv,INFORMATION-TECHNOLOGY,raw/cv/INFORMATION-TECHNOLOGY/cv_01372.pdf,C:\Users\YassineSBOUI\Downloads\CV\INFORMATION-TECHNOLOGY\18067556.pdf,.pdf
cv_01373,cv,ENGINEERING,raw/cv/ENGINEERING/cv_01373.pdf,C:\Users\YassineSBOUI\Downloads\CV\ENGINEERING\25608963.pdf,.pdf
cv_01374,cv,BUSINESS-DEVELOPMENT,raw/cv/BUSINESS-DEVELOPMENT/cv_01374.pdf,C:\Users\YassineSBOUI\Downloads\CV\BUSINESS-DEVELOPMENT\19557384.pdf,.pdf
cv_01375,cv,APPAREL,raw/cv/APPAREL/cv_01375.pdf,C:\Users\YassineSBOUI\Downloads\CV\APPAREL\10562768.pdf,.pdf
cv_01376,cv,DESIGNER,raw/cv/DESIGNER/cv_01376.pdf,C:\Users\YassineSBOUI\Downloads\CV\DESIGNER\78149576.pdf,.pdf
cv_01377,cv,ARTS,raw/cv/ARTS/cv_01377.pdf,C:\Users\YassineSBOUI\Downloads\CV\ARTS\93576192.pdf,.pdf
cv_01378,cv,BANKING,raw/cv/BANKING/cv_01378.pdf,C:\Users\YassineSBOUI\Downloads\CV\BANKING\70667011.pdf,.pdf
cv_01379,cv,HEALTHCARE,raw/cv/HEALTHCARE/cv_01379.pdf,C:\Users\YassineSBOUI\Downloads\CV\HEALTHCARE\26695839.pdf,.pdf
cv_01380,cv,SALES,raw/cv/SALES/cv_01380.pdf,C:\Users\YassineSBOUI\Downloads\CV\SALES\21595057.pdf,.pdf
cv_01381,cv,DIGITAL-MEDIA,raw/cv/DIGITAL-MEDIA/cv_01381.pdf,C:\Users\YassineSBOUI\Downloads\CV\DIGITAL-MEDIA\81508860.pdf,.pdf
cv_01382,cv,FINANCE,raw/cv/FINANCE/cv_01382.pdf,C:\Users\YassineSBOUI\Downloads\CV\FINANCE\28396458.pdf,.pdf
cv_01383,cv,ACCOUNTANT,raw/cv/ACCOUNTANT/cv_01383.pdf,C:\Users\YassineSBOUI\Downloads\CV\ACCOUNTANT\34198885.pdf,.pdf
cv_01384,cv,FITNESS,raw/cv/FITNESS/cv_01384.pdf,C:\Users\YassineSBOUI\Downloads\CV\FITNESS\70603826.pdf,.pdf
cv_01385,cv,CONSTRUCTION,raw/cv/CONSTRUCTION/cv_01385.pdf,C:\Users\YassineSBOUI\Downloads\CV\CONSTRUCTION\19471144.pdf,.pdf
cv_01386,cv,ADVOCATE,raw/cv/ADVOCATE/cv_01386.pdf,C:\Users\YassineSBOUI\Downloads\CV\ADVOCATE\24695561.pdf,.pdf
cv_01387,cv,AGRICULTURE,raw/cv/AGRICULTURE/cv_01387.pdf,C:\Users\YassineSBOUI\Downloads\CV\AGRICULTURE\69360287.pdf,.pdf
cv_01388,cv,HEALTHCARE,raw/cv/HEALTHCARE/cv_01388.pdf,C:\Users\YassineSBOUI\Downloads\CV\HEALTHCARE\10251432.pdf,.pdf
cv_01389,cv,PUBLIC-RELATIONS,raw/cv/PUBLIC-RELATIONS/cv_01389.pdf,C:\Users\YassineSBOUI\Downloads\CV\PUBLIC-RELATIONS\41590605.pdf,.pdf
cv_01390,cv,AGRICULTURE,raw/cv/AGRICULTURE/cv_01390.pdf,C:\Users\YassineSBOUI\Downloads\CV\AGRICULTURE\19851252.pdf,.pdf
cv_01391,cv,BPO,raw/cv/BPO/cv_01391.pdf,C:\Users\YassineSBOUI\Downloads\CV\BPO\57706851.pdf,.pdf
cv_01392,cv,AGRICULTURE,raw/cv/AGRICULTURE/cv_01392.pdf,C:\Users\YassineSBOUI\Downloads\CV\AGRICULTURE\20006992.pdf,.pdf
cv_01393,cv,AVIATION,raw/cv/AVIATION/cv_01393.pdf,C:\Users\YassineSBOUI\Downloads\CV\AVIATION\16449694.pdf,.pdf
cv_01394,cv,BANKING,raw/cv/BANKING/cv_01394.pdf,C:\Users\YassineSBOUI\Downloads\CV\BANKING\60489316.pdf,.pdf
cv_01395,cv,HEALTHCARE,raw/cv/HEALTHCARE/cv_01395.pdf,C:\Users\YassineSBOUI\Downloads\CV\HEALTHCARE\16132195.pdf,.pdf
cv_01396,cv,TEACHER,raw/cv/TEACHER/cv_01396.pdf,C:\Users\YassineSBOUI\Downloads\CV\TEACHER\10909720.pdf,.pdf
cv_01397,cv,ENGINEERING,raw/cv/ENGINEERING/cv_01397.pdf,C:\Users\YassineSBOUI\Downloads\CV\ENGINEERING\30097175.pdf,.pdf
cv_01398,cv,ADVOCATE,raw/cv/ADVOCATE/cv_01398.pdf,C:\Users\YassineSBOUI\Downloads\CV\ADVOCATE\32965335.pdf,.pdf
cv_01399,cv,BPO,raw/cv/BPO/cv_01399.pdf,C:\Users\YassineSBOUI\Downloads\CV\BPO\15145575.pdf,.pdf
cv_01400,cv,ARTS,raw/cv/ARTS/cv_01400.pdf,C:\Users\YassineSBOUI\Downloads\CV\ARTS\65352424.pdf,.pdf
cv_01401,cv,ADVOCATE,raw/cv/ADVOCATE/cv_01401.pdf,C:\Users\YassineSBOUI\Downloads\CV\ADVOCATE\49486820.pdf,.pdf
cv_01402,cv,CHEF,raw/cv/CHEF/cv_01402.pdf,C:\Users\YassineSBOUI\Downloads\CV\CHEF\23398733.pdf,.pdf
cv_01403,cv,DIGITAL-MEDIA,raw/cv/DIGITAL-MEDIA/cv_01403.pdf,C:\Users\YassineSBOUI\Downloads\CV\DIGITAL-MEDIA\23810469.pdf,.pdf
cv_01404,cv,BUSINESS-DEVELOPMENT,raw/cv/BUSINESS-DEVELOPMENT/cv_01404.pdf,C:\Users\YassineSBOUI\Downloads\CV\BUSINESS-DEVELOPMENT\33424600.pdf,.pdf
cv_01405,cv,SALES,raw/cv/SALES/cv_01405.pdf,C:\Users\YassineSBOUI\Downloads\CV\SALES\16223371.pdf,.pdf
cv_01406,cv,HEALTHCARE,raw/cv/HEALTHCARE/cv_01406.pdf,C:\Users\YassineSBOUI\Downloads\CV\HEALTHCARE\10568183.pdf,.pdf
cv_01407,cv,ACCOUNTANT,raw/cv/ACCOUNTANT/cv_01407.pdf,C:\Users\YassineSBOUI\Downloads\CV\ACCOUNTANT\53640713.pdf,.pdf
cv_01408,cv,FINANCE,raw/cv/FINANCE/cv_01408.pdf,C:\Users\YassineSBOUI\Downloads\CV\FINANCE\26750846.pdf,.pdf
cv_01409,cv,CHEF,raw/cv/CHEF/cv_01409.pdf,C:\Users\YassineSBOUI\Downloads\CV\CHEF\19831366.pdf,.pdf
cv_01410,cv,HR,raw/cv/HR/cv_01410.pdf,C:\Users\YassineSBOUI\Downloads\CV\HR\51769822.pdf,.pdf
cv_01411,cv,CONSTRUCTION,raw/cv/CONSTRUCTION/cv_01411.pdf,C:\Users\YassineSBOUI\Downloads\CV\CONSTRUCTION\22983516.pdf,.pdf
cv_01412,cv,ARTS,raw/cv/ARTS/cv_01412.pdf,C:\Users\YassineSBOUI\Downloads\CV\ARTS\24061629.pdf,.pdf
cv_01413,cv,CONSULTANT,raw/cv/CONSULTANT/cv_01413.pdf,C:\Users\YassineSBOUI\Downloads\CV\CONSULTANT\95792386.pdf,.pdf
cv_01414,cv,ENGINEERING,raw/cv/ENGINEERING/cv_01414.pdf,C:\Users\YassineSBOUI\Downloads\CV\ENGINEERING\16803215.pdf,.pdf
cv_01415,cv,ADVOCATE,raw/cv/ADVOCATE/cv_01415.pdf,C:\Users\YassineSBOUI\Downloads\CV\ADVOCATE\20324037.pdf,.pdf
cv_01416,cv,CHEF,raw/cv/CHEF/cv_01416.pdf,C:\Users\YassineSBOUI\Downloads\CV\CHEF\25128608.pdf,.pdf
cv_01417,cv,ARTS,raw/cv/ARTS/cv_01417.pdf,C:\Users\YassineSBOUI\Downloads\CV\ARTS\26079779.pdf,.pdf
cv_01418,cv,ACCOUNTANT,raw/cv/ACCOUNTANT/cv_01418.pdf,C:\Users\YassineSBOUI\Downloads\CV\ACCOUNTANT\28969385.pdf,.pdf
cv_01419,cv,ADVOCATE,raw/cv/ADVOCATE/cv_01419.pdf,C:\Users\YassineSBOUI\Downloads\CV\ADVOCATE\24754689.pdf,.pdf
cv_01420,cv,ADVOCATE,raw/cv/ADVOCATE/cv_01420.pdf,C:\Users\YassineSBOUI\Downloads\CV\ADVOCATE\95970987.pdf,.pdf
cv_01421,cv,DESIGNER,raw/cv/DESIGNER/cv_01421.pdf,C:\Users\YassineSBOUI\Downloads\CV\DESIGNER\37664296.pdf,.pdf
cv_01422,cv,ENGINEERING,raw/cv/ENGINEERING/cv_01422.pdf,C:\Users\YassineSBOUI\Downloads\CV\ENGINEERING\86828820.pdf,.pdf
cv_01423,cv,ARTS,raw/cv/ARTS/cv_01423.pdf,C:\Users\YassineSBOUI\Downloads\CV\ARTS\11187796.pdf,.pdf
cv_01424,cv,FINANCE,raw/cv/FINANCE/cv_01424.pdf,C:\Users\YassineSBOUI\Downloads\CV\FINANCE\14181049.pdf,.pdf
cv_01425,cv,INFORMATION-TECHNOLOGY,raw/cv/INFORMATION-TECHNOLOGY/cv_01425.pdf,C:\Users\YassineSBOUI\Downloads\CV\INFORMATION-TECHNOLOGY\52246737.pdf,.pdf
cv_01426,cv,BUSINESS-DEVELOPMENT,raw/cv/BUSINESS-DEVELOPMENT/cv_01426.pdf,C:\Users\YassineSBOUI\Downloads\CV\BUSINESS-DEVELOPMENT\10541358.pdf,.pdf
cv_01427,cv,ACCOUNTANT,raw/cv/ACCOUNTANT/cv_01427.pdf,C:\Users\YassineSBOUI\Downloads\CV\ACCOUNTANT\62809577.pdf,.pdf
cv_01428,cv,INFORMATION-TECHNOLOGY,raw/cv/INFORMATION-TECHNOLOGY/cv_01428.pdf,C:\Users\YassineSBOUI\Downloads\CV\INFORMATION-TECHNOLOGY\23527321.pdf,.pdf
cv_01429,cv,DESIGNER,raw/cv/DESIGNER/cv_01429.pdf,C:\Users\YassineSBOUI\Downloads\CV\DESIGNER\24455357.pdf,.pdf
cv_01430,cv,ENGINEERING,raw/cv/ENGINEERING/cv_01430.pdf,C:\Users\YassineSBOUI\Downloads\CV\ENGINEERING\10030015.pdf,.pdf
cv_01431,cv,BANKING,raw/cv/BANKING/cv_01431.pdf,C:\Users\YassineSBOUI\Downloads\CV\BANKING\11773925.pdf,.pdf
cv_01432,cv,HR,raw/cv/HR/cv_01432.pdf,C:\Users\YassineSBOUI\Downloads\CV\HR\34554248.pdf,.pdf
cv_01433,cv,AUTOMOBILE,raw/cv/AUTOMOBILE/cv_01433.pdf,C:\Users\YassineSBOUI\Downloads\CV\AUTOMOBILE\14455622.pdf,.pdf
cv_01434,cv,HR,raw/cv/HR/cv_01434.pdf,C:\Users\YassineSBOUI\Downloads\CV\HR\17855844.pdf,.pdf
cv_01435,cv,DESIGNER,raw/cv/DESIGNER/cv_01435.pdf,C:\Users\YassineSBOUI\Downloads\CV\DESIGNER\37058472.pdf,.pdf
cv_01436,cv,ADVOCATE,raw/cv/ADVOCATE/cv_01436.pdf,C:\Users\YassineSBOUI\Downloads\CV\ADVOCATE\27182111.pdf,.pdf
cv_01437,cv,AVIATION,raw/cv/AVIATION/cv_01437.pdf,C:\Users\YassineSBOUI\Downloads\CV\AVIATION\67631413.pdf,.pdf
cv_01438,cv,APPAREL,raw/cv/APPAREL/cv_01438.pdf,C:\Users\YassineSBOUI\Downloads\CV\APPAREL\41586420.pdf,.pdf
cv_01439,cv,INFORMATION-TECHNOLOGY,raw/cv/INFORMATION-TECHNOLOGY/cv_01439.pdf,C:\Users\YassineSBOUI\Downloads\CV\INFORMATION-TECHNOLOGY\68460556.pdf,.pdf
cv_01440,cv,DESIGNER,raw/cv/DESIGNER/cv_01440.pdf,C:\Users\YassineSBOUI\Downloads\CV\DESIGNER\26622051.pdf,.pdf
cv_01441,cv,AGRICULTURE,raw/cv/AGRICULTURE/cv_01441.pdf,C:\Users\YassineSBOUI\Downloads\CV\AGRICULTURE\56068028.pdf,.pdf
cv_01442,cv,PUBLIC-RELATIONS,raw/cv/PUBLIC-RELATIONS/cv_01442.pdf,C:\Users\YassineSBOUI\Downloads\CV\PUBLIC-RELATIONS\26130673.pdf,.pdf
cv_01443,cv,ARTS,raw/cv/ARTS/cv_01443.pdf,C:\Users\YassineSBOUI\Downloads\CV\ARTS\28711616.pdf,.pdf
cv_01444,cv,ENGINEERING,raw/cv/ENGINEERING/cv_01444.pdf,C:\Users\YassineSBOUI\Downloads\CV\ENGINEERING\24322804.pdf,.pdf
cv_01445,cv,ACCOUNTANT,raw/cv/ACCOUNTANT/cv_01445.pdf,C:\Users\YassineSBOUI\Downloads\CV\ACCOUNTANT\78257294.pdf,.pdf
cv_01446,cv,CHEF,raw/cv/CHEF/cv_01446.pdf,C:\Users\YassineSBOUI\Downloads\CV\CHEF\48580330.pdf,.pdf
cv_01447,cv,ENGINEERING,raw/cv/ENGINEERING/cv_01447.pdf,C:\Users\YassineSBOUI\Downloads\CV\ENGINEERING\20566550.pdf,.pdf
cv_01448,cv,INFORMATION-TECHNOLOGY,raw/cv/INFORMATION-TECHNOLOGY/cv_01448.pdf,C:\Users\YassineSBOUI\Downloads\CV\INFORMATION-TECHNOLOGY\28672970.pdf,.pdf
cv_01449,cv,SALES,raw/cv/SALES/cv_01449.pdf,C:\Users\YassineSBOUI\Downloads\CV\SALES\36904300.pdf,.pdf
cv_01450,cv,ACCOUNTANT,raw/cv/ACCOUNTANT/cv_01450.pdf,C:\Users\YassineSBOUI\Downloads\CV\ACCOUNTANT\23246831.pdf,.pdf
cv_01451,cv,INFORMATION-TECHNOLOGY,raw/cv/INFORMATION-TECHNOLOGY/cv_01451.pdf,C:\Users\YassineSBOUI\Downloads\CV\INFORMATION-TECHNOLOGY\27295996.pdf,.pdf
cv_01452,cv,DESIGNER,raw/cv/DESIGNER/cv_01452.pdf,C:\Users\YassineSBOUI\Downloads\CV\DESIGNER\51681660.pdf,.pdf
cv_01453,cv,ADVOCATE,raw/cv/ADVOCATE/cv_01453.pdf,C:\Users\YassineSBOUI\Downloads\CV\ADVOCATE\10344379.pdf,.pdf
cv_01454,cv,ACCOUNTANT,raw/cv/ACCOUNTANT/cv_01454.pdf,C:\Users\YassineSBOUI\Downloads\CV\ACCOUNTANT\39115899.pdf,.pdf
cv_01455,cv,ACCOUNTANT,raw/cv/ACCOUNTANT/cv_01455.pdf,C:\Users\YassineSBOUI\Downloads\CV\ACCOUNTANT\49204385.pdf,.pdf
cv_01456,cv,DIGITAL-MEDIA,raw/cv/DIGITAL-MEDIA/cv_01456.pdf,C:\Users\YassineSBOUI\Downloads\CV\DIGITAL-MEDIA\40311088.pdf,.pdf
cv_01457,cv,BANKING,raw/cv/BANKING/cv_01457.pdf,C:\Users\YassineSBOUI\Downloads\CV\BANKING\33370664.pdf,.pdf
cv_01458,cv,PUBLIC-RELATIONS,raw/cv/PUBLIC-RELATIONS/cv_01458.pdf,C:\Users\YassineSBOUI\Downloads\CV\PUBLIC-RELATIONS\23631724.pdf,.pdf
cv_01459,cv,PUBLIC-RELATIONS,raw/cv/PUBLIC-RELATIONS/cv_01459.pdf,C:\Users\YassineSBOUI\Downloads\CV\PUBLIC-RELATIONS\12567516.pdf,.pdf
cv_01460,cv,AGRICULTURE,raw/cv/AGRICULTURE/cv_01460.pdf,C:\Users\YassineSBOUI\Downloads\CV\AGRICULTURE\24068423.pdf,.pdf
cv_01461,cv,CONSULTANT,raw/cv/CONSULTANT/cv_01461.pdf,C:\Users\YassineSBOUI\Downloads\CV\CONSULTANT\34875813.pdf,.pdf
cv_01462,cv,CONSTRUCTION,raw/cv/CONSTRUCTION/cv_01462.pdf,C:\Users\YassineSBOUI\Downloads\CV\CONSTRUCTION\24740005.pdf,.pdf
cv_01463,cv,BANKING,raw/cv/BANKING/cv_01463.pdf,C:\Users\YassineSBOUI\Downloads\CV\BANKING\41651672.pdf,.pdf
cv_01464,cv,AVIATION,raw/cv/AVIATION/cv_01464.pdf,C:\Users\YassineSBOUI\Downloads\CV\AVIATION\17655479.pdf,.pdf
cv_01465,cv,BANKING,raw/cv/BANKING/cv_01465.pdf,C:\Users\YassineSBOUI\Downloads\CV\BANKING\19374660.pdf,.pdf
cv_01466,cv,HR,raw/cv/HR/cv_01466.pdf,C:\Users\YassineSBOUI\Downloads\CV\HR\14640322.pdf,.pdf
cv_01467,cv,FINANCE,raw/cv/FINANCE/cv_01467.pdf,C:\Users\YassineSBOUI\Downloads\CV\FINANCE\59450123.pdf,.pdf
cv_01468,cv,ARTS,raw/cv/ARTS/cv_01468.pdf,C:\Users\YassineSBOUI\Downloads\CV\ARTS\20148147.pdf,.pdf
cv_01469,cv,FITNESS,raw/cv/FITNESS/cv_01469.pdf,C:\Users\YassineSBOUI\Downloads\CV\FITNESS\13037145.pdf,.pdf
cv_01470,cv,ARTS,raw/cv/ARTS/cv_01470.pdf,C:\Users\YassineSBOUI\Downloads\CV\ARTS\83338413.pdf,.pdf
cv_01471,cv,BUSINESS-DEVELOPMENT,raw/cv/BUSINESS-DEVELOPMENT/cv_01471.pdf,C:\Users\YassineSBOUI\Downloads\CV\BUSINESS-DEVELOPMENT\10228751.pdf,.pdf
cv_01472,cv,HEALTHCARE,raw/cv/HEALTHCARE/cv_01472.pdf,C:\Users\YassineSBOUI\Downloads\CV\HEALTHCARE\26585242.pdf,.pdf
cv_01473,cv,HR,raw/cv/HR/cv_01473.pdf,C:\Users\YassineSBOUI\Downloads\CV\HR\28419173.pdf,.pdf
cv_01474,cv,BANKING,raw/cv/BANKING/cv_01474.pdf,C:\Users\YassineSBOUI\Downloads\CV\BANKING\43375498.pdf,.pdf
cv_01475,cv,DIGITAL-MEDIA,raw/cv/DIGITAL-MEDIA/cv_01475.pdf,C:\Users\YassineSBOUI\Downloads\CV\DIGITAL-MEDIA\82929064.pdf,.pdf
cv_01476,cv,DESIGNER,raw/cv/DESIGNER/cv_01476.pdf,C:\Users\YassineSBOUI\Downloads\CV\DESIGNER\10751444.pdf,.pdf
cv_01477,cv,DESIGNER,raw/cv/DESIGNER/cv_01477.pdf,C:\Users\YassineSBOUI\Downloads\CV\DESIGNER\22675694.pdf,.pdf
cv_01478,cv,CHEF,raw/cv/CHEF/cv_01478.pdf,C:\Users\YassineSBOUI\Downloads\CV\CHEF\34452806.pdf,.pdf
cv_01479,cv,HEALTHCARE,raw/cv/HEALTHCARE/cv_01479.pdf,C:\Users\YassineSBOUI\Downloads\CV\HEALTHCARE\25451319.pdf,.pdf
cv_01480,cv,ACCOUNTANT,raw/cv/ACCOUNTANT/cv_01480.pdf,C:\Users\YassineSBOUI\Downloads\CV\ACCOUNTANT\14126433.pdf,.pdf
cv_01481,cv,CONSULTANT,raw/cv/CONSULTANT/cv_01481.pdf,C:\Users\YassineSBOUI\Downloads\CV\CONSULTANT\15535920.pdf,.pdf
cv_01482,cv,BANKING,raw/cv/BANKING/cv_01482.pdf,C:\Users\YassineSBOUI\Downloads\CV\BANKING\19176318.pdf,.pdf
cv_01483,cv,CHEF,raw/cv/CHEF/cv_01483.pdf,C:\Users\YassineSBOUI\Downloads\CV\CHEF\23841877.pdf,.pdf
cv_01484,cv,CHEF,raw/cv/CHEF/cv_01484.pdf,C:\Users\YassineSBOUI\Downloads\CV\CHEF\51554903.pdf,.pdf
cv_01485,cv,BANKING,raw/cv/BANKING/cv_01485.pdf,C:\Users\YassineSBOUI\Downloads\CV\BANKING\33135102.pdf,.pdf
cv_01486,cv,DIGITAL-MEDIA,raw/cv/DIGITAL-MEDIA/cv_01486.pdf,C:\Users\YassineSBOUI\Downloads\CV\DIGITAL-MEDIA\33542483.pdf,.pdf
cv_01487,cv,AVIATION,raw/cv/AVIATION/cv_01487.pdf,C:\Users\YassineSBOUI\Downloads\CV\AVIATION\23464505.pdf,.pdf
cv_01488,cv,CONSTRUCTION,raw/cv/CONSTRUCTION/cv_01488.pdf,C:\Users\YassineSBOUI\Downloads\CV\CONSTRUCTION\16353584.pdf,.pdf
cv_01489,cv,BUSINESS-DEVELOPMENT,raw/cv/BUSINESS-DEVELOPMENT/cv_01489.pdf,C:\Users\YassineSBOUI\Downloads\CV\BUSINESS-DEVELOPMENT\38688388.pdf,.pdf
cv_01490,cv,HR,raw/cv/HR/cv_01490.pdf,C:\Users\YassineSBOUI\Downloads\CV\HR\29091445.pdf,.pdf
cv_01491,cv,HEALTHCARE,raw/cv/HEALTHCARE/cv_01491.pdf,C:\Users\YassineSBOUI\Downloads\CV\HEALTHCARE\34962725.pdf,.pdf
cv_01492,cv,ADVOCATE,raw/cv/ADVOCATE/cv_01492.pdf,C:\Users\YassineSBOUI\Downloads\CV\ADVOCATE\80503242.pdf,.pdf
cv_01493,cv,INFORMATION-TECHNOLOGY,raw/cv/INFORMATION-TECHNOLOGY/cv_01493.pdf,C:\Users\YassineSBOUI\Downloads\CV\INFORMATION-TECHNOLOGY\17641670.pdf,.pdf
cv_01494,cv,HR,raw/cv/HR/cv_01494.pdf,C:\Users\YassineSBOUI\Downloads\CV\HR\27496514.pdf,.pdf
cv_01495,cv,INFORMATION-TECHNOLOGY,raw/cv/INFORMATION-TECHNOLOGY/cv_01495.pdf,C:\Users\YassineSBOUI\Downloads\CV\INFORMATION-TECHNOLOGY\26746496.pdf,.pdf
cv_01496,cv,DESIGNER,raw/cv/DESIGNER/cv_01496.pdf,C:\Users\YassineSBOUI\Downloads\CV\DESIGNER\32954522.pdf,.pdf
cv_01497,cv,HR,raw/cv/HR/cv_01497.pdf,C:\Users\YassineSBOUI\Downloads\CV\HR\11763983.pdf,.pdf
cv_01498,cv,ENGINEERING,raw/cv/ENGINEERING/cv_01498.pdf,C:\Users\YassineSBOUI\Downloads\CV\ENGINEERING\25797445.pdf,.pdf
cv_01499,cv,FINANCE,raw/cv/FINANCE/cv_01499.pdf,C:\Users\YassineSBOUI\Downloads\CV\FINANCE\23955183.pdf,.pdf
cv_01500,cv,AGRICULTURE,raw/cv/AGRICULTURE/cv_01500.pdf,C:\Users\YassineSBOUI\Downloads\CV\AGRICULTURE\24416961.pdf,.pdf
cv_01501,cv,FINANCE,raw/cv/FINANCE/cv_01501.pdf,C:\Users\YassineSBOUI\Downloads\CV\FINANCE\23573064.pdf,.pdf
cv_01502,cv,SALES,raw/cv/SALES/cv_01502.pdf,C:\Users\YassineSBOUI\Downloads\CV\SALES\15273850.pdf,.pdf
cv_01503,cv,DIGITAL-MEDIA,raw/cv/DIGITAL-MEDIA/cv_01503.pdf,C:\Users\YassineSBOUI\Downloads\CV\DIGITAL-MEDIA\30504149.pdf,.pdf
cv_01504,cv,SALES,raw/cv/SALES/cv_01504.pdf,C:\Users\YassineSBOUI\Downloads\CV\SALES\36970996.pdf,.pdf
cv_01505,cv,BANKING,raw/cv/BANKING/cv_01505.pdf,C:\Users\YassineSBOUI\Downloads\CV\BANKING\36302399.pdf,.pdf
cv_01506,cv,DIGITAL-MEDIA,raw/cv/DIGITAL-MEDIA/cv_01506.pdf,C:\Users\YassineSBOUI\Downloads\CV\DIGITAL-MEDIA\34319869.pdf,.pdf
cv_01507,cv,SALES,raw/cv/SALES/cv_01507.pdf,C:\Users\YassineSBOUI\Downloads\CV\SALES\31199035.pdf,.pdf
cv_01508,cv,AUTOMOBILE,raw/cv/AUTOMOBILE/cv_01508.pdf,C:\Users\YassineSBOUI\Downloads\CV\AUTOMOBILE\15484011.pdf,.pdf
cv_01509,cv,HR,raw/cv/HR/cv_01509.pdf,C:\Users\YassineSBOUI\Downloads\CV\HR\21830565.pdf,.pdf
cv_01510,cv,FITNESS,raw/cv/FITNESS/cv_01510.pdf,C:\Users\YassineSBOUI\Downloads\CV\FITNESS\67032711.pdf,.pdf
cv_01511,cv,AGRICULTURE,raw/cv/AGRICULTURE/cv_01511.pdf,C:\Users\YassineSBOUI\Downloads\CV\AGRICULTURE\79536879.pdf,.pdf
cv_01512,cv,SALES,raw/cv/SALES/cv_01512.pdf,C:\Users\YassineSBOUI\Downloads\CV\SALES\29184740.pdf,.pdf
cv_01513,cv,AVIATION,raw/cv/AVIATION/cv_01513.pdf,C:\Users\YassineSBOUI\Downloads\CV\AVIATION\42546558.pdf,.pdf
cv_01514,cv,ENGINEERING,raw/cv/ENGINEERING/cv_01514.pdf,C:\Users\YassineSBOUI\Downloads\CV\ENGINEERING\25930778.pdf,.pdf
cv_01515,cv,BUSINESS-DEVELOPMENT,raw/cv/BUSINESS-DEVELOPMENT/cv_01515.pdf,C:\Users\YassineSBOUI\Downloads\CV\BUSINESS-DEVELOPMENT\23396633.pdf,.pdf
cv_01516,cv,SALES,raw/cv/SALES/cv_01516.pdf,C:\Users\YassineSBOUI\Downloads\CV\SALES\15918496.pdf,.pdf
cv_01517,cv,ADVOCATE,raw/cv/ADVOCATE/cv_01517.pdf,C:\Users\YassineSBOUI\Downloads\CV\ADVOCATE\49475708.pdf,.pdf
cv_01518,cv,HEALTHCARE,raw/cv/HEALTHCARE/cv_01518.pdf,C:\Users\YassineSBOUI\Downloads\CV\HEALTHCARE\17545780.pdf,.pdf
cv_01519,cv,TEACHER,raw/cv/TEACHER/cv_01519.pdf,C:\Users\YassineSBOUI\Downloads\CV\TEACHER\29639533.pdf,.pdf
cv_01520,cv,SALES,raw/cv/SALES/cv_01520.pdf,C:\Users\YassineSBOUI\Downloads\CV\SALES\37792474.pdf,.pdf
cv_01521,cv,FITNESS,raw/cv/FITNESS/cv_01521.pdf,C:\Users\YassineSBOUI\Downloads\CV\FITNESS\17660419.pdf,.pdf
cv_01522,cv,AVIATION,raw/cv/AVIATION/cv_01522.pdf,C:\Users\YassineSBOUI\Downloads\CV\AVIATION\98389424.pdf,.pdf
cv_01523,cv,TEACHER,raw/cv/TEACHER/cv_01523.pdf,C:\Users\YassineSBOUI\Downloads\CV\TEACHER\28772892.pdf,.pdf
cv_01524,cv,HEALTHCARE,raw/cv/HEALTHCARE/cv_01524.pdf,C:\Users\YassineSBOUI\Downloads\CV\HEALTHCARE\15499825.pdf,.pdf
cv_01525,cv,BANKING,raw/cv/BANKING/cv_01525.pdf,C:\Users\YassineSBOUI\Downloads\CV\BANKING\39247950.pdf,.pdf
cv_01526,cv,FINANCE,raw/cv/FINANCE/cv_01526.pdf,C:\Users\YassineSBOUI\Downloads\CV\FINANCE\28623782.pdf,.pdf
cv_01527,cv,CONSTRUCTION,raw/cv/CONSTRUCTION/cv_01527.pdf,C:\Users\YassineSBOUI\Downloads\CV\CONSTRUCTION\28803888.pdf,.pdf
cv_01528,cv,TEACHER,raw/cv/TEACHER/cv_01528.pdf,C:\Users\YassineSBOUI\Downloads\CV\TEACHER\33704389.pdf,.pdf
cv_01529,cv,TEACHER,raw/cv/TEACHER/cv_01529.pdf,C:\Users\YassineSBOUI\Downloads\CV\TEACHER\27524018.pdf,.pdf
cv_01530,cv,CONSTRUCTION,raw/cv/CONSTRUCTION/cv_01530.pdf,C:\Users\YassineSBOUI\Downloads\CV\CONSTRUCTION\17342969.pdf,.pdf
cv_01531,cv,ENGINEERING,raw/cv/ENGINEERING/cv_01531.pdf,C:\Users\YassineSBOUI\Downloads\CV\ENGINEERING\44624796.pdf,.pdf
cv_01532,cv,CONSULTANT,raw/cv/CONSULTANT/cv_01532.pdf,C:\Users\YassineSBOUI\Downloads\CV\CONSULTANT\17307206.pdf,.pdf
cv_01533,cv,ADVOCATE,raw/cv/ADVOCATE/cv_01533.pdf,C:\Users\YassineSBOUI\Downloads\CV\ADVOCATE\20272792.pdf,.pdf
cv_01534,cv,ENGINEERING,raw/cv/ENGINEERING/cv_01534.pdf,C:\Users\YassineSBOUI\Downloads\CV\ENGINEERING\43752620.pdf,.pdf
cv_01535,cv,FITNESS,raw/cv/FITNESS/cv_01535.pdf,C:\Users\YassineSBOUI\Downloads\CV\FITNESS\23011221.pdf,.pdf
cv_01536,cv,HEALTHCARE,raw/cv/HEALTHCARE/cv_01536.pdf,C:\Users\YassineSBOUI\Downloads\CV\HEALTHCARE\17963031.pdf,.pdf
cv_01537,cv,DESIGNER,raw/cv/DESIGNER/cv_01537.pdf,C:\Users\YassineSBOUI\Downloads\CV\DESIGNER\18460045.pdf,.pdf
cv_01538,cv,APPAREL,raw/cv/APPAREL/cv_01538.pdf,C:\Users\YassineSBOUI\Downloads\CV\APPAREL\23190306.pdf,.pdf
cv_01539,cv,TEACHER,raw/cv/TEACHER/cv_01539.pdf,C:\Users\YassineSBOUI\Downloads\CV\TEACHER\27126818.pdf,.pdf
cv_01540,cv,DESIGNER,raw/cv/DESIGNER/cv_01540.pdf,C:\Users\YassineSBOUI\Downloads\CV\DESIGNER\39434376.pdf,.pdf
cv_01541,cv,CONSULTANT,raw/cv/CONSULTANT/cv_01541.pdf,C:\Users\YassineSBOUI\Downloads\CV\CONSULTANT\51432451.pdf,.pdf
cv_01542,cv,FITNESS,raw/cv/FITNESS/cv_01542.pdf,C:\Users\YassineSBOUI\Downloads\CV\FITNESS\52684666.pdf,.pdf
cv_01543,cv,TEACHER,raw/cv/TEACHER/cv_01543.pdf,C:\Users\YassineSBOUI\Downloads\CV\TEACHER\16820422.pdf,.pdf
cv_01544,cv,INFORMATION-TECHNOLOGY,raw/cv/INFORMATION-TECHNOLOGY/cv_01544.pdf,C:\Users\YassineSBOUI\Downloads\CV\INFORMATION-TECHNOLOGY\15791766.pdf,.pdf
cv_01545,cv,CONSULTANT,raw/cv/CONSULTANT/cv_01545.pdf,C:\Users\YassineSBOUI\Downloads\CV\CONSULTANT\29723311.pdf,.pdf
cv_01546,cv,FITNESS,raw/cv/FITNESS/cv_01546.pdf,C:\Users\YassineSBOUI\Downloads\CV\FITNESS\17163375.pdf,.pdf
cv_01547,cv,HEALTHCARE,raw/cv/HEALTHCARE/cv_01547.pdf,C:\Users\YassineSBOUI\Downloads\CV\HEALTHCARE\18365443.pdf,.pdf
cv_01548,cv,SALES,raw/cv/SALES/cv_01548.pdf,C:\Users\YassineSBOUI\Downloads\CV\SALES\23032182.pdf,.pdf
cv_01549,cv,INFORMATION-TECHNOLOGY,raw/cv/INFORMATION-TECHNOLOGY/cv_01549.pdf,C:\Users\YassineSBOUI\Downloads\CV\INFORMATION-TECHNOLOGY\37764298.pdf,.pdf
cv_01550,cv,BUSINESS-DEVELOPMENT,raw/cv/BUSINESS-DEVELOPMENT/cv_01550.pdf,C:\Users\YassineSBOUI\Downloads\CV\BUSINESS-DEVELOPMENT\35673335.pdf,.pdf
cv_01551,cv,HR,raw/cv/HR/cv_01551.pdf,C:\Users\YassineSBOUI\Downloads\CV\HR\18827609.pdf,.pdf
cv_01552,cv,FITNESS,raw/cv/FITNESS/cv_01552.pdf,C:\Users\YassineSBOUI\Downloads\CV\FITNESS\12695799.pdf,.pdf
cv_01553,cv,AVIATION,raw/cv/AVIATION/cv_01553.pdf,C:\Users\YassineSBOUI\Downloads\CV\AVIATION\29534737.pdf,.pdf
cv_01554,cv,CHEF,raw/cv/CHEF/cv_01554.pdf,C:\Users\YassineSBOUI\Downloads\CV\CHEF\92122785.pdf,.pdf
cv_01555,cv,FINANCE,raw/cv/FINANCE/cv_01555.pdf,C:\Users\YassineSBOUI\Downloads\CV\FINANCE\27330027.pdf,.pdf
cv_01556,cv,FINANCE,raw/cv/FINANCE/cv_01556.pdf,C:\Users\YassineSBOUI\Downloads\CV\FINANCE\25678238.pdf,.pdf
cv_01557,cv,AUTOMOBILE,raw/cv/AUTOMOBILE/cv_01557.pdf,C:\Users\YassineSBOUI\Downloads\CV\AUTOMOBILE\15790602.pdf,.pdf
cv_01558,cv,SALES,raw/cv/SALES/cv_01558.pdf,C:\Users\YassineSBOUI\Downloads\CV\SALES\20423658.pdf,.pdf
cv_01559,cv,DESIGNER,raw/cv/DESIGNER/cv_01559.pdf,C:\Users\YassineSBOUI\Downloads\CV\DESIGNER\93301686.pdf,.pdf
cv_01560,cv,ENGINEERING,raw/cv/ENGINEERING/cv_01560.pdf,C:\Users\YassineSBOUI\Downloads\CV\ENGINEERING\31694970.pdf,.pdf
cv_01561,cv,HR,raw/cv/HR/cv_01561.pdf,C:\Users\YassineSBOUI\Downloads\CV\HR\33176873.pdf,.pdf
cv_01562,cv,BUSINESS-DEVELOPMENT,raw/cv/BUSINESS-DEVELOPMENT/cv_01562.pdf,C:\Users\YassineSBOUI\Downloads\CV\BUSINESS-DEVELOPMENT\10235211.pdf,.pdf
cv_01563,cv,TEACHER,raw/cv/TEACHER/cv_01563.pdf,C:\Users\YassineSBOUI\Downloads\CV\TEACHER\34033933.pdf,.pdf
cv_01564,cv,CONSTRUCTION,raw/cv/CONSTRUCTION/cv_01564.pdf,C:\Users\YassineSBOUI\Downloads\CV\CONSTRUCTION\10281555.pdf,.pdf
cv_01565,cv,BUSINESS-DEVELOPMENT,raw/cv/BUSINESS-DEVELOPMENT/cv_01565.pdf,C:\Users\YassineSBOUI\Downloads\CV\BUSINESS-DEVELOPMENT\24647386.pdf,.pdf
cv_01566,cv,SALES,raw/cv/SALES/cv_01566.pdf,C:\Users\YassineSBOUI\Downloads\CV\SALES\26530696.pdf,.pdf
cv_01567,cv,ENGINEERING,raw/cv/ENGINEERING/cv_01567.pdf,C:\Users\YassineSBOUI\Downloads\CV\ENGINEERING\32081266.pdf,.pdf
cv_01568,cv,ACCOUNTANT,raw/cv/ACCOUNTANT/cv_01568.pdf,C:\Users\YassineSBOUI\Downloads\CV\ACCOUNTANT\23734441.pdf,.pdf
cv_01569,cv,ENGINEERING,raw/cv/ENGINEERING/cv_01569.pdf,C:\Users\YassineSBOUI\Downloads\CV\ENGINEERING\12748557.pdf,.pdf
cv_01570,cv,PUBLIC-RELATIONS,raw/cv/PUBLIC-RELATIONS/cv_01570.pdf,C:\Users\YassineSBOUI\Downloads\CV\PUBLIC-RELATIONS\13915715.pdf,.pdf
cv_01571,cv,BANKING,raw/cv/BANKING/cv_01571.pdf,C:\Users\YassineSBOUI\Downloads\CV\BANKING\32980197.pdf,.pdf
cv_01572,cv,TEACHER,raw/cv/TEACHER/cv_01572.pdf,C:\Users\YassineSBOUI\Downloads\CV\TEACHER\29930479.pdf,.pdf
cv_01573,cv,HR,raw/cv/HR/cv_01573.pdf,C:\Users\YassineSBOUI\Downloads\CV\HR\27165830.pdf,.pdf
cv_01574,cv,FINANCE,raw/cv/FINANCE/cv_01574.pdf,C:\Users\YassineSBOUI\Downloads\CV\FINANCE\27018361.pdf,.pdf
cv_01575,cv,CONSULTANT,raw/cv/CONSULTANT/cv_01575.pdf,C:\Users\YassineSBOUI\Downloads\CV\CONSULTANT\73075521.pdf,.pdf
cv_01576,cv,PUBLIC-RELATIONS,raw/cv/PUBLIC-RELATIONS/cv_01576.pdf,C:\Users\YassineSBOUI\Downloads\CV\PUBLIC-RELATIONS\13129275.pdf,.pdf
cv_01577,cv,FINANCE,raw/cv/FINANCE/cv_01577.pdf,C:\Users\YassineSBOUI\Downloads\CV\FINANCE\24611721.pdf,.pdf
cv_01578,cv,INFORMATION-TECHNOLOGY,raw/cv/INFORMATION-TECHNOLOGY/cv_01578.pdf,C:\Users\YassineSBOUI\Downloads\CV\INFORMATION-TECHNOLOGY\27536013.pdf,.pdf
cv_01579,cv,CHEF,raw/cv/CHEF/cv_01579.pdf,C:\Users\YassineSBOUI\Downloads\CV\CHEF\28176889.pdf,.pdf
cv_01580,cv,ENGINEERING,raw/cv/ENGINEERING/cv_01580.pdf,C:\Users\YassineSBOUI\Downloads\CV\ENGINEERING\32802563.pdf,.pdf
cv_01581,cv,ENGINEERING,raw/cv/ENGINEERING/cv_01581.pdf,C:\Users\YassineSBOUI\Downloads\CV\ENGINEERING\30542184.pdf,.pdf
cv_01582,cv,CONSULTANT,raw/cv/CONSULTANT/cv_01582.pdf,C:\Users\YassineSBOUI\Downloads\CV\CONSULTANT\38457612.pdf,.pdf
cv_01583,cv,CHEF,raw/cv/CHEF/cv_01583.pdf,C:\Users\YassineSBOUI\Downloads\CV\CHEF\81373857.pdf,.pdf
cv_01584,cv,APPAREL,raw/cv/APPAREL/cv_01584.pdf,C:\Users\YassineSBOUI\Downloads\CV\APPAREL\71767359.pdf,.pdf
cv_01585,cv,HEALTHCARE,raw/cv/HEALTHCARE/cv_01585.pdf,C:\Users\YassineSBOUI\Downloads\CV\HEALTHCARE\85417107.pdf,.pdf
cv_01586,cv,CONSTRUCTION,raw/cv/CONSTRUCTION/cv_01586.pdf,C:\Users\YassineSBOUI\Downloads\CV\CONSTRUCTION\48549972.pdf,.pdf
cv_01587,cv,ARTS,raw/cv/ARTS/cv_01587.pdf,C:\Users\YassineSBOUI\Downloads\CV\ARTS\15265464.pdf,.pdf
cv_01588,cv,TEACHER,raw/cv/TEACHER/cv_01588.pdf,C:\Users\YassineSBOUI\Downloads\CV\TEACHER\70892619.pdf,.pdf
cv_01589,cv,INFORMATION-TECHNOLOGY,raw/cv/INFORMATION-TECHNOLOGY/cv_01589.pdf,C:\Users\YassineSBOUI\Downloads\CV\INFORMATION-TECHNOLOGY\39413067.pdf,.pdf
cv_01590,cv,AVIATION,raw/cv/AVIATION/cv_01590.pdf,C:\Users\YassineSBOUI\Downloads\CV\AVIATION\90318913.pdf,.pdf
cv_01591,cv,ARTS,raw/cv/ARTS/cv_01591.pdf,C:\Users\YassineSBOUI\Downloads\CV\ARTS\65325317.pdf,.pdf
cv_01592,cv,ENGINEERING,raw/cv/ENGINEERING/cv_01592.pdf,C:\Users\YassineSBOUI\Downloads\CV\ENGINEERING\82125182.pdf,.pdf
cv_01593,cv,ACCOUNTANT,raw/cv/ACCOUNTANT/cv_01593.pdf,C:\Users\YassineSBOUI\Downloads\CV\ACCOUNTANT\13072019.pdf,.pdf
cv_01594,cv,CONSULTANT,raw/cv/CONSULTANT/cv_01594.pdf,C:\Users\YassineSBOUI\Downloads\CV\CONSULTANT\26234972.pdf,.pdf
cv_01595,cv,ADVOCATE,raw/cv/ADVOCATE/cv_01595.pdf,C:\Users\YassineSBOUI\Downloads\CV\ADVOCATE\10818478.pdf,.pdf
cv_01596,cv,HR,raw/cv/HR/cv_01596.pdf,C:\Users\YassineSBOUI\Downloads\CV\HR\13520837.pdf,.pdf
cv_01597,cv,CHEF,raw/cv/CHEF/cv_01597.pdf,C:\Users\YassineSBOUI\Downloads\CV\CHEF\24221960.pdf,.pdf
cv_01598,cv,CHEF,raw/cv/CHEF/cv_01598.pdf,C:\Users\YassineSBOUI\Downloads\CV\CHEF\10889157.pdf,.pdf
cv_01599,cv,DIGITAL-MEDIA,raw/cv/DIGITAL-MEDIA/cv_01599.pdf,C:\Users\YassineSBOUI\Downloads\CV\DIGITAL-MEDIA\16276121.pdf,.pdf
cv_01600,cv,FITNESS,raw/cv/FITNESS/cv_01600.pdf,C:\Users\YassineSBOUI\Downloads\CV\FITNESS\28669770.pdf,.pdf
cv_01601,cv,CHEF,raw/cv/CHEF/cv_01601.pdf,C:\Users\YassineSBOUI\Downloads\CV\CHEF\23568731.pdf,.pdf
cv_01602,cv,DIGITAL-MEDIA,raw/cv/DIGITAL-MEDIA/cv_01602.pdf,C:\Users\YassineSBOUI\Downloads\CV\DIGITAL-MEDIA\15226699.pdf,.pdf
cv_01603,cv,SALES,raw/cv/SALES/cv_01603.pdf,C:\Users\YassineSBOUI\Downloads\CV\SALES\65456466.pdf,.pdf
cv_01604,cv,SALES,raw/cv/SALES/cv_01604.pdf,C:\Users\YassineSBOUI\Downloads\CV\SALES\26994282.pdf,.pdf
cv_01605,cv,DESIGNER,raw/cv/DESIGNER/cv_01605.pdf,C:\Users\YassineSBOUI\Downloads\CV\DESIGNER\14528265.pdf,.pdf
cv_01606,cv,CONSTRUCTION,raw/cv/CONSTRUCTION/cv_01606.pdf,C:\Users\YassineSBOUI\Downloads\CV\CONSTRUCTION\29193505.pdf,.pdf
cv_01607,cv,CONSULTANT,raw/cv/CONSULTANT/cv_01607.pdf,C:\Users\YassineSBOUI\Downloads\CV\CONSULTANT\57364820.pdf,.pdf
cv_01608,cv,INFORMATION-TECHNOLOGY,raw/cv/INFORMATION-TECHNOLOGY/cv_01608.pdf,C:\Users\YassineSBOUI\Downloads\CV\INFORMATION-TECHNOLOGY\27058381.pdf,.pdf
cv_01609,cv,ARTS,raw/cv/ARTS/cv_01609.pdf,C:\Users\YassineSBOUI\Downloads\CV\ARTS\11555549.pdf,.pdf
cv_01610,cv,AGRICULTURE,raw/cv/AGRICULTURE/cv_01610.pdf,C:\Users\YassineSBOUI\Downloads\CV\AGRICULTURE\34141299.pdf,.pdf
cv_01611,cv,CHEF,raw/cv/CHEF/cv_01611.pdf,C:\Users\YassineSBOUI\Downloads\CV\CHEF\11209758.pdf,.pdf
cv_01612,cv,ACCOUNTANT,raw/cv/ACCOUNTANT/cv_01612.pdf,C:\Users\YassineSBOUI\Downloads\CV\ACCOUNTANT\19545827.pdf,.pdf
cv_01613,cv,BANKING,raw/cv/BANKING/cv_01613.pdf,C:\Users\YassineSBOUI\Downloads\CV\BANKING\36905896.pdf,.pdf
cv_01614,cv,HR,raw/cv/HR/cv_01614.pdf,C:\Users\YassineSBOUI\Downloads\CV\HR\11592605.pdf,.pdf
cv_01615,cv,DESIGNER,raw/cv/DESIGNER/cv_01615.pdf,C:\Users\YassineSBOUI\Downloads\CV\DESIGNER\30965258.pdf,.pdf
cv_01616,cv,PUBLIC-RELATIONS,raw/cv/PUBLIC-RELATIONS/cv_01616.pdf,C:\Users\YassineSBOUI\Downloads\CV\PUBLIC-RELATIONS\22754014.pdf,.pdf
cv_01617,cv,AVIATION,raw/cv/AVIATION/cv_01617.pdf,C:\Users\YassineSBOUI\Downloads\CV\AVIATION\17876954.pdf,.pdf
cv_01618,cv,HR,raw/cv/HR/cv_01618.pdf,C:\Users\YassineSBOUI\Downloads\CV\HR\10694288.pdf,.pdf
cv_01619,cv,AGRICULTURE,raw/cv/AGRICULTURE/cv_01619.pdf,C:\Users\YassineSBOUI\Downloads\CV\AGRICULTURE\54246169.pdf,.pdf
cv_01620,cv,PUBLIC-RELATIONS,raw/cv/PUBLIC-RELATIONS/cv_01620.pdf,C:\Users\YassineSBOUI\Downloads\CV\PUBLIC-RELATIONS\25001005.pdf,.pdf
cv_01621,cv,HEALTHCARE,raw/cv/HEALTHCARE/cv_01621.pdf,C:\Users\YassineSBOUI\Downloads\CV\HEALTHCARE\14062078.pdf,.pdf
cv_01622,cv,APPAREL,raw/cv/APPAREL/cv_01622.pdf,C:\Users\YassineSBOUI\Downloads\CV\APPAREL\11232471.pdf,.pdf
cv_01623,cv,HR,raw/cv/HR/cv_01623.pdf,C:\Users\YassineSBOUI\Downloads\CV\HR\28808263.pdf,.pdf
cv_01624,cv,APPAREL,raw/cv/APPAREL/cv_01624.pdf,C:\Users\YassineSBOUI\Downloads\CV\APPAREL\13418452.pdf,.pdf
cv_01625,cv,FITNESS,raw/cv/FITNESS/cv_01625.pdf,C:\Users\YassineSBOUI\Downloads\CV\FITNESS\55746506.pdf,.pdf
cv_01626,cv,FINANCE,raw/cv/FINANCE/cv_01626.pdf,C:\Users\YassineSBOUI\Downloads\CV\FINANCE\24411323.pdf,.pdf
cv_01627,cv,CONSTRUCTION,raw/cv/CONSTRUCTION/cv_01627.pdf,C:\Users\YassineSBOUI\Downloads\CV\CONSTRUCTION\25224998.pdf,.pdf
cv_01628,cv,DESIGNER,raw/cv/DESIGNER/cv_01628.pdf,C:\Users\YassineSBOUI\Downloads\CV\DESIGNER\13774329.pdf,.pdf
cv_01629,cv,INFORMATION-TECHNOLOGY,raw/cv/INFORMATION-TECHNOLOGY/cv_01629.pdf,C:\Users\YassineSBOUI\Downloads\CV\INFORMATION-TECHNOLOGY\35325329.pdf,.pdf
cv_01630,cv,HR,raw/cv/HR/cv_01630.pdf,C:\Users\YassineSBOUI\Downloads\CV\HR\14886205.pdf,.pdf
cv_01631,cv,HEALTHCARE,raw/cv/HEALTHCARE/cv_01631.pdf,C:\Users\YassineSBOUI\Downloads\CV\HEALTHCARE\12938200.pdf,.pdf
cv_01632,cv,BPO,raw/cv/BPO/cv_01632.pdf,C:\Users\YassineSBOUI\Downloads\CV\BPO\95625660.pdf,.pdf
cv_01633,cv,CONSULTANT,raw/cv/CONSULTANT/cv_01633.pdf,C:\Users\YassineSBOUI\Downloads\CV\CONSULTANT\91189201.pdf,.pdf
cv_01634,cv,SALES,raw/cv/SALES/cv_01634.pdf,C:\Users\YassineSBOUI\Downloads\CV\SALES\54101961.pdf,.pdf
cv_01635,cv,CONSULTANT,raw/cv/CONSULTANT/cv_01635.pdf,C:\Users\YassineSBOUI\Downloads\CV\CONSULTANT\37818861.pdf,.pdf
cv_01636,cv,HEALTHCARE,raw/cv/HEALTHCARE/cv_01636.pdf,C:\Users\YassineSBOUI\Downloads\CV\HEALTHCARE\20211577.pdf,.pdf
cv_01637,cv,FINANCE,raw/cv/FINANCE/cv_01637.pdf,C:\Users\YassineSBOUI\Downloads\CV\FINANCE\20918464.pdf,.pdf
cv_01638,cv,CONSTRUCTION,raw/cv/CONSTRUCTION/cv_01638.pdf,C:\Users\YassineSBOUI\Downloads\CV\CONSTRUCTION\29878348.pdf,.pdf
cv_01639,cv,AGRICULTURE,raw/cv/AGRICULTURE/cv_01639.pdf,C:\Users\YassineSBOUI\Downloads\CV\AGRICULTURE\40882926.pdf,.pdf
cv_01640,cv,DIGITAL-MEDIA,raw/cv/DIGITAL-MEDIA/cv_01640.pdf,C:\Users\YassineSBOUI\Downloads\CV\DIGITAL-MEDIA\14761906.pdf,.pdf
cv_01641,cv,BANKING,raw/cv/BANKING/cv_01641.pdf,C:\Users\YassineSBOUI\Downloads\CV\BANKING\30127072.pdf,.pdf
cv_01642,cv,APPAREL,raw/cv/APPAREL/cv_01642.pdf,C:\Users\YassineSBOUI\Downloads\CV\APPAREL\14937492.pdf,.pdf
cv_01643,cv,AGRICULTURE,raw/cv/AGRICULTURE/cv_01643.pdf,C:\Users\YassineSBOUI\Downloads\CV\AGRICULTURE\84512719.pdf,.pdf
cv_01644,cv,AVIATION,raw/cv/AVIATION/cv_01644.pdf,C:\Users\YassineSBOUI\Downloads\CV\AVIATION\26888302.pdf,.pdf
cv_01645,cv,ARTS,raw/cv/ARTS/cv_01645.pdf,C:\Users\YassineSBOUI\Downloads\CV\ARTS\23139437.pdf,.pdf
cv_01646,cv,AGRICULTURE,raw/cv/AGRICULTURE/cv_01646.pdf,C:\Users\YassineSBOUI\Downloads\CV\AGRICULTURE\16507693.pdf,.pdf
cv_01647,cv,FINANCE,raw/cv/FINANCE/cv_01647.pdf,C:\Users\YassineSBOUI\Downloads\CV\FINANCE\39675895.pdf,.pdf
cv_01648,cv,AGRICULTURE,raw/cv/AGRICULTURE/cv_01648.pdf,C:\Users\YassineSBOUI\Downloads\CV\AGRICULTURE\29510501.pdf,.pdf
cv_01649,cv,DIGITAL-MEDIA,raw/cv/DIGITAL-MEDIA/cv_01649.pdf,C:\Users\YassineSBOUI\Downloads\CV\DIGITAL-MEDIA\20330739.pdf,.pdf
cv_01650,cv,HR,raw/cv/HR/cv_01650.pdf,C:\Users\YassineSBOUI\Downloads\CV\HR\24184357.pdf,.pdf
cv_01651,cv,SALES,raw/cv/SALES/cv_01651.pdf,C:\Users\YassineSBOUI\Downloads\CV\SALES\30529547.pdf,.pdf
cv_01652,cv,DESIGNER,raw/cv/DESIGNER/cv_01652.pdf,C:\Users\YassineSBOUI\Downloads\CV\DESIGNER\19164410.pdf,.pdf
cv_01653,cv,INFORMATION-TECHNOLOGY,raw/cv/INFORMATION-TECHNOLOGY/cv_01653.pdf,C:\Users\YassineSBOUI\Downloads\CV\INFORMATION-TECHNOLOGY\19850482.pdf,.pdf
cv_01654,cv,FINANCE,raw/cv/FINANCE/cv_01654.pdf,C:\Users\YassineSBOUI\Downloads\CV\FINANCE\95519832.pdf,.pdf
cv_01655,cv,DIGITAL-MEDIA,raw/cv/DIGITAL-MEDIA/cv_01655.pdf,C:\Users\YassineSBOUI\Downloads\CV\DIGITAL-MEDIA\23864858.pdf,.pdf
cv_01656,cv,DIGITAL-MEDIA,raw/cv/DIGITAL-MEDIA/cv_01656.pdf,C:\Users\YassineSBOUI\Downloads\CV\DIGITAL-MEDIA\17562754.pdf,.pdf
cv_01657,cv,APPAREL,raw/cv/APPAREL/cv_01657.pdf,C:\Users\YassineSBOUI\Downloads\CV\APPAREL\37750854.pdf,.pdf
cv_01658,cv,DESIGNER,raw/cv/DESIGNER/cv_01658.pdf,C:\Users\YassineSBOUI\Downloads\CV\DESIGNER\44145704.pdf,.pdf
cv_01659,cv,SALES,raw/cv/SALES/cv_01659.pdf,C:\Users\YassineSBOUI\Downloads\CV\SALES\69155584.pdf,.pdf
cv_01660,cv,TEACHER,raw/cv/TEACHER/cv_01660.pdf,C:\Users\YassineSBOUI\Downloads\CV\TEACHER\13855004.pdf,.pdf
cv_01661,cv,BANKING,raw/cv/BANKING/cv_01661.pdf,C:\Users\YassineSBOUI\Downloads\CV\BANKING\18369400.pdf,.pdf
cv_01662,cv,FINANCE,raw/cv/FINANCE/cv_01662.pdf,C:\Users\YassineSBOUI\Downloads\CV\FINANCE\14722634.pdf,.pdf
cv_01663,cv,CONSULTANT,raw/cv/CONSULTANT/cv_01663.pdf,C:\Users\YassineSBOUI\Downloads\CV\CONSULTANT\15281412.pdf,.pdf
cv_01664,cv,INFORMATION-TECHNOLOGY,raw/cv/INFORMATION-TECHNOLOGY/cv_01664.pdf,C:\Users\YassineSBOUI\Downloads\CV\INFORMATION-TECHNOLOGY\41344156.pdf,.pdf
cv_01665,cv,CONSULTANT,raw/cv/CONSULTANT/cv_01665.pdf,C:\Users\YassineSBOUI\Downloads\CV\CONSULTANT\63670997.pdf,.pdf
cv_01666,cv,BUSINESS-DEVELOPMENT,raw/cv/BUSINESS-DEVELOPMENT/cv_01666.pdf,C:\Users\YassineSBOUI\Downloads\CV\BUSINESS-DEVELOPMENT\27004930.pdf,.pdf
cv_01667,cv,TEACHER,raw/cv/TEACHER/cv_01667.pdf,C:\Users\YassineSBOUI\Downloads\CV\TEACHER\22510753.pdf,.pdf
cv_01668,cv,AVIATION,raw/cv/AVIATION/cv_01668.pdf,C:\Users\YassineSBOUI\Downloads\CV\AVIATION\77626587.pdf,.pdf
cv_01669,cv,DESIGNER,raw/cv/DESIGNER/cv_01669.pdf,C:\Users\YassineSBOUI\Downloads\CV\DESIGNER\24583187.pdf,.pdf
cv_01670,cv,CONSTRUCTION,raw/cv/CONSTRUCTION/cv_01670.pdf,C:\Users\YassineSBOUI\Downloads\CV\CONSTRUCTION\24953126.pdf,.pdf
cv_01671,cv,TEACHER,raw/cv/TEACHER/cv_01671.pdf,C:\Users\YassineSBOUI\Downloads\CV\TEACHER\53129155.pdf,.pdf
cv_01672,cv,DIGITAL-MEDIA,raw/cv/DIGITAL-MEDIA/cv_01672.pdf,C:\Users\YassineSBOUI\Downloads\CV\DIGITAL-MEDIA\91539554.pdf,.pdf
cv_01673,cv,AVIATION,raw/cv/AVIATION/cv_01673.pdf,C:\Users\YassineSBOUI\Downloads\CV\AVIATION\94137171.pdf,.pdf
cv_01674,cv,TEACHER,raw/cv/TEACHER/cv_01674.pdf,C:\Users\YassineSBOUI\Downloads\CV\TEACHER\45987048.pdf,.pdf
cv_01675,cv,PUBLIC-RELATIONS,raw/cv/PUBLIC-RELATIONS/cv_01675.pdf,C:\Users\YassineSBOUI\Downloads\CV\PUBLIC-RELATIONS\24710433.pdf,.pdf
cv_01676,cv,PUBLIC-RELATIONS,raw/cv/PUBLIC-RELATIONS/cv_01676.pdf,C:\Users\YassineSBOUI\Downloads\CV\PUBLIC-RELATIONS\88651471.pdf,.pdf
cv_01677,cv,HEALTHCARE,raw/cv/HEALTHCARE/cv_01677.pdf,C:\Users\YassineSBOUI\Downloads\CV\HEALTHCARE\85421438.pdf,.pdf
cv_01678,cv,BANKING,raw/cv/BANKING/cv_01678.pdf,C:\Users\YassineSBOUI\Downloads\CV\BANKING\28051330.pdf,.pdf
cv_01679,cv,INFORMATION-TECHNOLOGY,raw/cv/INFORMATION-TECHNOLOGY/cv_01679.pdf,C:\Users\YassineSBOUI\Downloads\CV\INFORMATION-TECHNOLOGY\92069209.pdf,.pdf
cv_01680,cv,FITNESS,raw/cv/FITNESS/cv_01680.pdf,C:\Users\YassineSBOUI\Downloads\CV\FITNESS\96761538.pdf,.pdf
cv_01681,cv,FINANCE,raw/cv/FINANCE/cv_01681.pdf,C:\Users\YassineSBOUI\Downloads\CV\FINANCE\86549455.pdf,.pdf
cv_01682,cv,ADVOCATE,raw/cv/ADVOCATE/cv_01682.pdf,C:\Users\YassineSBOUI\Downloads\CV\ADVOCATE\44115326.pdf,.pdf
cv_01683,cv,CONSULTANT,raw/cv/CONSULTANT/cv_01683.pdf,C:\Users\YassineSBOUI\Downloads\CV\CONSULTANT\38165833.pdf,.pdf
cv_01684,cv,ADVOCATE,raw/cv/ADVOCATE/cv_01684.pdf,C:\Users\YassineSBOUI\Downloads\CV\ADVOCATE\20604208.pdf,.pdf
cv_01685,cv,FITNESS,raw/cv/FITNESS/cv_01685.pdf,C:\Users\YassineSBOUI\Downloads\CV\FITNESS\24708621.pdf,.pdf
cv_01686,cv,FINANCE,raw/cv/FINANCE/cv_01686.pdf,C:\Users\YassineSBOUI\Downloads\CV\FINANCE\86595128.pdf,.pdf
cv_01687,cv,DIGITAL-MEDIA,raw/cv/DIGITAL-MEDIA/cv_01687.pdf,C:\Users\YassineSBOUI\Downloads\CV\DIGITAL-MEDIA\18501746.pdf,.pdf
cv_01688,cv,ENGINEERING,raw/cv/ENGINEERING/cv_01688.pdf,C:\Users\YassineSBOUI\Downloads\CV\ENGINEERING\18753367.pdf,.pdf
cv_01689,cv,AVIATION,raw/cv/AVIATION/cv_01689.pdf,C:\Users\YassineSBOUI\Downloads\CV\AVIATION\17152392.pdf,.pdf
cv_01690,cv,ARTS,raw/cv/ARTS/cv_01690.pdf,C:\Users\YassineSBOUI\Downloads\CV\ARTS\22848179.pdf,.pdf
cv_01691,cv,TEACHER,raw/cv/TEACHER/cv_01691.pdf,C:\Users\YassineSBOUI\Downloads\CV\TEACHER\20626794.pdf,.pdf
cv_01692,cv,DIGITAL-MEDIA,raw/cv/DIGITAL-MEDIA/cv_01692.pdf,C:\Users\YassineSBOUI\Downloads\CV\DIGITAL-MEDIA\26160200.pdf,.pdf
cv_01693,cv,ACCOUNTANT,raw/cv/ACCOUNTANT/cv_01693.pdf,C:\Users\YassineSBOUI\Downloads\CV\ACCOUNTANT\24817041.pdf,.pdf
cv_01694,cv,BUSINESS-DEVELOPMENT,raw/cv/BUSINESS-DEVELOPMENT/cv_01694.pdf,C:\Users\YassineSBOUI\Downloads\CV\BUSINESS-DEVELOPMENT\31273310.pdf,.pdf
cv_01695,cv,BUSINESS-DEVELOPMENT,raw/cv/BUSINESS-DEVELOPMENT/cv_01695.pdf,C:\Users\YassineSBOUI\Downloads\CV\BUSINESS-DEVELOPMENT\24964303.pdf,.pdf
cv_01696,cv,HEALTHCARE,raw/cv/HEALTHCARE/cv_01696.pdf,C:\Users\YassineSBOUI\Downloads\CV\HEALTHCARE\17960690.pdf,.pdf
cv_01697,cv,CHEF,raw/cv/CHEF/cv_01697.pdf,C:\Users\YassineSBOUI\Downloads\CV\CHEF\19007667.pdf,.pdf
cv_01698,cv,ARTS,raw/cv/ARTS/cv_01698.pdf,C:\Users\YassineSBOUI\Downloads\CV\ARTS\30594821.pdf,.pdf
cv_01699,cv,INFORMATION-TECHNOLOGY,raw/cv/INFORMATION-TECHNOLOGY/cv_01699.pdf,C:\Users\YassineSBOUI\Downloads\CV\INFORMATION-TECHNOLOGY\23666211.pdf,.pdf
cv_01700,cv,ENGINEERING,raw/cv/ENGINEERING/cv_01700.pdf,C:\Users\YassineSBOUI\Downloads\CV\ENGINEERING\12011623.pdf,.pdf
cv_01701,cv,ACCOUNTANT,raw/cv/ACCOUNTANT/cv_01701.pdf,C:\Users\YassineSBOUI\Downloads\CV\ACCOUNTANT\20345168.pdf,.pdf
cv_01702,cv,HEALTHCARE,raw/cv/HEALTHCARE/cv_01702.pdf,C:\Users\YassineSBOUI\Downloads\CV\HEALTHCARE\27030979.pdf,.pdf
cv_01703,cv,BUSINESS-DEVELOPMENT,raw/cv/BUSINESS-DEVELOPMENT/cv_01703.pdf,C:\Users\YassineSBOUI\Downloads\CV\BUSINESS-DEVELOPMENT\19738730.pdf,.pdf
cv_01704,cv,FITNESS,raw/cv/FITNESS/cv_01704.pdf,C:\Users\YassineSBOUI\Downloads\CV\FITNESS\15932017.pdf,.pdf
cv_01705,cv,PUBLIC-RELATIONS,raw/cv/PUBLIC-RELATIONS/cv_01705.pdf,C:\Users\YassineSBOUI\Downloads\CV\PUBLIC-RELATIONS\85973397.pdf,.pdf
cv_01706,cv,APPAREL,raw/cv/APPAREL/cv_01706.pdf,C:\Users\YassineSBOUI\Downloads\CV\APPAREL\21570485.pdf,.pdf
cv_01707,cv,APPAREL,raw/cv/APPAREL/cv_01707.pdf,C:\Users\YassineSBOUI\Downloads\CV\APPAREL\28998957.pdf,.pdf
cv_01708,cv,DESIGNER,raw/cv/DESIGNER/cv_01708.pdf,C:\Users\YassineSBOUI\Downloads\CV\DESIGNER\91153752.pdf,.pdf
cv_01709,cv,BUSINESS-DEVELOPMENT,raw/cv/BUSINESS-DEVELOPMENT/cv_01709.pdf,C:\Users\YassineSBOUI\Downloads\CV\BUSINESS-DEVELOPMENT\67501448.pdf,.pdf
cv_01710,cv,HEALTHCARE,raw/cv/HEALTHCARE/cv_01710.pdf,C:\Users\YassineSBOUI\Downloads\CV\HEALTHCARE\96260484.pdf,.pdf
cv_01711,cv,ARTS,raw/cv/ARTS/cv_01711.pdf,C:\Users\YassineSBOUI\Downloads\CV\ARTS\11995013.pdf,.pdf
cv_01712,cv,CHEF,raw/cv/CHEF/cv_01712.pdf,C:\Users\YassineSBOUI\Downloads\CV\CHEF\47603843.pdf,.pdf
cv_01713,cv,BUSINESS-DEVELOPMENT,raw/cv/BUSINESS-DEVELOPMENT/cv_01713.pdf,C:\Users\YassineSBOUI\Downloads\CV\BUSINESS-DEVELOPMENT\27937592.pdf,.pdf
cv_01714,cv,CONSULTANT,raw/cv/CONSULTANT/cv_01714.pdf,C:\Users\YassineSBOUI\Downloads\CV\CONSULTANT\28951817.pdf,.pdf
cv_01715,cv,BANKING,raw/cv/BANKING/cv_01715.pdf,C:\Users\YassineSBOUI\Downloads\CV\BANKING\35492909.pdf,.pdf
cv_01716,cv,APPAREL,raw/cv/APPAREL/cv_01716.pdf,C:\Users\YassineSBOUI\Downloads\CV\APPAREL\16723524.pdf,.pdf
cv_01717,cv,CONSTRUCTION,raw/cv/CONSTRUCTION/cv_01717.pdf,C:\Users\YassineSBOUI\Downloads\CV\CONSTRUCTION\21586858.pdf,.pdf
cv_01718,cv,APPAREL,raw/cv/APPAREL/cv_01718.pdf,C:\Users\YassineSBOUI\Downloads\CV\APPAREL\18509268.pdf,.pdf
cv_01719,cv,CONSTRUCTION,raw/cv/CONSTRUCTION/cv_01719.pdf,C:\Users\YassineSBOUI\Downloads\CV\CONSTRUCTION\20565849.pdf,.pdf
cv_01720,cv,AUTOMOBILE,raw/cv/AUTOMOBILE/cv_01720.pdf,C:\Users\YassineSBOUI\Downloads\CV\AUTOMOBILE\15210069.pdf,.pdf
cv_01721,cv,ENGINEERING,raw/cv/ENGINEERING/cv_01721.pdf,C:\Users\YassineSBOUI\Downloads\CV\ENGINEERING\10712803.pdf,.pdf
cv_01722,cv,APPAREL,raw/cv/APPAREL/cv_01722.pdf,C:\Users\YassineSBOUI\Downloads\CV\APPAREL\43852883.pdf,.pdf
cv_01723,cv,FINANCE,raw/cv/FINANCE/cv_01723.pdf,C:\Users\YassineSBOUI\Downloads\CV\FINANCE\16449850.pdf,.pdf
cv_01724,cv,DIGITAL-MEDIA,raw/cv/DIGITAL-MEDIA/cv_01724.pdf,C:\Users\YassineSBOUI\Downloads\CV\DIGITAL-MEDIA\20628003.pdf,.pdf
cv_01725,cv,FITNESS,raw/cv/FITNESS/cv_01725.pdf,C:\Users\YassineSBOUI\Downloads\CV\FITNESS\90365216.pdf,.pdf
cv_01726,cv,DESIGNER,raw/cv/DESIGNER/cv_01726.pdf,C:\Users\YassineSBOUI\Downloads\CV\DESIGNER\14014749.pdf,.pdf
cv_01727,cv,FITNESS,raw/cv/FITNESS/cv_01727.pdf,C:\Users\YassineSBOUI\Downloads\CV\FITNESS\27397245.pdf,.pdf
cv_01728,cv,SALES,raw/cv/SALES/cv_01728.pdf,C:\Users\YassineSBOUI\Downloads\CV\SALES\23782450.pdf,.pdf
cv_01729,cv,ADVOCATE,raw/cv/ADVOCATE/cv_01729.pdf,C:\Users\YassineSBOUI\Downloads\CV\ADVOCATE\46772262.pdf,.pdf
cv_01730,cv,DIGITAL-MEDIA,raw/cv/DIGITAL-MEDIA/cv_01730.pdf,C:\Users\YassineSBOUI\Downloads\CV\DIGITAL-MEDIA\91318828.pdf,.pdf
cv_01731,cv,FINANCE,raw/cv/FINANCE/cv_01731.pdf,C:\Users\YassineSBOUI\Downloads\CV\FINANCE\57088974.pdf,.pdf
cv_01732,cv,ACCOUNTANT,raw/cv/ACCOUNTANT/cv_01732.pdf,C:\Users\YassineSBOUI\Downloads\CV\ACCOUNTANT\33527446.pdf,.pdf
cv_01733,cv,AVIATION,raw/cv/AVIATION/cv_01733.pdf,C:\Users\YassineSBOUI\Downloads\CV\AVIATION\16850314.pdf,.pdf
cv_01734,cv,PUBLIC-RELATIONS,raw/cv/PUBLIC-RELATIONS/cv_01734.pdf,C:\Users\YassineSBOUI\Downloads\CV\PUBLIC-RELATIONS\20470943.pdf,.pdf
cv_01735,cv,HEALTHCARE,raw/cv/HEALTHCARE/cv_01735.pdf,C:\Users\YassineSBOUI\Downloads\CV\HEALTHCARE\15680735.pdf,.pdf
cv_01736,cv,CHEF,raw/cv/CHEF/cv_01736.pdf,C:\Users\YassineSBOUI\Downloads\CV\CHEF\91072502.pdf,.pdf
cv_01737,cv,DIGITAL-MEDIA,raw/cv/DIGITAL-MEDIA/cv_01737.pdf,C:\Users\YassineSBOUI\Downloads\CV\DIGITAL-MEDIA\13328680.pdf,.pdf
cv_01738,cv,ENGINEERING,raw/cv/ENGINEERING/cv_01738.pdf,C:\Users\YassineSBOUI\Downloads\CV\ENGINEERING\28630325.pdf,.pdf
cv_01739,cv,HEALTHCARE,raw/cv/HEALTHCARE/cv_01739.pdf,C:\Users\YassineSBOUI\Downloads\CV\HEALTHCARE\17539842.pdf,.pdf
cv_01740,cv,PUBLIC-RELATIONS,raw/cv/PUBLIC-RELATIONS/cv_01740.pdf,C:\Users\YassineSBOUI\Downloads\CV\PUBLIC-RELATIONS\98086373.pdf,.pdf
cv_01741,cv,CHEF,raw/cv/CHEF/cv_01741.pdf,C:\Users\YassineSBOUI\Downloads\CV\CHEF\20033302.pdf,.pdf
cv_01742,cv,TEACHER,raw/cv/TEACHER/cv_01742.pdf,C:\Users\YassineSBOUI\Downloads\CV\TEACHER\51209395.pdf,.pdf
cv_01743,cv,CHEF,raw/cv/CHEF/cv_01743.pdf,C:\Users\YassineSBOUI\Downloads\CV\CHEF\16804396.pdf,.pdf
cv_01744,cv,HR,raw/cv/HR/cv_01744.pdf,C:\Users\YassineSBOUI\Downloads\CV\HR\87968870.pdf,.pdf
cv_01745,cv,ARTS,raw/cv/ARTS/cv_01745.pdf,C:\Users\YassineSBOUI\Downloads\CV\ARTS\22800977.pdf,.pdf
cv_01746,cv,HR,raw/cv/HR/cv_01746.pdf,C:\Users\YassineSBOUI\Downloads\CV\HR\80162314.pdf,.pdf
cv_01747,cv,CHEF,raw/cv/CHEF/cv_01747.pdf,C:\Users\YassineSBOUI\Downloads\CV\CHEF\10333299.pdf,.pdf
cv_01748,cv,BANKING,raw/cv/BANKING/cv_01748.pdf,C:\Users\YassineSBOUI\Downloads\CV\BANKING\11637468.pdf,.pdf
cv_01749,cv,AVIATION,raw/cv/AVIATION/cv_01749.pdf,C:\Users\YassineSBOUI\Downloads\CV\AVIATION\17686472.pdf,.pdf
cv_01750,cv,BANKING,raw/cv/BANKING/cv_01750.pdf,C:\Users\YassineSBOUI\Downloads\CV\BANKING\14391434.pdf,.pdf
cv_01751,cv,AGRICULTURE,raw/cv/AGRICULTURE/cv_01751.pdf,C:\Users\YassineSBOUI\Downloads\CV\AGRICULTURE\17312146.pdf,.pdf
cv_01752,cv,ENGINEERING,raw/cv/ENGINEERING/cv_01752.pdf,C:\Users\YassineSBOUI\Downloads\CV\ENGINEERING\13149176.pdf,.pdf
cv_01753,cv,HEALTHCARE,raw/cv/HEALTHCARE/cv_01753.pdf,C:\Users\YassineSBOUI\Downloads\CV\HEALTHCARE\11653906.pdf,.pdf
cv_01754,cv,AGRICULTURE,raw/cv/AGRICULTURE/cv_01754.pdf,C:\Users\YassineSBOUI\Downloads\CV\AGRICULTURE\55500538.pdf,.pdf
cv_01755,cv,INFORMATION-TECHNOLOGY,raw/cv/INFORMATION-TECHNOLOGY/cv_01755.pdf,C:\Users\YassineSBOUI\Downloads\CV\INFORMATION-TECHNOLOGY\25905275.pdf,.pdf
cv_01756,cv,BUSINESS-DEVELOPMENT,raw/cv/BUSINESS-DEVELOPMENT/cv_01756.pdf,C:\Users\YassineSBOUI\Downloads\CV\BUSINESS-DEVELOPMENT\18236085.pdf,.pdf
cv_01757,cv,AVIATION,raw/cv/AVIATION/cv_01757.pdf,C:\Users\YassineSBOUI\Downloads\CV\AVIATION\11752500.pdf,.pdf
cv_01758,cv,ADVOCATE,raw/cv/ADVOCATE/cv_01758.pdf,C:\Users\YassineSBOUI\Downloads\CV\ADVOCATE\37640804.pdf,.pdf
cv_01759,cv,CHEF,raw/cv/CHEF/cv_01759.pdf,C:\Users\YassineSBOUI\Downloads\CV\CHEF\16855929.pdf,.pdf
cv_01760,cv,ACCOUNTANT,raw/cv/ACCOUNTANT/cv_01760.pdf,C:\Users\YassineSBOUI\Downloads\CV\ACCOUNTANT\11163645.pdf,.pdf
cv_01761,cv,BANKING,raw/cv/BANKING/cv_01761.pdf,C:\Users\YassineSBOUI\Downloads\CV\BANKING\33286293.pdf,.pdf
cv_01762,cv,APPAREL,raw/cv/APPAREL/cv_01762.pdf,C:\Users\YassineSBOUI\Downloads\CV\APPAREL\35571205.pdf,.pdf
cv_01763,cv,CHEF,raw/cv/CHEF/cv_01763.pdf,C:\Users\YassineSBOUI\Downloads\CV\CHEF\23185829.pdf,.pdf
cv_01764,cv,DIGITAL-MEDIA,raw/cv/DIGITAL-MEDIA/cv_01764.pdf,C:\Users\YassineSBOUI\Downloads\CV\DIGITAL-MEDIA\19861776.pdf,.pdf
cv_01765,cv,CONSULTANT,raw/cv/CONSULTANT/cv_01765.pdf,C:\Users\YassineSBOUI\Downloads\CV\CONSULTANT\57601040.pdf,.pdf
cv_01766,cv,DIGITAL-MEDIA,raw/cv/DIGITAL-MEDIA/cv_01766.pdf,C:\Users\YassineSBOUI\Downloads\CV\DIGITAL-MEDIA\26341987.pdf,.pdf
cv_01767,cv,HR,raw/cv/HR/cv_01767.pdf,C:\Users\YassineSBOUI\Downloads\CV\HR\86184722.pdf,.pdf
cv_01768,cv,CHEF,raw/cv/CHEF/cv_01768.pdf,C:\Users\YassineSBOUI\Downloads\CV\CHEF\27820360.pdf,.pdf
cv_01769,cv,BUSINESS-DEVELOPMENT,raw/cv/BUSINESS-DEVELOPMENT/cv_01769.pdf,C:\Users\YassineSBOUI\Downloads\CV\BUSINESS-DEVELOPMENT\14825300.pdf,.pdf
cv_01770,cv,BANKING,raw/cv/BANKING/cv_01770.pdf,C:\Users\YassineSBOUI\Downloads\CV\BANKING\25200253.pdf,.pdf
cv_01771,cv,SALES,raw/cv/SALES/cv_01771.pdf,C:\Users\YassineSBOUI\Downloads\CV\SALES\17509935.pdf,.pdf
cv_01772,cv,ARTS,raw/cv/ARTS/cv_01772.pdf,C:\Users\YassineSBOUI\Downloads\CV\ARTS\37472265.pdf,.pdf
cv_01773,cv,TEACHER,raw/cv/TEACHER/cv_01773.pdf,C:\Users\YassineSBOUI\Downloads\CV\TEACHER\31552617.pdf,.pdf
cv_01774,cv,DIGITAL-MEDIA,raw/cv/DIGITAL-MEDIA/cv_01774.pdf,C:\Users\YassineSBOUI\Downloads\CV\DIGITAL-MEDIA\20210676.pdf,.pdf
cv_01775,cv,CONSULTANT,raw/cv/CONSULTANT/cv_01775.pdf,C:\Users\YassineSBOUI\Downloads\CV\CONSULTANT\13586069.pdf,.pdf
cv_01776,cv,CONSULTANT,raw/cv/CONSULTANT/cv_01776.pdf,C:\Users\YassineSBOUI\Downloads\CV\CONSULTANT\26167298.pdf,.pdf
cv_01777,cv,CONSTRUCTION,raw/cv/CONSTRUCTION/cv_01777.pdf,C:\Users\YassineSBOUI\Downloads\CV\CONSTRUCTION\30311725.pdf,.pdf
cv_01778,cv,ENGINEERING,raw/cv/ENGINEERING/cv_01778.pdf,C:\Users\YassineSBOUI\Downloads\CV\ENGINEERING\23497307.pdf,.pdf
cv_01779,cv,CONSTRUCTION,raw/cv/CONSTRUCTION/cv_01779.pdf,C:\Users\YassineSBOUI\Downloads\CV\CONSTRUCTION\88859947.pdf,.pdf
cv_01780,cv,ARTS,raw/cv/ARTS/cv_01780.pdf,C:\Users\YassineSBOUI\Downloads\CV\ARTS\31114531.pdf,.pdf
cv_01781,cv,AUTOMOBILE,raw/cv/AUTOMOBILE/cv_01781.pdf,C:\Users\YassineSBOUI\Downloads\CV\AUTOMOBILE\11152490.pdf,.pdf
cv_01782,cv,ADVOCATE,raw/cv/ADVOCATE/cv_01782.pdf,C:\Users\YassineSBOUI\Downloads\CV\ADVOCATE\95714702.pdf,.pdf
cv_01783,cv,TEACHER,raw/cv/TEACHER/cv_01783.pdf,C:\Users\YassineSBOUI\Downloads\CV\TEACHER\12467531.pdf,.pdf
cv_01784,cv,ADVOCATE,raw/cv/ADVOCATE/cv_01784.pdf,C:\Users\YassineSBOUI\Downloads\CV\ADVOCATE\35344611.pdf,.pdf
cv_01785,cv,SALES,raw/cv/SALES/cv_01785.pdf,C:\Users\YassineSBOUI\Downloads\CV\SALES\30083943.pdf,.pdf
cv_01786,cv,FINANCE,raw/cv/FINANCE/cv_01786.pdf,C:\Users\YassineSBOUI\Downloads\CV\FINANCE\78229715.pdf,.pdf
cv_01787,cv,BANKING,raw/cv/BANKING/cv_01787.pdf,C:\Users\YassineSBOUI\Downloads\CV\BANKING\21756639.pdf,.pdf
cv_01788,cv,PUBLIC-RELATIONS,raw/cv/PUBLIC-RELATIONS/cv_01788.pdf,C:\Users\YassineSBOUI\Downloads\CV\PUBLIC-RELATIONS\19072267.pdf,.pdf
cv_01789,cv,BUSINESS-DEVELOPMENT,raw/cv/BUSINESS-DEVELOPMENT/cv_01789.pdf,C:\Users\YassineSBOUI\Downloads\CV\BUSINESS-DEVELOPMENT\34797369.pdf,.pdf
cv_01790,cv,DESIGNER,raw/cv/DESIGNER/cv_01790.pdf,C:\Users\YassineSBOUI\Downloads\CV\DESIGNER\22506245.pdf,.pdf
cv_01791,cv,DIGITAL-MEDIA,raw/cv/DIGITAL-MEDIA/cv_01791.pdf,C:\Users\YassineSBOUI\Downloads\CV\DIGITAL-MEDIA\70196518.pdf,.pdf
cv_01792,cv,DESIGNER,raw/cv/DESIGNER/cv_01792.pdf,C:\Users\YassineSBOUI\Downloads\CV\DESIGNER\17555081.pdf,.pdf
cv_01793,cv,CONSULTANT,raw/cv/CONSULTANT/cv_01793.pdf,C:\Users\YassineSBOUI\Downloads\CV\CONSULTANT\12374933.pdf,.pdf
cv_01794,cv,ACCOUNTANT,raw/cv/ACCOUNTANT/cv_01794.pdf,C:\Users\YassineSBOUI\Downloads\CV\ACCOUNTANT\29050809.pdf,.pdf
cv_01795,cv,DESIGNER,raw/cv/DESIGNER/cv_01795.pdf,C:\Users\YassineSBOUI\Downloads\CV\DESIGNER\41506705.pdf,.pdf
cv_01796,cv,TEACHER,raw/cv/TEACHER/cv_01796.pdf,C:\Users\YassineSBOUI\Downloads\CV\TEACHER\28933005.pdf,.pdf
cv_01797,cv,APPAREL,raw/cv/APPAREL/cv_01797.pdf,C:\Users\YassineSBOUI\Downloads\CV\APPAREL\10182582.pdf,.pdf
cv_01798,cv,BANKING,raw/cv/BANKING/cv_01798.pdf,C:\Users\YassineSBOUI\Downloads\CV\BANKING\39569771.pdf,.pdf
cv_01799,cv,DIGITAL-MEDIA,raw/cv/DIGITAL-MEDIA/cv_01799.pdf,C:\Users\YassineSBOUI\Downloads\CV\DIGITAL-MEDIA\18488289.pdf,.pdf
cv_01800,cv,DESIGNER,raw/cv/DESIGNER/cv_01800.pdf,C:\Users\YassineSBOUI\Downloads\CV\DESIGNER\18835363.pdf,.pdf
cv_01801,cv,AUTOMOBILE,raw/cv/AUTOMOBILE/cv_01801.pdf,C:\Users\YassineSBOUI\Downloads\CV\AUTOMOBILE\25047127.pdf,.pdf
cv_01802,cv,HR,raw/cv/HR/cv_01802.pdf,C:\Users\YassineSBOUI\Downloads\CV\HR\15575117.pdf,.pdf
cv_01803,cv,ADVOCATE,raw/cv/ADVOCATE/cv_01803.pdf,C:\Users\YassineSBOUI\Downloads\CV\ADVOCATE\28111403.pdf,.pdf
cv_01804,cv,INFORMATION-TECHNOLOGY,raw/cv/INFORMATION-TECHNOLOGY/cv_01804.pdf,C:\Users\YassineSBOUI\Downloads\CV\INFORMATION-TECHNOLOGY\20824105.pdf,.pdf
cv_01805,cv,PUBLIC-RELATIONS,raw/cv/PUBLIC-RELATIONS/cv_01805.pdf,C:\Users\YassineSBOUI\Downloads\CV\PUBLIC-RELATIONS\10926726.pdf,.pdf
cv_01806,cv,HEALTHCARE,raw/cv/HEALTHCARE/cv_01806.pdf,C:\Users\YassineSBOUI\Downloads\CV\HEALTHCARE\41910253.pdf,.pdf
cv_01807,cv,PUBLIC-RELATIONS,raw/cv/PUBLIC-RELATIONS/cv_01807.pdf,C:\Users\YassineSBOUI\Downloads\CV\PUBLIC-RELATIONS\14009087.pdf,.pdf
cv_01808,cv,INFORMATION-TECHNOLOGY,raw/cv/INFORMATION-TECHNOLOGY/cv_01808.pdf,C:\Users\YassineSBOUI\Downloads\CV\INFORMATION-TECHNOLOGY\36856210.pdf,.pdf
cv_01809,cv,DIGITAL-MEDIA,raw/cv/DIGITAL-MEDIA/cv_01809.pdf,C:\Users\YassineSBOUI\Downloads\CV\DIGITAL-MEDIA\23085604.pdf,.pdf
cv_01810,cv,BANKING,raw/cv/BANKING/cv_01810.pdf,C:\Users\YassineSBOUI\Downloads\CV\BANKING\26579709.pdf,.pdf
cv_01811,cv,FINANCE,raw/cv/FINANCE/cv_01811.pdf,C:\Users\YassineSBOUI\Downloads\CV\FINANCE\18072085.pdf,.pdf
cv_01812,cv,ACCOUNTANT,raw/cv/ACCOUNTANT/cv_01812.pdf,C:\Users\YassineSBOUI\Downloads\CV\ACCOUNTANT\28359817.pdf,.pdf
cv_01813,cv,CONSTRUCTION,raw/cv/CONSTRUCTION/cv_01813.pdf,C:\Users\YassineSBOUI\Downloads\CV\CONSTRUCTION\69764348.pdf,.pdf
cv_01814,cv,BUSINESS-DEVELOPMENT,raw/cv/BUSINESS-DEVELOPMENT/cv_01814.pdf,C:\Users\YassineSBOUI\Downloads\CV\BUSINESS-DEVELOPMENT\17115815.pdf,.pdf
cv_01815,cv,DIGITAL-MEDIA,raw/cv/DIGITAL-MEDIA/cv_01815.pdf,C:\Users\YassineSBOUI\Downloads\CV\DIGITAL-MEDIA\31929166.pdf,.pdf
cv_01816,cv,FITNESS,raw/cv/FITNESS/cv_01816.pdf,C:\Users\YassineSBOUI\Downloads\CV\FITNESS\31556198.pdf,.pdf
cv_01817,cv,CONSTRUCTION,raw/cv/CONSTRUCTION/cv_01817.pdf,C:\Users\YassineSBOUI\Downloads\CV\CONSTRUCTION\22019500.pdf,.pdf
cv_01818,cv,INFORMATION-TECHNOLOGY,raw/cv/INFORMATION-TECHNOLOGY/cv_01818.pdf,C:\Users\YassineSBOUI\Downloads\CV\INFORMATION-TECHNOLOGY\36434348.pdf,.pdf
cv_01819,cv,BUSINESS-DEVELOPMENT,raw/cv/BUSINESS-DEVELOPMENT/cv_01819.pdf,C:\Users\YassineSBOUI\Downloads\CV\BUSINESS-DEVELOPMENT\17421910.pdf,.pdf
cv_01820,cv,CONSULTANT,raw/cv/CONSULTANT/cv_01820.pdf,C:\Users\YassineSBOUI\Downloads\CV\CONSULTANT\15433732.pdf,.pdf
cv_01821,cv,HEALTHCARE,raw/cv/HEALTHCARE/cv_01821.pdf,C:\Users\YassineSBOUI\Downloads\CV\HEALTHCARE\91478356.pdf,.pdf
cv_01822,cv,HR,raw/cv/HR/cv_01822.pdf,C:\Users\YassineSBOUI\Downloads\CV\HR\27018550.pdf,.pdf
cv_01823,cv,HR,raw/cv/HR/cv_01823.pdf,C:\Users\YassineSBOUI\Downloads\CV\HR\27490876.pdf,.pdf
cv_01824,cv,ADVOCATE,raw/cv/ADVOCATE/cv_01824.pdf,C:\Users\YassineSBOUI\Downloads\CV\ADVOCATE\13342150.pdf,.pdf
cv_01825,cv,PUBLIC-RELATIONS,raw/cv/PUBLIC-RELATIONS/cv_01825.pdf,C:\Users\YassineSBOUI\Downloads\CV\PUBLIC-RELATIONS\34712719.pdf,.pdf
cv_01826,cv,TEACHER,raw/cv/TEACHER/cv_01826.pdf,C:\Users\YassineSBOUI\Downloads\CV\TEACHER\29267293.pdf,.pdf
cv_01827,cv,BUSINESS-DEVELOPMENT,raw/cv/BUSINESS-DEVELOPMENT/cv_01827.pdf,C:\Users\YassineSBOUI\Downloads\CV\BUSINESS-DEVELOPMENT\15423153.pdf,.pdf
cv_01828,cv,ENGINEERING,raw/cv/ENGINEERING/cv_01828.pdf,C:\Users\YassineSBOUI\Downloads\CV\ENGINEERING\10624813.pdf,.pdf
cv_01829,cv,HR,raw/cv/HR/cv_01829.pdf,C:\Users\YassineSBOUI\Downloads\CV\HR\19717385.pdf,.pdf
cv_01830,cv,DESIGNER,raw/cv/DESIGNER/cv_01830.pdf,C:\Users\YassineSBOUI\Downloads\CV\DESIGNER\28326441.pdf,.pdf
cv_01831,cv,AUTOMOBILE,raw/cv/AUTOMOBILE/cv_01831.pdf,C:\Users\YassineSBOUI\Downloads\CV\AUTOMOBILE\84295343.pdf,.pdf
cv_01832,cv,ARTS,raw/cv/ARTS/cv_01832.pdf,C:\Users\YassineSBOUI\Downloads\CV\ARTS\12386670.pdf,.pdf
cv_01833,cv,AVIATION,raw/cv/AVIATION/cv_01833.pdf,C:\Users\YassineSBOUI\Downloads\CV\AVIATION\68216398.pdf,.pdf
cv_01834,cv,DESIGNER,raw/cv/DESIGNER/cv_01834.pdf,C:\Users\YassineSBOUI\Downloads\CV\DESIGNER\90066849.pdf,.pdf
cv_01835,cv,AGRICULTURE,raw/cv/AGRICULTURE/cv_01835.pdf,C:\Users\YassineSBOUI\Downloads\CV\AGRICULTURE\16653657.pdf,.pdf
cv_01836,cv,CHEF,raw/cv/CHEF/cv_01836.pdf,C:\Users\YassineSBOUI\Downloads\CV\CHEF\11444536.pdf,.pdf
cv_01837,cv,DIGITAL-MEDIA,raw/cv/DIGITAL-MEDIA/cv_01837.pdf,C:\Users\YassineSBOUI\Downloads\CV\DIGITAL-MEDIA\31909493.pdf,.pdf
cv_01838,cv,PUBLIC-RELATIONS,raw/cv/PUBLIC-RELATIONS/cv_01838.pdf,C:\Users\YassineSBOUI\Downloads\CV\PUBLIC-RELATIONS\19497420.pdf,.pdf
cv_01839,cv,FINANCE,raw/cv/FINANCE/cv_01839.pdf,C:\Users\YassineSBOUI\Downloads\CV\FINANCE\92524964.pdf,.pdf
cv_01840,cv,FINANCE,raw/cv/FINANCE/cv_01840.pdf,C:\Users\YassineSBOUI\Downloads\CV\FINANCE\27409087.pdf,.pdf
cv_01841,cv,FITNESS,raw/cv/FITNESS/cv_01841.pdf,C:\Users\YassineSBOUI\Downloads\CV\FITNESS\29306433.pdf,.pdf
cv_01842,cv,FINANCE,raw/cv/FINANCE/cv_01842.pdf,C:\Users\YassineSBOUI\Downloads\CV\FINANCE\23354541.pdf,.pdf
cv_01843,cv,ADVOCATE,raw/cv/ADVOCATE/cv_01843.pdf,C:\Users\YassineSBOUI\Downloads\CV\ADVOCATE\38698573.pdf,.pdf
cv_01844,cv,TEACHER,raw/cv/TEACHER/cv_01844.pdf,C:\Users\YassineSBOUI\Downloads\CV\TEACHER\22884757.pdf,.pdf
cv_01845,cv,FITNESS,raw/cv/FITNESS/cv_01845.pdf,C:\Users\YassineSBOUI\Downloads\CV\FITNESS\77266989.pdf,.pdf
cv_01846,cv,HEALTHCARE,raw/cv/HEALTHCARE/cv_01846.pdf,C:\Users\YassineSBOUI\Downloads\CV\HEALTHCARE\25328428.pdf,.pdf
cv_01847,cv,FINANCE,raw/cv/FINANCE/cv_01847.pdf,C:\Users\YassineSBOUI\Downloads\CV\FINANCE\28398216.pdf,.pdf
cv_01848,cv,SALES,raw/cv/SALES/cv_01848.pdf,C:\Users\YassineSBOUI\Downloads\CV\SALES\37540732.pdf,.pdf
cv_01849,cv,ARTS,raw/cv/ARTS/cv_01849.pdf,C:\Users\YassineSBOUI\Downloads\CV\ARTS\18029935.pdf,.pdf
cv_01850,cv,DIGITAL-MEDIA,raw/cv/DIGITAL-MEDIA/cv_01850.pdf,C:\Users\YassineSBOUI\Downloads\CV\DIGITAL-MEDIA\28109594.pdf,.pdf
cv_01851,cv,CHEF,raw/cv/CHEF/cv_01851.pdf,C:\Users\YassineSBOUI\Downloads\CV\CHEF\65373280.pdf,.pdf
cv_01852,cv,ENGINEERING,raw/cv/ENGINEERING/cv_01852.pdf,C:\Users\YassineSBOUI\Downloads\CV\ENGINEERING\16911115.pdf,.pdf
cv_01853,cv,ACCOUNTANT,raw/cv/ACCOUNTANT/cv_01853.pdf,C:\Users\YassineSBOUI\Downloads\CV\ACCOUNTANT\15363277.pdf,.pdf
cv_01854,cv,CONSTRUCTION,raw/cv/CONSTRUCTION/cv_01854.pdf,C:\Users\YassineSBOUI\Downloads\CV\CONSTRUCTION\94503308.pdf,.pdf
cv_01855,cv,ENGINEERING,raw/cv/ENGINEERING/cv_01855.pdf,C:\Users\YassineSBOUI\Downloads\CV\ENGINEERING\26834746.pdf,.pdf
cv_01856,cv,DIGITAL-MEDIA,raw/cv/DIGITAL-MEDIA/cv_01856.pdf,C:\Users\YassineSBOUI\Downloads\CV\DIGITAL-MEDIA\16893572.pdf,.pdf
cv_01857,cv,APPAREL,raw/cv/APPAREL/cv_01857.pdf,C:\Users\YassineSBOUI\Downloads\CV\APPAREL\31761591.pdf,.pdf
cv_01858,cv,TEACHER,raw/cv/TEACHER/cv_01858.pdf,C:\Users\YassineSBOUI\Downloads\CV\TEACHER\11943065.pdf,.pdf
cv_01859,cv,CONSULTANT,raw/cv/CONSULTANT/cv_01859.pdf,C:\Users\YassineSBOUI\Downloads\CV\CONSULTANT\88907739.pdf,.pdf
cv_01860,cv,ARTS,raw/cv/ARTS/cv_01860.pdf,C:\Users\YassineSBOUI\Downloads\CV\ARTS\37751611.pdf,.pdf
cv_01861,cv,CONSULTANT,raw/cv/CONSULTANT/cv_01861.pdf,C:\Users\YassineSBOUI\Downloads\CV\CONSULTANT\31201660.pdf,.pdf
cv_01862,cv,ADVOCATE,raw/cv/ADVOCATE/cv_01862.pdf,C:\Users\YassineSBOUI\Downloads\CV\ADVOCATE\28871170.pdf,.pdf
cv_01863,cv,BANKING,raw/cv/BANKING/cv_01863.pdf,C:\Users\YassineSBOUI\Downloads\CV\BANKING\21796843.pdf,.pdf
cv_01864,cv,BUSINESS-DEVELOPMENT,raw/cv/BUSINESS-DEVELOPMENT/cv_01864.pdf,C:\Users\YassineSBOUI\Downloads\CV\BUSINESS-DEVELOPMENT\13080868.pdf,.pdf
cv_01865,cv,SALES,raw/cv/SALES/cv_01865.pdf,C:\Users\YassineSBOUI\Downloads\CV\SALES\42304307.pdf,.pdf
cv_01866,cv,PUBLIC-RELATIONS,raw/cv/PUBLIC-RELATIONS/cv_01866.pdf,C:\Users\YassineSBOUI\Downloads\CV\PUBLIC-RELATIONS\36107065.pdf,.pdf
cv_01867,cv,AVIATION,raw/cv/AVIATION/cv_01867.pdf,C:\Users\YassineSBOUI\Downloads\CV\AVIATION\28020046.pdf,.pdf
cv_01868,cv,PUBLIC-RELATIONS,raw/cv/PUBLIC-RELATIONS/cv_01868.pdf,C:\Users\YassineSBOUI\Downloads\CV\PUBLIC-RELATIONS\45900271.pdf,.pdf
cv_01869,cv,BANKING,raw/cv/BANKING/cv_01869.pdf,C:\Users\YassineSBOUI\Downloads\CV\BANKING\18805506.pdf,.pdf
cv_01870,cv,ARTS,raw/cv/ARTS/cv_01870.pdf,C:\Users\YassineSBOUI\Downloads\CV\ARTS\20356750.pdf,.pdf
cv_01871,cv,FINANCE,raw/cv/FINANCE/cv_01871.pdf,C:\Users\YassineSBOUI\Downloads\CV\FINANCE\28522529.pdf,.pdf
cv_01872,cv,CONSULTANT,raw/cv/CONSULTANT/cv_01872.pdf,C:\Users\YassineSBOUI\Downloads\CV\CONSULTANT\21366189.pdf,.pdf
cv_01873,cv,CHEF,raw/cv/CHEF/cv_01873.pdf,C:\Users\YassineSBOUI\Downloads\CV\CHEF\29072179.pdf,.pdf
cv_01874,cv,DESIGNER,raw/cv/DESIGNER/cv_01874.pdf,C:\Users\YassineSBOUI\Downloads\CV\DESIGNER\16288901.pdf,.pdf
cv_01875,cv,HEALTHCARE,raw/cv/HEALTHCARE/cv_01875.pdf,C:\Users\YassineSBOUI\Downloads\CV\HEALTHCARE\37001381.pdf,.pdf
cv_01876,cv,SALES,raw/cv/SALES/cv_01876.pdf,C:\Users\YassineSBOUI\Downloads\CV\SALES\15620421.pdf,.pdf
cv_01877,cv,AVIATION,raw/cv/AVIATION/cv_01877.pdf,C:\Users\YassineSBOUI\Downloads\CV\AVIATION\49646155.pdf,.pdf
cv_01878,cv,BANKING,raw/cv/BANKING/cv_01878.pdf,C:\Users\YassineSBOUI\Downloads\CV\BANKING\99124477.pdf,.pdf
cv_01879,cv,BUSINESS-DEVELOPMENT,raw/cv/BUSINESS-DEVELOPMENT/cv_01879.pdf,C:\Users\YassineSBOUI\Downloads\CV\BUSINESS-DEVELOPMENT\17095812.pdf,.pdf
cv_01880,cv,APPAREL,raw/cv/APPAREL/cv_01880.pdf,C:\Users\YassineSBOUI\Downloads\CV\APPAREL\11409460.pdf,.pdf
cv_01881,cv,AVIATION,raw/cv/AVIATION/cv_01881.pdf,C:\Users\YassineSBOUI\Downloads\CV\AVIATION\22990761.pdf,.pdf
cv_01882,cv,CHEF,raw/cv/CHEF/cv_01882.pdf,C:\Users\YassineSBOUI\Downloads\CV\CHEF\91268638.pdf,.pdf
cv_01883,cv,TEACHER,raw/cv/TEACHER/cv_01883.pdf,C:\Users\YassineSBOUI\Downloads\CV\TEACHER\21611212.pdf,.pdf
cv_01884,cv,DIGITAL-MEDIA,raw/cv/DIGITAL-MEDIA/cv_01884.pdf,C:\Users\YassineSBOUI\Downloads\CV\DIGITAL-MEDIA\13503650.pdf,.pdf
cv_01885,cv,CONSULTANT,raw/cv/CONSULTANT/cv_01885.pdf,C:\Users\YassineSBOUI\Downloads\CV\CONSULTANT\13313917.pdf,.pdf
cv_01886,cv,BANKING,raw/cv/BANKING/cv_01886.pdf,C:\Users\YassineSBOUI\Downloads\CV\BANKING\98965485.pdf,.pdf
cv_01887,cv,AVIATION,raw/cv/AVIATION/cv_01887.pdf,C:\Users\YassineSBOUI\Downloads\CV\AVIATION\11959428.pdf,.pdf
cv_01888,cv,INFORMATION-TECHNOLOGY,raw/cv/INFORMATION-TECHNOLOGY/cv_01888.pdf,C:\Users\YassineSBOUI\Downloads\CV\INFORMATION-TECHNOLOGY\28126340.pdf,.pdf
cv_01889,cv,CONSULTANT,raw/cv/CONSULTANT/cv_01889.pdf,C:\Users\YassineSBOUI\Downloads\CV\CONSULTANT\30083884.pdf,.pdf
cv_01890,cv,DESIGNER,raw/cv/DESIGNER/cv_01890.pdf,C:\Users\YassineSBOUI\Downloads\CV\DESIGNER\11807040.pdf,.pdf
cv_01891,cv,FITNESS,raw/cv/FITNESS/cv_01891.pdf,C:\Users\YassineSBOUI\Downloads\CV\FITNESS\29573698.pdf,.pdf
cv_01892,cv,FINANCE,raw/cv/FINANCE/cv_01892.pdf,C:\Users\YassineSBOUI\Downloads\CV\FINANCE\19243556.pdf,.pdf
cv_01893,cv,FINANCE,raw/cv/FINANCE/cv_01893.pdf,C:\Users\YassineSBOUI\Downloads\CV\FINANCE\81217013.pdf,.pdf
cv_01894,cv,BUSINESS-DEVELOPMENT,raw/cv/BUSINESS-DEVELOPMENT/cv_01894.pdf,C:\Users\YassineSBOUI\Downloads\CV\BUSINESS-DEVELOPMENT\65708020.pdf,.pdf
cv_01895,cv,BANKING,raw/cv/BANKING/cv_01895.pdf,C:\Users\YassineSBOUI\Downloads\CV\BANKING\11842348.pdf,.pdf
cv_01896,cv,BUSINESS-DEVELOPMENT,raw/cv/BUSINESS-DEVELOPMENT/cv_01896.pdf,C:\Users\YassineSBOUI\Downloads\CV\BUSINESS-DEVELOPMENT\22025574.pdf,.pdf
cv_01897,cv,BANKING,raw/cv/BANKING/cv_01897.pdf,C:\Users\YassineSBOUI\Downloads\CV\BANKING\17131084.pdf,.pdf
cv_01898,cv,FITNESS,raw/cv/FITNESS/cv_01898.pdf,C:\Users\YassineSBOUI\Downloads\CV\FITNESS\57575888.pdf,.pdf
cv_01899,cv,FINANCE,raw/cv/FINANCE/cv_01899.pdf,C:\Users\YassineSBOUI\Downloads\CV\FINANCE\12858898.pdf,.pdf
cv_01900,cv,HR,raw/cv/HR/cv_01900.pdf,C:\Users\YassineSBOUI\Downloads\CV\HR\72231872.pdf,.pdf
cv_01901,cv,DESIGNER,raw/cv/DESIGNER/cv_01901.pdf,C:\Users\YassineSBOUI\Downloads\CV\DESIGNER\13557622.pdf,.pdf
cv_01902,cv,FITNESS,raw/cv/FITNESS/cv_01902.pdf,C:\Users\YassineSBOUI\Downloads\CV\FITNESS\24251588.pdf,.pdf
cv_01903,cv,BANKING,raw/cv/BANKING/cv_01903.pdf,C:\Users\YassineSBOUI\Downloads\CV\BANKING\34783330.pdf,.pdf
cv_01904,cv,BUSINESS-DEVELOPMENT,raw/cv/BUSINESS-DEVELOPMENT/cv_01904.pdf,C:\Users\YassineSBOUI\Downloads\CV\BUSINESS-DEVELOPMENT\11551946.pdf,.pdf
cv_01905,cv,ACCOUNTANT,raw/cv/ACCOUNTANT/cv_01905.pdf,C:\Users\YassineSBOUI\Downloads\CV\ACCOUNTANT\50222417.pdf,.pdf
cv_01906,cv,AVIATION,raw/cv/AVIATION/cv_01906.pdf,C:\Users\YassineSBOUI\Downloads\CV\AVIATION\14589288.pdf,.pdf
cv_01907,cv,AGRICULTURE,raw/cv/AGRICULTURE/cv_01907.pdf,C:\Users\YassineSBOUI\Downloads\CV\AGRICULTURE\24397882.pdf,.pdf
cv_01908,cv,ADVOCATE,raw/cv/ADVOCATE/cv_01908.pdf,C:\Users\YassineSBOUI\Downloads\CV\ADVOCATE\11773767.pdf,.pdf
cv_01909,cv,CHEF,raw/cv/CHEF/cv_01909.pdf,C:\Users\YassineSBOUI\Downloads\CV\CHEF\92985983.pdf,.pdf
cv_01910,cv,ARTS,raw/cv/ARTS/cv_01910.pdf,C:\Users\YassineSBOUI\Downloads\CV\ARTS\21867728.pdf,.pdf
cv_01911,cv,SALES,raw/cv/SALES/cv_01911.pdf,C:\Users\YassineSBOUI\Downloads\CV\SALES\28139742.pdf,.pdf
cv_01912,cv,CONSULTANT,raw/cv/CONSULTANT/cv_01912.pdf,C:\Users\YassineSBOUI\Downloads\CV\CONSULTANT\92246939.pdf,.pdf
cv_01913,cv,CHEF,raw/cv/CHEF/cv_01913.pdf,C:\Users\YassineSBOUI\Downloads\CV\CHEF\53265899.pdf,.pdf
cv_01914,cv,DESIGNER,raw/cv/DESIGNER/cv_01914.pdf,C:\Users\YassineSBOUI\Downloads\CV\DESIGNER\36269672.pdf,.pdf
cv_01915,cv,ENGINEERING,raw/cv/ENGINEERING/cv_01915.pdf,C:\Users\YassineSBOUI\Downloads\CV\ENGINEERING\60004873.pdf,.pdf
cv_01916,cv,AUTOMOBILE,raw/cv/AUTOMOBILE/cv_01916.pdf,C:\Users\YassineSBOUI\Downloads\CV\AUTOMOBILE\97449528.pdf,.pdf
cv_01917,cv,AUTOMOBILE,raw/cv/AUTOMOBILE/cv_01917.pdf,C:\Users\YassineSBOUI\Downloads\CV\AUTOMOBILE\82140102.pdf,.pdf
cv_01918,cv,BANKING,raw/cv/BANKING/cv_01918.pdf,C:\Users\YassineSBOUI\Downloads\CV\BANKING\28419927.pdf,.pdf
cv_01919,cv,ADVOCATE,raw/cv/ADVOCATE/cv_01919.pdf,C:\Users\YassineSBOUI\Downloads\CV\ADVOCATE\19063156.pdf,.pdf
cv_01920,cv,FINANCE,raw/cv/FINANCE/cv_01920.pdf,C:\Users\YassineSBOUI\Downloads\CV\FINANCE\28724469.pdf,.pdf
cv_01921,cv,CHEF,raw/cv/CHEF/cv_01921.pdf,C:\Users\YassineSBOUI\Downloads\CV\CHEF\29449419.pdf,.pdf
cv_01922,cv,SALES,raw/cv/SALES/cv_01922.pdf,C:\Users\YassineSBOUI\Downloads\CV\SALES\33578873.pdf,.pdf
cv_01923,cv,BUSINESS-DEVELOPMENT,raw/cv/BUSINESS-DEVELOPMENT/cv_01923.pdf,C:\Users\YassineSBOUI\Downloads\CV\BUSINESS-DEVELOPMENT\28337049.pdf,.pdf
cv_01924,cv,AVIATION,raw/cv/AVIATION/cv_01924.pdf,C:\Users\YassineSBOUI\Downloads\CV\AVIATION\26819872.pdf,.pdf
cv_01925,cv,BUSINESS-DEVELOPMENT,raw/cv/BUSINESS-DEVELOPMENT/cv_01925.pdf,C:\Users\YassineSBOUI\Downloads\CV\BUSINESS-DEVELOPMENT\36805025.pdf,.pdf
cv_01926,cv,APPAREL,raw/cv/APPAREL/cv_01926.pdf,C:\Users\YassineSBOUI\Downloads\CV\APPAREL\26098594.pdf,.pdf
cv_01927,cv,INFORMATION-TECHNOLOGY,raw/cv/INFORMATION-TECHNOLOGY/cv_01927.pdf,C:\Users\YassineSBOUI\Downloads\CV\INFORMATION-TECHNOLOGY\90867631.pdf,.pdf
cv_01928,cv,PUBLIC-RELATIONS,raw/cv/PUBLIC-RELATIONS/cv_01928.pdf,C:\Users\YassineSBOUI\Downloads\CV\PUBLIC-RELATIONS\12545844.pdf,.pdf
cv_01929,cv,CHEF,raw/cv/CHEF/cv_01929.pdf,C:\Users\YassineSBOUI\Downloads\CV\CHEF\28092317.pdf,.pdf
cv_01930,cv,SALES,raw/cv/SALES/cv_01930.pdf,C:\Users\YassineSBOUI\Downloads\CV\SALES\37735467.pdf,.pdf
cv_01931,cv,AVIATION,raw/cv/AVIATION/cv_01931.pdf,C:\Users\YassineSBOUI\Downloads\CV\AVIATION\19506295.pdf,.pdf
cv_01932,cv,AVIATION,raw/cv/AVIATION/cv_01932.pdf,C:\Users\YassineSBOUI\Downloads\CV\AVIATION\38355831.pdf,.pdf
cv_01933,cv,AGRICULTURE,raw/cv/AGRICULTURE/cv_01933.pdf,C:\Users\YassineSBOUI\Downloads\CV\AGRICULTURE\14140903.pdf,.pdf
cv_01934,cv,HR,raw/cv/HR/cv_01934.pdf,C:\Users\YassineSBOUI\Downloads\CV\HR\12786012.pdf,.pdf
cv_01935,cv,BPO,raw/cv/BPO/cv_01935.pdf,C:\Users\YassineSBOUI\Downloads\CV\BPO\19362586.pdf,.pdf
cv_01936,cv,DIGITAL-MEDIA,raw/cv/DIGITAL-MEDIA/cv_01936.pdf,C:\Users\YassineSBOUI\Downloads\CV\DIGITAL-MEDIA\18927233.pdf,.pdf
cv_01937,cv,APPAREL,raw/cv/APPAREL/cv_01937.pdf,C:\Users\YassineSBOUI\Downloads\CV\APPAREL\91533580.pdf,.pdf
cv_01938,cv,CONSTRUCTION,raw/cv/CONSTRUCTION/cv_01938.pdf,C:\Users\YassineSBOUI\Downloads\CV\CONSTRUCTION\23818675.pdf,.pdf
cv_01939,cv,CONSULTANT,raw/cv/CONSULTANT/cv_01939.pdf,C:\Users\YassineSBOUI\Downloads\CV\CONSULTANT\19936735.pdf,.pdf
cv_01940,cv,ARTS,raw/cv/ARTS/cv_01940.pdf,C:\Users\YassineSBOUI\Downloads\CV\ARTS\28629430.pdf,.pdf
cv_01941,cv,HEALTHCARE,raw/cv/HEALTHCARE/cv_01941.pdf,C:\Users\YassineSBOUI\Downloads\CV\HEALTHCARE\24025053.pdf,.pdf
cv_01942,cv,CONSULTANT,raw/cv/CONSULTANT/cv_01942.pdf,C:\Users\YassineSBOUI\Downloads\CV\CONSULTANT\49777184.pdf,.pdf
cv_01943,cv,HEALTHCARE,raw/cv/HEALTHCARE/cv_01943.pdf,C:\Users\YassineSBOUI\Downloads\CV\HEALTHCARE\24550866.pdf,.pdf
cv_01944,cv,ENGINEERING,raw/cv/ENGINEERING/cv_01944.pdf,C:\Users\YassineSBOUI\Downloads\CV\ENGINEERING\19396040.pdf,.pdf
cv_01945,cv,ADVOCATE,raw/cv/ADVOCATE/cv_01945.pdf,C:\Users\YassineSBOUI\Downloads\CV\ADVOCATE\23804341.pdf,.pdf
cv_01946,cv,FINANCE,raw/cv/FINANCE/cv_01946.pdf,C:\Users\YassineSBOUI\Downloads\CV\FINANCE\15717923.pdf,.pdf
cv_01947,cv,BUSINESS-DEVELOPMENT,raw/cv/BUSINESS-DEVELOPMENT/cv_01947.pdf,C:\Users\YassineSBOUI\Downloads\CV\BUSINESS-DEVELOPMENT\32385553.pdf,.pdf
cv_01948,cv,BUSINESS-DEVELOPMENT,raw/cv/BUSINESS-DEVELOPMENT/cv_01948.pdf,C:\Users\YassineSBOUI\Downloads\CV\BUSINESS-DEVELOPMENT\30938994.pdf,.pdf
cv_01949,cv,INFORMATION-TECHNOLOGY,raw/cv/INFORMATION-TECHNOLOGY/cv_01949.pdf,C:\Users\YassineSBOUI\Downloads\CV\INFORMATION-TECHNOLOGY\10641230.pdf,.pdf
cv_01950,cv,ACCOUNTANT,raw/cv/ACCOUNTANT/cv_01950.pdf,C:\Users\YassineSBOUI\Downloads\CV\ACCOUNTANT\28614791.pdf,.pdf
cv_01951,cv,BPO,raw/cv/BPO/cv_01951.pdf,C:\Users\YassineSBOUI\Downloads\CV\BPO\30709029.pdf,.pdf
cv_01952,cv,FITNESS,raw/cv/FITNESS/cv_01952.pdf,C:\Users\YassineSBOUI\Downloads\CV\FITNESS\11130200.pdf,.pdf
cv_01953,cv,BANKING,raw/cv/BANKING/cv_01953.pdf,C:\Users\YassineSBOUI\Downloads\CV\BANKING\27884470.pdf,.pdf
cv_01954,cv,FINANCE,raw/cv/FINANCE/cv_01954.pdf,C:\Users\YassineSBOUI\Downloads\CV\FINANCE\84356308.pdf,.pdf
cv_01955,cv,CONSULTANT,raw/cv/CONSULTANT/cv_01955.pdf,C:\Users\YassineSBOUI\Downloads\CV\CONSULTANT\95350373.pdf,.pdf
cv_01956,cv,SALES,raw/cv/SALES/cv_01956.pdf,C:\Users\YassineSBOUI\Downloads\CV\SALES\36074301.pdf,.pdf
cv_01957,cv,INFORMATION-TECHNOLOGY,raw/cv/INFORMATION-TECHNOLOGY/cv_01957.pdf,C:\Users\YassineSBOUI\Downloads\CV\INFORMATION-TECHNOLOGY\27485716.pdf,.pdf
cv_01958,cv,CONSTRUCTION,raw/cv/CONSTRUCTION/cv_01958.pdf,C:\Users\YassineSBOUI\Downloads\CV\CONSTRUCTION\12654876.pdf,.pdf
cv_01959,cv,BANKING,raw/cv/BANKING/cv_01959.pdf,C:\Users\YassineSBOUI\Downloads\CV\BANKING\31710562.pdf,.pdf
cv_01960,cv,ADVOCATE,raw/cv/ADVOCATE/cv_01960.pdf,C:\Users\YassineSBOUI\Downloads\CV\ADVOCATE\21614256.pdf,.pdf
cv_01961,cv,ACCOUNTANT,raw/cv/ACCOUNTANT/cv_01961.pdf,C:\Users\YassineSBOUI\Downloads\CV\ACCOUNTANT\34816637.pdf,.pdf
cv_01962,cv,PUBLIC-RELATIONS,raw/cv/PUBLIC-RELATIONS/cv_01962.pdf,C:\Users\YassineSBOUI\Downloads\CV\PUBLIC-RELATIONS\24590489.pdf,.pdf
cv_01963,cv,BUSINESS-DEVELOPMENT,raw/cv/BUSINESS-DEVELOPMENT/cv_01963.pdf,C:\Users\YassineSBOUI\Downloads\CV\BUSINESS-DEVELOPMENT\13199813.pdf,.pdf
cv_01964,cv,CONSTRUCTION,raw/cv/CONSTRUCTION/cv_01964.pdf,C:\Users\YassineSBOUI\Downloads\CV\CONSTRUCTION\39027764.pdf,.pdf
cv_01965,cv,CONSTRUCTION,raw/cv/CONSTRUCTION/cv_01965.pdf,C:\Users\YassineSBOUI\Downloads\CV\CONSTRUCTION\27243670.pdf,.pdf
cv_01966,cv,CONSULTANT,raw/cv/CONSULTANT/cv_01966.pdf,C:\Users\YassineSBOUI\Downloads\CV\CONSULTANT\21156767.pdf,.pdf
cv_01967,cv,CHEF,raw/cv/CHEF/cv_01967.pdf,C:\Users\YassineSBOUI\Downloads\CV\CHEF\86551046.pdf,.pdf
cv_01968,cv,BUSINESS-DEVELOPMENT,raw/cv/BUSINESS-DEVELOPMENT/cv_01968.pdf,C:\Users\YassineSBOUI\Downloads\CV\BUSINESS-DEVELOPMENT\25370801.pdf,.pdf
cv_01969,cv,APPAREL,raw/cv/APPAREL/cv_01969.pdf,C:\Users\YassineSBOUI\Downloads\CV\APPAREL\31362807.pdf,.pdf
cv_01970,cv,ADVOCATE,raw/cv/ADVOCATE/cv_01970.pdf,C:\Users\YassineSBOUI\Downloads\CV\ADVOCATE\17911230.pdf,.pdf
cv_01971,cv,AGRICULTURE,raw/cv/AGRICULTURE/cv_01971.pdf,C:\Users\YassineSBOUI\Downloads\CV\AGRICULTURE\29142288.pdf,.pdf
cv_01972,cv,ADVOCATE,raw/cv/ADVOCATE/cv_01972.pdf,C:\Users\YassineSBOUI\Downloads\CV\ADVOCATE\22042181.pdf,.pdf
cv_01973,cv,AVIATION,raw/cv/AVIATION/cv_01973.pdf,C:\Users\YassineSBOUI\Downloads\CV\AVIATION\10395944.pdf,.pdf
cv_01974,cv,PUBLIC-RELATIONS,raw/cv/PUBLIC-RELATIONS/cv_01974.pdf,C:\Users\YassineSBOUI\Downloads\CV\PUBLIC-RELATIONS\33072201.pdf,.pdf
cv_01975,cv,SALES,raw/cv/SALES/cv_01975.pdf,C:\Users\YassineSBOUI\Downloads\CV\SALES\37360517.pdf,.pdf
cv_01976,cv,CHEF,raw/cv/CHEF/cv_01976.pdf,C:\Users\YassineSBOUI\Downloads\CV\CHEF\15261348.pdf,.pdf
cv_01977,cv,AVIATION,raw/cv/AVIATION/cv_01977.pdf,C:\Users\YassineSBOUI\Downloads\CV\AVIATION\19284293.pdf,.pdf
cv_01978,cv,HR,raw/cv/HR/cv_01978.pdf,C:\Users\YassineSBOUI\Downloads\CV\HR\18334783.pdf,.pdf
cv_01979,cv,ACCOUNTANT,raw/cv/ACCOUNTANT/cv_01979.pdf,C:\Users\YassineSBOUI\Downloads\CV\ACCOUNTANT\17556527.pdf,.pdf
cv_01980,cv,SALES,raw/cv/SALES/cv_01980.pdf,C:\Users\YassineSBOUI\Downloads\CV\SALES\18368613.pdf,.pdf
cv_01981,cv,ADVOCATE,raw/cv/ADVOCATE/cv_01981.pdf,C:\Users\YassineSBOUI\Downloads\CV\ADVOCATE\13809698.pdf,.pdf
cv_01982,cv,BANKING,raw/cv/BANKING/cv_01982.pdf,C:\Users\YassineSBOUI\Downloads\CV\BANKING\38897568.pdf,.pdf
cv_01983,cv,AVIATION,raw/cv/AVIATION/cv_01983.pdf,C:\Users\YassineSBOUI\Downloads\CV\AVIATION\43720116.pdf,.pdf
cv_01984,cv,BUSINESS-DEVELOPMENT,raw/cv/BUSINESS-DEVELOPMENT/cv_01984.pdf,C:\Users\YassineSBOUI\Downloads\CV\BUSINESS-DEVELOPMENT\29208172.pdf,.pdf
cv_01985,cv,INFORMATION-TECHNOLOGY,raw/cv/INFORMATION-TECHNOLOGY/cv_01985.pdf,C:\Users\YassineSBOUI\Downloads\CV\INFORMATION-TECHNOLOGY\28035460.pdf,.pdf
cv_01986,cv,HR,raw/cv/HR/cv_01986.pdf,C:\Users\YassineSBOUI\Downloads\CV\HR\28828844.pdf,.pdf
cv_01987,cv,HR,raw/cv/HR/cv_01987.pdf,C:\Users\YassineSBOUI\Downloads\CV\HR\29564653.pdf,.pdf
cv_01988,cv,FINANCE,raw/cv/FINANCE/cv_01988.pdf,C:\Users\YassineSBOUI\Downloads\CV\FINANCE\15224503.pdf,.pdf
cv_01989,cv,ENGINEERING,raw/cv/ENGINEERING/cv_01989.pdf,C:\Users\YassineSBOUI\Downloads\CV\ENGINEERING\35172961.pdf,.pdf
cv_01990,cv,INFORMATION-TECHNOLOGY,raw/cv/INFORMATION-TECHNOLOGY/cv_01990.pdf,C:\Users\YassineSBOUI\Downloads\CV\INFORMATION-TECHNOLOGY\24020470.pdf,.pdf
cv_01991,cv,INFORMATION-TECHNOLOGY,raw/cv/INFORMATION-TECHNOLOGY/cv_01991.pdf,C:\Users\YassineSBOUI\Downloads\CV\INFORMATION-TECHNOLOGY\13836471.pdf,.pdf
cv_01992,cv,AVIATION,raw/cv/AVIATION/cv_01992.pdf,C:\Users\YassineSBOUI\Downloads\CV\AVIATION\29167286.pdf,.pdf
cv_01993,cv,ADVOCATE,raw/cv/ADVOCATE/cv_01993.pdf,C:\Users\YassineSBOUI\Downloads\CV\ADVOCATE\23577836.pdf,.pdf
cv_01994,cv,ADVOCATE,raw/cv/ADVOCATE/cv_01994.pdf,C:\Users\YassineSBOUI\Downloads\CV\ADVOCATE\34327438.pdf,.pdf
cv_01995,cv,ENGINEERING,raw/cv/ENGINEERING/cv_01995.pdf,C:\Users\YassineSBOUI\Downloads\CV\ENGINEERING\28505854.pdf,.pdf
cv_01996,cv,AUTOMOBILE,raw/cv/AUTOMOBILE/cv_01996.pdf,C:\Users\YassineSBOUI\Downloads\CV\AUTOMOBILE\23009962.pdf,.pdf
cv_01997,cv,FINANCE,raw/cv/FINANCE/cv_01997.pdf,C:\Users\YassineSBOUI\Downloads\CV\FINANCE\91564103.pdf,.pdf
cv_01998,cv,AVIATION,raw/cv/AVIATION/cv_01998.pdf,C:\Users\YassineSBOUI\Downloads\CV\AVIATION\24668861.pdf,.pdf
cv_01999,cv,DESIGNER,raw/cv/DESIGNER/cv_01999.pdf,C:\Users\YassineSBOUI\Downloads\CV\DESIGNER\20390397.pdf,.pdf
cv_02000,cv,FINANCE,raw/cv/FINANCE/cv_02000.pdf,C:\Users\YassineSBOUI\Downloads\CV\FINANCE\34250007.pdf,.pdf
cv_02001,cv,ADVOCATE,raw/cv/ADVOCATE/cv_02001.pdf,C:\Users\YassineSBOUI\Downloads\CV\ADVOCATE\15337481.pdf,.pdf
cv_02002,cv,PUBLIC-RELATIONS,raw/cv/PUBLIC-RELATIONS/cv_02002.pdf,C:\Users\YassineSBOUI\Downloads\CV\PUBLIC-RELATIONS\10873344.pdf,.pdf
cv_02003,cv,DESIGNER,raw/cv/DESIGNER/cv_02003.pdf,C:\Users\YassineSBOUI\Downloads\CV\DESIGNER\76010167.pdf,.pdf
cv_02004,cv,CONSULTANT,raw/cv/CONSULTANT/cv_02004.pdf,C:\Users\YassineSBOUI\Downloads\CV\CONSULTANT\27096471.pdf,.pdf
cv_02005,cv,DIGITAL-MEDIA,raw/cv/DIGITAL-MEDIA/cv_02005.pdf,C:\Users\YassineSBOUI\Downloads\CV\DIGITAL-MEDIA\20490741.pdf,.pdf
cv_02006,cv,APPAREL,raw/cv/APPAREL/cv_02006.pdf,C:\Users\YassineSBOUI\Downloads\CV\APPAREL\52252936.pdf,.pdf
cv_02007,cv,BUSINESS-DEVELOPMENT,raw/cv/BUSINESS-DEVELOPMENT/cv_02007.pdf,C:\Users\YassineSBOUI\Downloads\CV\BUSINESS-DEVELOPMENT\18293620.pdf,.pdf
cv_02008,cv,BPO,raw/cv/BPO/cv_02008.pdf,C:\Users\YassineSBOUI\Downloads\CV\BPO\16492045.pdf,.pdf
cv_02009,cv,HR,raw/cv/HR/cv_02009.pdf,C:\Users\YassineSBOUI\Downloads\CV\HR\27847081.pdf,.pdf
cv_02010,cv,CONSTRUCTION,raw/cv/CONSTRUCTION/cv_02010.pdf,C:\Users\YassineSBOUI\Downloads\CV\CONSTRUCTION\24770846.pdf,.pdf
cv_02011,cv,BANKING,raw/cv/BANKING/cv_02011.pdf,C:\Users\YassineSBOUI\Downloads\CV\BANKING\15856762.pdf,.pdf
cv_02012,cv,ARTS,raw/cv/ARTS/cv_02012.pdf,C:\Users\YassineSBOUI\Downloads\CV\ARTS\73497035.pdf,.pdf
cv_02013,cv,CHEF,raw/cv/CHEF/cv_02013.pdf,C:\Users\YassineSBOUI\Downloads\CV\CHEF\29772450.pdf,.pdf
cv_02014,cv,CHEF,raw/cv/CHEF/cv_02014.pdf,C:\Users\YassineSBOUI\Downloads\CV\CHEF\47729453.pdf,.pdf
cv_02015,cv,FINANCE,raw/cv/FINANCE/cv_02015.pdf,C:\Users\YassineSBOUI\Downloads\CV\FINANCE\26231609.pdf,.pdf
cv_02016,cv,AVIATION,raw/cv/AVIATION/cv_02016.pdf,C:\Users\YassineSBOUI\Downloads\CV\AVIATION\18268860.pdf,.pdf
cv_02017,cv,DESIGNER,raw/cv/DESIGNER/cv_02017.pdf,C:\Users\YassineSBOUI\Downloads\CV\DESIGNER\29865476.pdf,.pdf
cv_02018,cv,ACCOUNTANT,raw/cv/ACCOUNTANT/cv_02018.pdf,C:\Users\YassineSBOUI\Downloads\CV\ACCOUNTANT\30304575.pdf,.pdf
cv_02019,cv,BANKING,raw/cv/BANKING/cv_02019.pdf,C:\Users\YassineSBOUI\Downloads\CV\BANKING\60182829.pdf,.pdf
cv_02020,cv,FINANCE,raw/cv/FINANCE/cv_02020.pdf,C:\Users\YassineSBOUI\Downloads\CV\FINANCE\20880935.pdf,.pdf
cv_02021,cv,HR,raw/cv/HR/cv_02021.pdf,C:\Users\YassineSBOUI\Downloads\CV\HR\17150707.pdf,.pdf
cv_02022,cv,BUSINESS-DEVELOPMENT,raw/cv/BUSINESS-DEVELOPMENT/cv_02022.pdf,C:\Users\YassineSBOUI\Downloads\CV\BUSINESS-DEVELOPMENT\20633855.pdf,.pdf
cv_02023,cv,CONSULTANT,raw/cv/CONSULTANT/cv_02023.pdf,C:\Users\YassineSBOUI\Downloads\CV\CONSULTANT\12955994.pdf,.pdf
cv_02024,cv,TEACHER,raw/cv/TEACHER/cv_02024.pdf,C:\Users\YassineSBOUI\Downloads\CV\TEACHER\28086303.pdf,.pdf
cv_02025,cv,DESIGNER,raw/cv/DESIGNER/cv_02025.pdf,C:\Users\YassineSBOUI\Downloads\CV\DESIGNER\67645662.pdf,.pdf
cv_02026,cv,ENGINEERING,raw/cv/ENGINEERING/cv_02026.pdf,C:\Users\YassineSBOUI\Downloads\CV\ENGINEERING\28320387.pdf,.pdf
cv_02027,cv,CONSULTANT,raw/cv/CONSULTANT/cv_02027.pdf,C:\Users\YassineSBOUI\Downloads\CV\CONSULTANT\14346702.pdf,.pdf
cv_02028,cv,BANKING,raw/cv/BANKING/cv_02028.pdf,C:\Users\YassineSBOUI\Downloads\CV\BANKING\31025785.pdf,.pdf
cv_02029,cv,ADVOCATE,raw/cv/ADVOCATE/cv_02029.pdf,C:\Users\YassineSBOUI\Downloads\CV\ADVOCATE\13967854.pdf,.pdf
cv_02030,cv,PUBLIC-RELATIONS,raw/cv/PUBLIC-RELATIONS/cv_02030.pdf,C:\Users\YassineSBOUI\Downloads\CV\PUBLIC-RELATIONS\21549195.pdf,.pdf
cv_02031,cv,ARTS,raw/cv/ARTS/cv_02031.pdf,C:\Users\YassineSBOUI\Downloads\CV\ARTS\32794700.pdf,.pdf
cv_02032,cv,INFORMATION-TECHNOLOGY,raw/cv/INFORMATION-TECHNOLOGY/cv_02032.pdf,C:\Users\YassineSBOUI\Downloads\CV\INFORMATION-TECHNOLOGY\18752129.pdf,.pdf
cv_02033,cv,ADVOCATE,raw/cv/ADVOCATE/cv_02033.pdf,C:\Users\YassineSBOUI\Downloads\CV\ADVOCATE\18997135.pdf,.pdf
cv_02034,cv,ACCOUNTANT,raw/cv/ACCOUNTANT/cv_02034.pdf,C:\Users\YassineSBOUI\Downloads\CV\ACCOUNTANT\80053367.pdf,.pdf
cv_02035,cv,BANKING,raw/cv/BANKING/cv_02035.pdf,C:\Users\YassineSBOUI\Downloads\CV\BANKING\26673507.pdf,.pdf
cv_02036,cv,HR,raw/cv/HR/cv_02036.pdf,C:\Users\YassineSBOUI\Downloads\CV\HR\30563572.pdf,.pdf
cv_02037,cv,ENGINEERING,raw/cv/ENGINEERING/cv_02037.pdf,C:\Users\YassineSBOUI\Downloads\CV\ENGINEERING\74236636.pdf,.pdf
cv_02038,cv,CHEF,raw/cv/CHEF/cv_02038.pdf,C:\Users\YassineSBOUI\Downloads\CV\CHEF\11432686.pdf,.pdf
cv_02039,cv,ADVOCATE,raw/cv/ADVOCATE/cv_02039.pdf,C:\Users\YassineSBOUI\Downloads\CV\ADVOCATE\42164460.pdf,.pdf
cv_02040,cv,ENGINEERING,raw/cv/ENGINEERING/cv_02040.pdf,C:\Users\YassineSBOUI\Downloads\CV\ENGINEERING\17103000.pdf,.pdf
cv_02041,cv,SALES,raw/cv/SALES/cv_02041.pdf,C:\Users\YassineSBOUI\Downloads\CV\SALES\17410700.pdf,.pdf
cv_02042,cv,HR,raw/cv/HR/cv_02042.pdf,C:\Users\YassineSBOUI\Downloads\CV\HR\11698189.pdf,.pdf
cv_02043,cv,FINANCE,raw/cv/FINANCE/cv_02043.pdf,C:\Users\YassineSBOUI\Downloads\CV\FINANCE\12071138.pdf,.pdf
cv_02044,cv,AGRICULTURE,raw/cv/AGRICULTURE/cv_02044.pdf,C:\Users\YassineSBOUI\Downloads\CV\AGRICULTURE\23631188.pdf,.pdf
cv_02045,cv,ENGINEERING,raw/cv/ENGINEERING/cv_02045.pdf,C:\Users\YassineSBOUI\Downloads\CV\ENGINEERING\38220146.pdf,.pdf
cv_02046,cv,ENGINEERING,raw/cv/ENGINEERING/cv_02046.pdf,C:\Users\YassineSBOUI\Downloads\CV\ENGINEERING\13264796.pdf,.pdf
cv_02047,cv,INFORMATION-TECHNOLOGY,raw/cv/INFORMATION-TECHNOLOGY/cv_02047.pdf,C:\Users\YassineSBOUI\Downloads\CV\INFORMATION-TECHNOLOGY\64017585.pdf,.pdf
cv_02048,cv,DESIGNER,raw/cv/DESIGNER/cv_02048.pdf,C:\Users\YassineSBOUI\Downloads\CV\DESIGNER\25061645.pdf,.pdf
cv_02049,cv,FINANCE,raw/cv/FINANCE/cv_02049.pdf,C:\Users\YassineSBOUI\Downloads\CV\FINANCE\48285304.pdf,.pdf
cv_02050,cv,CHEF,raw/cv/CHEF/cv_02050.pdf,C:\Users\YassineSBOUI\Downloads\CV\CHEF\18480859.pdf,.pdf
cv_02051,cv,TEACHER,raw/cv/TEACHER/cv_02051.pdf,C:\Users\YassineSBOUI\Downloads\CV\TEACHER\19786924.pdf,.pdf
cv_02052,cv,CONSULTANT,raw/cv/CONSULTANT/cv_02052.pdf,C:\Users\YassineSBOUI\Downloads\CV\CONSULTANT\12897903.pdf,.pdf
cv_02053,cv,APPAREL,raw/cv/APPAREL/cv_02053.pdf,C:\Users\YassineSBOUI\Downloads\CV\APPAREL\22852364.pdf,.pdf
cv_02054,cv,FINANCE,raw/cv/FINANCE/cv_02054.pdf,C:\Users\YassineSBOUI\Downloads\CV\FINANCE\20705888.pdf,.pdf
cv_02055,cv,AVIATION,raw/cv/AVIATION/cv_02055.pdf,C:\Users\YassineSBOUI\Downloads\CV\AVIATION\27502951.pdf,.pdf
cv_02056,cv,BUSINESS-DEVELOPMENT,raw/cv/BUSINESS-DEVELOPMENT/cv_02056.pdf,C:\Users\YassineSBOUI\Downloads\CV\BUSINESS-DEVELOPMENT\27375577.pdf,.pdf
cv_02057,cv,INFORMATION-TECHNOLOGY,raw/cv/INFORMATION-TECHNOLOGY/cv_02057.pdf,C:\Users\YassineSBOUI\Downloads\CV\INFORMATION-TECHNOLOGY\24083609.pdf,.pdf
cv_02058,cv,DESIGNER,raw/cv/DESIGNER/cv_02058.pdf,C:\Users\YassineSBOUI\Downloads\CV\DESIGNER\22567495.pdf,.pdf
cv_02059,cv,INFORMATION-TECHNOLOGY,raw/cv/INFORMATION-TECHNOLOGY/cv_02059.pdf,C:\Users\YassineSBOUI\Downloads\CV\INFORMATION-TECHNOLOGY\11580408.pdf,.pdf
cv_02060,cv,ADVOCATE,raw/cv/ADVOCATE/cv_02060.pdf,C:\Users\YassineSBOUI\Downloads\CV\ADVOCATE\29415426.pdf,.pdf
cv_02061,cv,CONSULTANT,raw/cv/CONSULTANT/cv_02061.pdf,C:\Users\YassineSBOUI\Downloads\CV\CONSULTANT\39441617.pdf,.pdf
cv_02062,cv,INFORMATION-TECHNOLOGY,raw/cv/INFORMATION-TECHNOLOGY/cv_02062.pdf,C:\Users\YassineSBOUI\Downloads\CV\INFORMATION-TECHNOLOGY\26480367.pdf,.pdf
cv_02063,cv,ADVOCATE,raw/cv/ADVOCATE/cv_02063.pdf,C:\Users\YassineSBOUI\Downloads\CV\ADVOCATE\15313140.pdf,.pdf
cv_02064,cv,TEACHER,raw/cv/TEACHER/cv_02064.pdf,C:\Users\YassineSBOUI\Downloads\CV\TEACHER\37402097.pdf,.pdf
cv_02065,cv,HR,raw/cv/HR/cv_02065.pdf,C:\Users\YassineSBOUI\Downloads\CV\HR\46258701.pdf,.pdf
cv_02066,cv,BUSINESS-DEVELOPMENT,raw/cv/BUSINESS-DEVELOPMENT/cv_02066.pdf,C:\Users\YassineSBOUI\Downloads\CV\BUSINESS-DEVELOPMENT\20553895.pdf,.pdf
cv_02067,cv,CHEF,raw/cv/CHEF/cv_02067.pdf,C:\Users\YassineSBOUI\Downloads\CV\CHEF\24673903.pdf,.pdf
cv_02068,cv,ADVOCATE,raw/cv/ADVOCATE/cv_02068.pdf,C:\Users\YassineSBOUI\Downloads\CV\ADVOCATE\24588864.pdf,.pdf
cv_02069,cv,TEACHER,raw/cv/TEACHER/cv_02069.pdf,C:\Users\YassineSBOUI\Downloads\CV\TEACHER\20230207.pdf,.pdf
cv_02070,cv,DESIGNER,raw/cv/DESIGNER/cv_02070.pdf,C:\Users\YassineSBOUI\Downloads\CV\DESIGNER\10748989.pdf,.pdf
cv_02071,cv,FITNESS,raw/cv/FITNESS/cv_02071.pdf,C:\Users\YassineSBOUI\Downloads\CV\FITNESS\20255404.pdf,.pdf
cv_02072,cv,INFORMATION-TECHNOLOGY,raw/cv/INFORMATION-TECHNOLOGY/cv_02072.pdf,C:\Users\YassineSBOUI\Downloads\CV\INFORMATION-TECHNOLOGY\17681064.pdf,.pdf
cv_02073,cv,APPAREL,raw/cv/APPAREL/cv_02073.pdf,C:\Users\YassineSBOUI\Downloads\CV\APPAREL\21007083.pdf,.pdf
cv_02074,cv,BANKING,raw/cv/BANKING/cv_02074.pdf,C:\Users\YassineSBOUI\Downloads\CV\BANKING\18457785.pdf,.pdf
cv_02075,cv,ACCOUNTANT,raw/cv/ACCOUNTANT/cv_02075.pdf,C:\Users\YassineSBOUI\Downloads\CV\ACCOUNTANT\25067742.pdf,.pdf
cv_02076,cv,ADVOCATE,raw/cv/ADVOCATE/cv_02076.pdf,C:\Users\YassineSBOUI\Downloads\CV\ADVOCATE\24124250.pdf,.pdf
cv_02077,cv,HR,raw/cv/HR/cv_02077.pdf,C:\Users\YassineSBOUI\Downloads\CV\HR\39970711.pdf,.pdf
cv_02078,cv,PUBLIC-RELATIONS,raw/cv/PUBLIC-RELATIONS/cv_02078.pdf,C:\Users\YassineSBOUI\Downloads\CV\PUBLIC-RELATIONS\11624880.pdf,.pdf
cv_02079,cv,SALES,raw/cv/SALES/cv_02079.pdf,C:\Users\YassineSBOUI\Downloads\CV\SALES\25810233.pdf,.pdf
cv_02080,cv,SALES,raw/cv/SALES/cv_02080.pdf,C:\Users\YassineSBOUI\Downloads\CV\SALES\92200491.pdf,.pdf
cv_02081,cv,APPAREL,raw/cv/APPAREL/cv_02081.pdf,C:\Users\YassineSBOUI\Downloads\CV\APPAREL\56151548.pdf,.pdf
cv_02082,cv,SALES,raw/cv/SALES/cv_02082.pdf,C:\Users\YassineSBOUI\Downloads\CV\SALES\10603337.pdf,.pdf
cv_02083,cv,APPAREL,raw/cv/APPAREL/cv_02083.pdf,C:\Users\YassineSBOUI\Downloads\CV\APPAREL\24989856.pdf,.pdf
cv_02084,cv,PUBLIC-RELATIONS,raw/cv/PUBLIC-RELATIONS/cv_02084.pdf,C:\Users\YassineSBOUI\Downloads\CV\PUBLIC-RELATIONS\21478007.pdf,.pdf
cv_02085,cv,CHEF,raw/cv/CHEF/cv_02085.pdf,C:\Users\YassineSBOUI\Downloads\CV\CHEF\16066857.pdf,.pdf
cv_02086,cv,CHEF,raw/cv/CHEF/cv_02086.pdf,C:\Users\YassineSBOUI\Downloads\CV\CHEF\23591247.pdf,.pdf
cv_02087,cv,HEALTHCARE,raw/cv/HEALTHCARE/cv_02087.pdf,C:\Users\YassineSBOUI\Downloads\CV\HEALTHCARE\35422305.pdf,.pdf
cv_02088,cv,FINANCE,raw/cv/FINANCE/cv_02088.pdf,C:\Users\YassineSBOUI\Downloads\CV\FINANCE\38907798.pdf,.pdf
cv_02089,cv,INFORMATION-TECHNOLOGY,raw/cv/INFORMATION-TECHNOLOGY/cv_02089.pdf,C:\Users\YassineSBOUI\Downloads\CV\INFORMATION-TECHNOLOGY\31243710.pdf,.pdf
cv_02090,cv,PUBLIC-RELATIONS,raw/cv/PUBLIC-RELATIONS/cv_02090.pdf,C:\Users\YassineSBOUI\Downloads\CV\PUBLIC-RELATIONS\12191094.pdf,.pdf
cv_02091,cv,FINANCE,raw/cv/FINANCE/cv_02091.pdf,C:\Users\YassineSBOUI\Downloads\CV\FINANCE\38225199.pdf,.pdf
cv_02092,cv,CONSTRUCTION,raw/cv/CONSTRUCTION/cv_02092.pdf,C:\Users\YassineSBOUI\Downloads\CV\CONSTRUCTION\29483501.pdf,.pdf
cv_02093,cv,DIGITAL-MEDIA,raw/cv/DIGITAL-MEDIA/cv_02093.pdf,C:\Users\YassineSBOUI\Downloads\CV\DIGITAL-MEDIA\14556869.pdf,.pdf
cv_02094,cv,CONSTRUCTION,raw/cv/CONSTRUCTION/cv_02094.pdf,C:\Users\YassineSBOUI\Downloads\CV\CONSTRUCTION\10149490.pdf,.pdf
cv_02095,cv,BPO,raw/cv/BPO/cv_02095.pdf,C:\Users\YassineSBOUI\Downloads\CV\BPO\38707449.pdf,.pdf
cv_02096,cv,PUBLIC-RELATIONS,raw/cv/PUBLIC-RELATIONS/cv_02096.pdf,C:\Users\YassineSBOUI\Downloads\CV\PUBLIC-RELATIONS\25070914.pdf,.pdf
cv_02097,cv,AVIATION,raw/cv/AVIATION/cv_02097.pdf,C:\Users\YassineSBOUI\Downloads\CV\AVIATION\10567764.pdf,.pdf
cv_02098,cv,APPAREL,raw/cv/APPAREL/cv_02098.pdf,C:\Users\YassineSBOUI\Downloads\CV\APPAREL\83566455.pdf,.pdf
cv_02099,cv,ARTS,raw/cv/ARTS/cv_02099.pdf,C:\Users\YassineSBOUI\Downloads\CV\ARTS\16962067.pdf,.pdf
cv_02100,cv,BANKING,raw/cv/BANKING/cv_02100.pdf,C:\Users\YassineSBOUI\Downloads\CV\BANKING\11262933.pdf,.pdf
cv_02101,cv,FITNESS,raw/cv/FITNESS/cv_02101.pdf,C:\Users\YassineSBOUI\Downloads\CV\FITNESS\45656814.pdf,.pdf
cv_02102,cv,INFORMATION-TECHNOLOGY,raw/cv/INFORMATION-TECHNOLOGY/cv_02102.pdf,C:\Users\YassineSBOUI\Downloads\CV\INFORMATION-TECHNOLOGY\10089434.pdf,.pdf
cv_02103,cv,ACCOUNTANT,raw/cv/ACCOUNTANT/cv_02103.pdf,C:\Users\YassineSBOUI\Downloads\CV\ACCOUNTANT\21763056.pdf,.pdf
cv_02104,cv,CONSULTANT,raw/cv/CONSULTANT/cv_02104.pdf,C:\Users\YassineSBOUI\Downloads\CV\CONSULTANT\13569152.pdf,.pdf
cv_02105,cv,CONSTRUCTION,raw/cv/CONSTRUCTION/cv_02105.pdf,C:\Users\YassineSBOUI\Downloads\CV\CONSTRUCTION\78114950.pdf,.pdf
cv_02106,cv,ACCOUNTANT,raw/cv/ACCOUNTANT/cv_02106.pdf,C:\Users\YassineSBOUI\Downloads\CV\ACCOUNTANT\18569929.pdf,.pdf
cv_02107,cv,ACCOUNTANT,raw/cv/ACCOUNTANT/cv_02107.pdf,C:\Users\YassineSBOUI\Downloads\CV\ACCOUNTANT\87635012.pdf,.pdf
cv_02108,cv,FINANCE,raw/cv/FINANCE/cv_02108.pdf,C:\Users\YassineSBOUI\Downloads\CV\FINANCE\25330083.pdf,.pdf
cv_02109,cv,TEACHER,raw/cv/TEACHER/cv_02109.pdf,C:\Users\YassineSBOUI\Downloads\CV\TEACHER\10504237.pdf,.pdf
cv_02110,cv,PUBLIC-RELATIONS,raw/cv/PUBLIC-RELATIONS/cv_02110.pdf,C:\Users\YassineSBOUI\Downloads\CV\PUBLIC-RELATIONS\37087371.pdf,.pdf
cv_02111,cv,HR,raw/cv/HR/cv_02111.pdf,C:\Users\YassineSBOUI\Downloads\CV\HR\24402267.pdf,.pdf
cv_02112,cv,HR,raw/cv/HR/cv_02112.pdf,C:\Users\YassineSBOUI\Downloads\CV\HR\73077810.pdf,.pdf
cv_02113,cv,AGRICULTURE,raw/cv/AGRICULTURE/cv_02113.pdf,C:\Users\YassineSBOUI\Downloads\CV\AGRICULTURE\69859102.pdf,.pdf
cv_02114,cv,ENGINEERING,raw/cv/ENGINEERING/cv_02114.pdf,C:\Users\YassineSBOUI\Downloads\CV\ENGINEERING\15601399.pdf,.pdf
cv_02115,cv,HEALTHCARE,raw/cv/HEALTHCARE/cv_02115.pdf,C:\Users\YassineSBOUI\Downloads\CV\HEALTHCARE\14667957.pdf,.pdf
cv_02116,cv,INFORMATION-TECHNOLOGY,raw/cv/INFORMATION-TECHNOLOGY/cv_02116.pdf,C:\Users\YassineSBOUI\Downloads\CV\INFORMATION-TECHNOLOGY\39718499.pdf,.pdf
cv_02117,cv,BUSINESS-DEVELOPMENT,raw/cv/BUSINESS-DEVELOPMENT/cv_02117.pdf,C:\Users\YassineSBOUI\Downloads\CV\BUSINESS-DEVELOPMENT\15811992.pdf,.pdf
cv_02118,cv,TEACHER,raw/cv/TEACHER/cv_02118.pdf,C:\Users\YassineSBOUI\Downloads\CV\TEACHER\14958913.pdf,.pdf
cv_02119,cv,AVIATION,raw/cv/AVIATION/cv_02119.pdf,C:\Users\YassineSBOUI\Downloads\CV\AVIATION\33627938.pdf,.pdf
cv_02120,cv,AGRICULTURE,raw/cv/AGRICULTURE/cv_02120.pdf,C:\Users\YassineSBOUI\Downloads\CV\AGRICULTURE\55712978.pdf,.pdf
cv_02121,cv,CHEF,raw/cv/CHEF/cv_02121.pdf,C:\Users\YassineSBOUI\Downloads\CV\CHEF\10588874.pdf,.pdf
cv_02122,cv,TEACHER,raw/cv/TEACHER/cv_02122.pdf,C:\Users\YassineSBOUI\Downloads\CV\TEACHER\20478831.pdf,.pdf
cv_02123,cv,FINANCE,raw/cv/FINANCE/cv_02123.pdf,C:\Users\YassineSBOUI\Downloads\CV\FINANCE\15011085.pdf,.pdf
cv_02124,cv,ACCOUNTANT,raw/cv/ACCOUNTANT/cv_02124.pdf,C:\Users\YassineSBOUI\Downloads\CV\ACCOUNTANT\98559931.pdf,.pdf
cv_02125,cv,ADVOCATE,raw/cv/ADVOCATE/cv_02125.pdf,C:\Users\YassineSBOUI\Downloads\CV\ADVOCATE\37333719.pdf,.pdf
cv_02126,cv,APPAREL,raw/cv/APPAREL/cv_02126.pdf,C:\Users\YassineSBOUI\Downloads\CV\APPAREL\78273826.pdf,.pdf
cv_02127,cv,ADVOCATE,raw/cv/ADVOCATE/cv_02127.pdf,C:\Users\YassineSBOUI\Downloads\CV\ADVOCATE\26071861.pdf,.pdf
cv_02128,cv,AGRICULTURE,raw/cv/AGRICULTURE/cv_02128.pdf,C:\Users\YassineSBOUI\Downloads\CV\AGRICULTURE\29968330.pdf,.pdf
cv_02129,cv,PUBLIC-RELATIONS,raw/cv/PUBLIC-RELATIONS/cv_02129.pdf,C:\Users\YassineSBOUI\Downloads\CV\PUBLIC-RELATIONS\42332765.pdf,.pdf
cv_02130,cv,HR,raw/cv/HR/cv_02130.pdf,C:\Users\YassineSBOUI\Downloads\CV\HR\11847784.pdf,.pdf
cv_02131,cv,PUBLIC-RELATIONS,raw/cv/PUBLIC-RELATIONS/cv_02131.pdf,C:\Users\YassineSBOUI\Downloads\CV\PUBLIC-RELATIONS\14910300.pdf,.pdf
cv_02132,cv,BANKING,raw/cv/BANKING/cv_02132.pdf,C:\Users\YassineSBOUI\Downloads\CV\BANKING\11266906.pdf,.pdf
cv_02133,cv,DIGITAL-MEDIA,raw/cv/DIGITAL-MEDIA/cv_02133.pdf,C:\Users\YassineSBOUI\Downloads\CV\DIGITAL-MEDIA\50219114.pdf,.pdf
cv_02134,cv,BANKING,raw/cv/BANKING/cv_02134.pdf,C:\Users\YassineSBOUI\Downloads\CV\BANKING\13982572.pdf,.pdf
cv_02135,cv,HEALTHCARE,raw/cv/HEALTHCARE/cv_02135.pdf,C:\Users\YassineSBOUI\Downloads\CV\HEALTHCARE\26958533.pdf,.pdf
cv_02136,cv,HR,raw/cv/HR/cv_02136.pdf,C:\Users\YassineSBOUI\Downloads\CV\HR\28175164.pdf,.pdf
cv_02137,cv,HR,raw/cv/HR/cv_02137.pdf,C:\Users\YassineSBOUI\Downloads\CV\HR\15041689.pdf,.pdf
cv_02138,cv,CONSTRUCTION,raw/cv/CONSTRUCTION/cv_02138.pdf,C:\Users\YassineSBOUI\Downloads\CV\CONSTRUCTION\16626724.pdf,.pdf
cv_02139,cv,DIGITAL-MEDIA,raw/cv/DIGITAL-MEDIA/cv_02139.pdf,C:\Users\YassineSBOUI\Downloads\CV\DIGITAL-MEDIA\28679359.pdf,.pdf
cv_02140,cv,INFORMATION-TECHNOLOGY,raw/cv/INFORMATION-TECHNOLOGY/cv_02140.pdf,C:\Users\YassineSBOUI\Downloads\CV\INFORMATION-TECHNOLOGY\15118506.pdf,.pdf
cv_02141,cv,CHEF,raw/cv/CHEF/cv_02141.pdf,C:\Users\YassineSBOUI\Downloads\CV\CHEF\29211359.pdf,.pdf
cv_02142,cv,TEACHER,raw/cv/TEACHER/cv_02142.pdf,C:\Users\YassineSBOUI\Downloads\CV\TEACHER\22968380.pdf,.pdf
cv_02143,cv,CHEF,raw/cv/CHEF/cv_02143.pdf,C:\Users\YassineSBOUI\Downloads\CV\CHEF\21869994.pdf,.pdf
cv_02144,cv,DESIGNER,raw/cv/DESIGNER/cv_02144.pdf,C:\Users\YassineSBOUI\Downloads\CV\DESIGNER\11919526.pdf,.pdf
cv_02145,cv,BUSINESS-DEVELOPMENT,raw/cv/BUSINESS-DEVELOPMENT/cv_02145.pdf,C:\Users\YassineSBOUI\Downloads\CV\BUSINESS-DEVELOPMENT\20748929.pdf,.pdf
cv_02146,cv,AVIATION,raw/cv/AVIATION/cv_02146.pdf,C:\Users\YassineSBOUI\Downloads\CV\AVIATION\25625173.pdf,.pdf
cv_02147,cv,CONSULTANT,raw/cv/CONSULTANT/cv_02147.pdf,C:\Users\YassineSBOUI\Downloads\CV\CONSULTANT\20314980.pdf,.pdf
cv_02148,cv,FITNESS,raw/cv/FITNESS/cv_02148.pdf,C:\Users\YassineSBOUI\Downloads\CV\FITNESS\56286525.pdf,.pdf
cv_02149,cv,TEACHER,raw/cv/TEACHER/cv_02149.pdf,C:\Users\YassineSBOUI\Downloads\CV\TEACHER\19464810.pdf,.pdf
cv_02150,cv,ACCOUNTANT,raw/cv/ACCOUNTANT/cv_02150.pdf,C:\Users\YassineSBOUI\Downloads\CV\ACCOUNTANT\24103168.pdf,.pdf
cv_02151,cv,AVIATION,raw/cv/AVIATION/cv_02151.pdf,C:\Users\YassineSBOUI\Downloads\CV\AVIATION\81588968.pdf,.pdf
cv_02152,cv,BUSINESS-DEVELOPMENT,raw/cv/BUSINESS-DEVELOPMENT/cv_02152.pdf,C:\Users\YassineSBOUI\Downloads\CV\BUSINESS-DEVELOPMENT\91467795.pdf,.pdf
cv_02153,cv,ADVOCATE,raw/cv/ADVOCATE/cv_02153.pdf,C:\Users\YassineSBOUI\Downloads\CV\ADVOCATE\19518606.pdf,.pdf
cv_02154,cv,FITNESS,raw/cv/FITNESS/cv_02154.pdf,C:\Users\YassineSBOUI\Downloads\CV\FITNESS\32651555.pdf,.pdf
cv_02155,cv,DESIGNER,raw/cv/DESIGNER/cv_02155.pdf,C:\Users\YassineSBOUI\Downloads\CV\DESIGNER\13998435.pdf,.pdf
cv_02156,cv,ENGINEERING,raw/cv/ENGINEERING/cv_02156.pdf,C:\Users\YassineSBOUI\Downloads\CV\ENGINEERING\28923650.pdf,.pdf
cv_02157,cv,PUBLIC-RELATIONS,raw/cv/PUBLIC-RELATIONS/cv_02157.pdf,C:\Users\YassineSBOUI\Downloads\CV\PUBLIC-RELATIONS\31292364.pdf,.pdf
cv_02158,cv,DESIGNER,raw/cv/DESIGNER/cv_02158.pdf,C:\Users\YassineSBOUI\Downloads\CV\DESIGNER\18979238.pdf,.pdf
cv_02159,cv,HEALTHCARE,raw/cv/HEALTHCARE/cv_02159.pdf,C:\Users\YassineSBOUI\Downloads\CV\HEALTHCARE\32563518.pdf,.pdf
cv_02160,cv,ARTS,raw/cv/ARTS/cv_02160.pdf,C:\Users\YassineSBOUI\Downloads\CV\ARTS\19508520.pdf,.pdf
cv_02161,cv,HEALTHCARE,raw/cv/HEALTHCARE/cv_02161.pdf,C:\Users\YassineSBOUI\Downloads\CV\HEALTHCARE\27917969.pdf,.pdf
cv_02162,cv,INFORMATION-TECHNOLOGY,raw/cv/INFORMATION-TECHNOLOGY/cv_02162.pdf,C:\Users\YassineSBOUI\Downloads\CV\INFORMATION-TECHNOLOGY\17111768.pdf,.pdf
cv_02163,cv,INFORMATION-TECHNOLOGY,raw/cv/INFORMATION-TECHNOLOGY/cv_02163.pdf,C:\Users\YassineSBOUI\Downloads\CV\INFORMATION-TECHNOLOGY\18187364.pdf,.pdf
cv_02164,cv,ENGINEERING,raw/cv/ENGINEERING/cv_02164.pdf,C:\Users\YassineSBOUI\Downloads\CV\ENGINEERING\17926546.pdf,.pdf
cv_02165,cv,SALES,raw/cv/SALES/cv_02165.pdf,C:\Users\YassineSBOUI\Downloads\CV\SALES\98108571.pdf,.pdf
cv_02166,cv,DESIGNER,raw/cv/DESIGNER/cv_02166.pdf,C:\Users\YassineSBOUI\Downloads\CV\DESIGNER\85101052.pdf,.pdf
cv_02167,cv,ENGINEERING,raw/cv/ENGINEERING/cv_02167.pdf,C:\Users\YassineSBOUI\Downloads\CV\ENGINEERING\10985403.pdf,.pdf
cv_02168,cv,HEALTHCARE,raw/cv/HEALTHCARE/cv_02168.pdf,C:\Users\YassineSBOUI\Downloads\CV\HEALTHCARE\37374340.pdf,.pdf
cv_02169,cv,ENGINEERING,raw/cv/ENGINEERING/cv_02169.pdf,C:\Users\YassineSBOUI\Downloads\CV\ENGINEERING\90280583.pdf,.pdf
cv_02170,cv,CONSULTANT,raw/cv/CONSULTANT/cv_02170.pdf,C:\Users\YassineSBOUI\Downloads\CV\CONSULTANT\23302948.pdf,.pdf
cv_02171,cv,DESIGNER,raw/cv/DESIGNER/cv_02171.pdf,C:\Users\YassineSBOUI\Downloads\CV\DESIGNER\20748926.pdf,.pdf
cv_02172,cv,TEACHER,raw/cv/TEACHER/cv_02172.pdf,C:\Users\YassineSBOUI\Downloads\CV\TEACHER\35421497.pdf,.pdf
cv_02173,cv,FINANCE,raw/cv/FINANCE/cv_02173.pdf,C:\Users\YassineSBOUI\Downloads\CV\FINANCE\24530382.pdf,.pdf
cv_02174,cv,BUSINESS-DEVELOPMENT,raw/cv/BUSINESS-DEVELOPMENT/cv_02174.pdf,C:\Users\YassineSBOUI\Downloads\CV\BUSINESS-DEVELOPMENT\13574264.pdf,.pdf
cv_02175,cv,TEACHER,raw/cv/TEACHER/cv_02175.pdf,C:\Users\YassineSBOUI\Downloads\CV\TEACHER\58665241.pdf,.pdf
cv_02176,cv,HR,raw/cv/HR/cv_02176.pdf,C:\Users\YassineSBOUI\Downloads\CV\HR\20925036.pdf,.pdf
cv_02177,cv,SALES,raw/cv/SALES/cv_02177.pdf,C:\Users\YassineSBOUI\Downloads\CV\SALES\20552814.pdf,.pdf
cv_02178,cv,BPO,raw/cv/BPO/cv_02178.pdf,C:\Users\YassineSBOUI\Downloads\CV\BPO\23933031.pdf,.pdf
cv_02179,cv,BUSINESS-DEVELOPMENT,raw/cv/BUSINESS-DEVELOPMENT/cv_02179.pdf,C:\Users\YassineSBOUI\Downloads\CV\BUSINESS-DEVELOPMENT\12230301.pdf,.pdf
cv_02180,cv,ACCOUNTANT,raw/cv/ACCOUNTANT/cv_02180.pdf,C:\Users\YassineSBOUI\Downloads\CV\ACCOUNTANT\28298773.pdf,.pdf
cv_02181,cv,CONSULTANT,raw/cv/CONSULTANT/cv_02181.pdf,C:\Users\YassineSBOUI\Downloads\CV\CONSULTANT\29196643.pdf,.pdf
cv_02182,cv,DIGITAL-MEDIA,raw/cv/DIGITAL-MEDIA/cv_02182.pdf,C:\Users\YassineSBOUI\Downloads\CV\DIGITAL-MEDIA\25723793.pdf,.pdf
cv_02183,cv,BUSINESS-DEVELOPMENT,raw/cv/BUSINESS-DEVELOPMENT/cv_02183.pdf,C:\Users\YassineSBOUI\Downloads\CV\BUSINESS-DEVELOPMENT\14990354.pdf,.pdf
cv_02184,cv,HR,raw/cv/HR/cv_02184.pdf,C:\Users\YassineSBOUI\Downloads\CV\HR\23510685.pdf,.pdf
cv_02185,cv,BUSINESS-DEVELOPMENT,raw/cv/BUSINESS-DEVELOPMENT/cv_02185.pdf,C:\Users\YassineSBOUI\Downloads\CV\BUSINESS-DEVELOPMENT\27219200.pdf,.pdf
cv_02186,cv,BPO,raw/cv/BPO/cv_02186.pdf,C:\Users\YassineSBOUI\Downloads\CV\BPO\26829350.pdf,.pdf
cv_02187,cv,AGRICULTURE,raw/cv/AGRICULTURE/cv_02187.pdf,C:\Users\YassineSBOUI\Downloads\CV\AGRICULTURE\16661264.pdf,.pdf
cv_02188,cv,ADVOCATE,raw/cv/ADVOCATE/cv_02188.pdf,C:\Users\YassineSBOUI\Downloads\CV\ADVOCATE\36392131.pdf,.pdf
cv_02189,cv,ENGINEERING,raw/cv/ENGINEERING/cv_02189.pdf,C:\Users\YassineSBOUI\Downloads\CV\ENGINEERING\56691064.pdf,.pdf
cv_02190,cv,CONSTRUCTION,raw/cv/CONSTRUCTION/cv_02190.pdf,C:\Users\YassineSBOUI\Downloads\CV\CONSTRUCTION\30397268.pdf,.pdf
cv_02191,cv,ADVOCATE,raw/cv/ADVOCATE/cv_02191.pdf,C:\Users\YassineSBOUI\Downloads\CV\ADVOCATE\12171093.pdf,.pdf
cv_02192,cv,BPO,raw/cv/BPO/cv_02192.pdf,C:\Users\YassineSBOUI\Downloads\CV\BPO\79261033.pdf,.pdf
cv_02193,cv,APPAREL,raw/cv/APPAREL/cv_02193.pdf,C:\Users\YassineSBOUI\Downloads\CV\APPAREL\56025640.pdf,.pdf
cv_02194,cv,ENGINEERING,raw/cv/ENGINEERING/cv_02194.pdf,C:\Users\YassineSBOUI\Downloads\CV\ENGINEERING\62071407.pdf,.pdf
cv_02195,cv,HEALTHCARE,raw/cv/HEALTHCARE/cv_02195.pdf,C:\Users\YassineSBOUI\Downloads\CV\HEALTHCARE\10466208.pdf,.pdf
cv_02196,cv,TEACHER,raw/cv/TEACHER/cv_02196.pdf,C:\Users\YassineSBOUI\Downloads\CV\TEACHER\99244405.pdf,.pdf
cv_02197,cv,TEACHER,raw/cv/TEACHER/cv_02197.pdf,C:\Users\YassineSBOUI\Downloads\CV\TEACHER\11336022.pdf,.pdf
cv_02198,cv,BUSINESS-DEVELOPMENT,raw/cv/BUSINESS-DEVELOPMENT/cv_02198.pdf,C:\Users\YassineSBOUI\Downloads\CV\BUSINESS-DEVELOPMENT\12546838.pdf,.pdf
cv_02199,cv,CONSTRUCTION,raw/cv/CONSTRUCTION/cv_02199.pdf,C:\Users\YassineSBOUI\Downloads\CV\CONSTRUCTION\21363048.pdf,.pdf
cv_02200,cv,CHEF,raw/cv/CHEF/cv_02200.pdf,C:\Users\YassineSBOUI\Downloads\CV\CHEF\94047639.pdf,.pdf
cv_02201,cv,FINANCE,raw/cv/FINANCE/cv_02201.pdf,C:\Users\YassineSBOUI\Downloads\CV\FINANCE\18024825.pdf,.pdf
cv_02202,cv,TEACHER,raw/cv/TEACHER/cv_02202.pdf,C:\Users\YassineSBOUI\Downloads\CV\TEACHER\16210888.pdf,.pdf
cv_02203,cv,PUBLIC-RELATIONS,raw/cv/PUBLIC-RELATIONS/cv_02203.pdf,C:\Users\YassineSBOUI\Downloads\CV\PUBLIC-RELATIONS\27257013.pdf,.pdf
cv_02204,cv,FITNESS,raw/cv/FITNESS/cv_02204.pdf,C:\Users\YassineSBOUI\Downloads\CV\FITNESS\12923795.pdf,.pdf
cv_02205,cv,FINANCE,raw/cv/FINANCE/cv_02205.pdf,C:\Users\YassineSBOUI\Downloads\CV\FINANCE\11877150.pdf,.pdf
cv_02206,cv,SALES,raw/cv/SALES/cv_02206.pdf,C:\Users\YassineSBOUI\Downloads\CV\SALES\10724818.pdf,.pdf
cv_02207,cv,SALES,raw/cv/SALES/cv_02207.pdf,C:\Users\YassineSBOUI\Downloads\CV\SALES\34303500.pdf,.pdf
cv_02208,cv,AVIATION,raw/cv/AVIATION/cv_02208.pdf,C:\Users\YassineSBOUI\Downloads\CV\AVIATION\65219288.pdf,.pdf
cv_02209,cv,CONSULTANT,raw/cv/CONSULTANT/cv_02209.pdf,C:\Users\YassineSBOUI\Downloads\CV\CONSULTANT\27726066.pdf,.pdf
cv_02210,cv,CHEF,raw/cv/CHEF/cv_02210.pdf,C:\Users\YassineSBOUI\Downloads\CV\CHEF\32518109.pdf,.pdf
cv_02211,cv,CHEF,raw/cv/CHEF/cv_02211.pdf,C:\Users\YassineSBOUI\Downloads\CV\CHEF\19268120.pdf,.pdf
cv_02212,cv,HR,raw/cv/HR/cv_02212.pdf,C:\Users\YassineSBOUI\Downloads\CV\HR\26671167.pdf,.pdf
cv_02213,cv,PUBLIC-RELATIONS,raw/cv/PUBLIC-RELATIONS/cv_02213.pdf,C:\Users\YassineSBOUI\Downloads\CV\PUBLIC-RELATIONS\23771896.pdf,.pdf
cv_02214,cv,BANKING,raw/cv/BANKING/cv_02214.pdf,C:\Users\YassineSBOUI\Downloads\CV\BANKING\11065180.pdf,.pdf
cv_02215,cv,ENGINEERING,raw/cv/ENGINEERING/cv_02215.pdf,C:\Users\YassineSBOUI\Downloads\CV\ENGINEERING\27040860.pdf,.pdf
cv_02216,cv,CONSULTANT,raw/cv/CONSULTANT/cv_02216.pdf,C:\Users\YassineSBOUI\Downloads\CV\CONSULTANT\25694422.pdf,.pdf
cv_02217,cv,AVIATION,raw/cv/AVIATION/cv_02217.pdf,C:\Users\YassineSBOUI\Downloads\CV\AVIATION\15684810.pdf,.pdf
cv_02218,cv,FINANCE,raw/cv/FINANCE/cv_02218.pdf,C:\Users\YassineSBOUI\Downloads\CV\FINANCE\14106638.pdf,.pdf
cv_02219,cv,FITNESS,raw/cv/FITNESS/cv_02219.pdf,C:\Users\YassineSBOUI\Downloads\CV\FITNESS\24767027.pdf,.pdf
cv_02220,cv,DESIGNER,raw/cv/DESIGNER/cv_02220.pdf,C:\Users\YassineSBOUI\Downloads\CV\DESIGNER\11958994.pdf,.pdf
cv_02221,cv,INFORMATION-TECHNOLOGY,raw/cv/INFORMATION-TECHNOLOGY/cv_02221.pdf,C:\Users\YassineSBOUI\Downloads\CV\INFORMATION-TECHNOLOGY\29075857.pdf,.pdf
cv_02222,cv,ENGINEERING,raw/cv/ENGINEERING/cv_02222.pdf,C:\Users\YassineSBOUI\Downloads\CV\ENGINEERING\31684925.pdf,.pdf
cv_02223,cv,DIGITAL-MEDIA,raw/cv/DIGITAL-MEDIA/cv_02223.pdf,C:\Users\YassineSBOUI\Downloads\CV\DIGITAL-MEDIA\24658786.pdf,.pdf
cv_02224,cv,ADVOCATE,raw/cv/ADVOCATE/cv_02224.pdf,C:\Users\YassineSBOUI\Downloads\CV\ADVOCATE\93512385.pdf,.pdf
cv_02225,cv,HR,raw/cv/HR/cv_02225.pdf,C:\Users\YassineSBOUI\Downloads\CV\HR\39650734.pdf,.pdf
cv_02226,cv,FITNESS,raw/cv/FITNESS/cv_02226.pdf,C:\Users\YassineSBOUI\Downloads\CV\FITNESS\69666645.pdf,.pdf
cv_02227,cv,TEACHER,raw/cv/TEACHER/cv_02227.pdf,C:\Users\YassineSBOUI\Downloads\CV\TEACHER\23628651.pdf,.pdf
cv_02228,cv,AGRICULTURE,raw/cv/AGRICULTURE/cv_02228.pdf,C:\Users\YassineSBOUI\Downloads\CV\AGRICULTURE\17499196.pdf,.pdf
cv_02229,cv,CONSTRUCTION,raw/cv/CONSTRUCTION/cv_02229.pdf,C:\Users\YassineSBOUI\Downloads\CV\CONSTRUCTION\14849103.pdf,.pdf
cv_02230,cv,CONSULTANT,raw/cv/CONSULTANT/cv_02230.pdf,C:\Users\YassineSBOUI\Downloads\CV\CONSULTANT\10984392.pdf,.pdf
cv_02231,cv,FITNESS,raw/cv/FITNESS/cv_02231.pdf,C:\Users\YassineSBOUI\Downloads\CV\FITNESS\10235429.pdf,.pdf
cv_02232,cv,BUSINESS-DEVELOPMENT,raw/cv/BUSINESS-DEVELOPMENT/cv_02232.pdf,C:\Users\YassineSBOUI\Downloads\CV\BUSINESS-DEVELOPMENT\26896699.pdf,.pdf
cv_02233,cv,INFORMATION-TECHNOLOGY,raw/cv/INFORMATION-TECHNOLOGY/cv_02233.pdf,C:\Users\YassineSBOUI\Downloads\CV\INFORMATION-TECHNOLOGY\22776912.pdf,.pdf
cv_02234,cv,AVIATION,raw/cv/AVIATION/cv_02234.pdf,C:\Users\YassineSBOUI\Downloads\CV\AVIATION\12192507.pdf,.pdf
cv_02235,cv,SALES,raw/cv/SALES/cv_02235.pdf,C:\Users\YassineSBOUI\Downloads\CV\SALES\87118391.pdf,.pdf
cv_02236,cv,CHEF,raw/cv/CHEF/cv_02236.pdf,C:\Users\YassineSBOUI\Downloads\CV\CHEF\14569498.pdf,.pdf
cv_02237,cv,DESIGNER,raw/cv/DESIGNER/cv_02237.pdf,C:\Users\YassineSBOUI\Downloads\CV\DESIGNER\26790545.pdf,.pdf
cv_02238,cv,DESIGNER,raw/cv/DESIGNER/cv_02238.pdf,C:\Users\YassineSBOUI\Downloads\CV\DESIGNER\44185767.pdf,.pdf
cv_02239,cv,PUBLIC-RELATIONS,raw/cv/PUBLIC-RELATIONS/cv_02239.pdf,C:\Users\YassineSBOUI\Downloads\CV\PUBLIC-RELATIONS\21669215.pdf,.pdf
cv_02240,cv,CONSULTANT,raw/cv/CONSULTANT/cv_02240.pdf,C:\Users\YassineSBOUI\Downloads\CV\CONSULTANT\48533663.pdf,.pdf
cv_02241,cv,INFORMATION-TECHNOLOGY,raw/cv/INFORMATION-TECHNOLOGY/cv_02241.pdf,C:\Users\YassineSBOUI\Downloads\CV\INFORMATION-TECHNOLOGY\12635195.pdf,.pdf
cv_02242,cv,AVIATION,raw/cv/AVIATION/cv_02242.pdf,C:\Users\YassineSBOUI\Downloads\CV\AVIATION\21190805.pdf,.pdf
cv_02243,cv,ADVOCATE,raw/cv/ADVOCATE/cv_02243.pdf,C:\Users\YassineSBOUI\Downloads\CV\ADVOCATE\97405769.pdf,.pdf
cv_02244,cv,BUSINESS-DEVELOPMENT,raw/cv/BUSINESS-DEVELOPMENT/cv_02244.pdf,C:\Users\YassineSBOUI\Downloads\CV\BUSINESS-DEVELOPMENT\81310245.pdf,.pdf
cv_02245,cv,PUBLIC-RELATIONS,raw/cv/PUBLIC-RELATIONS/cv_02245.pdf,C:\Users\YassineSBOUI\Downloads\CV\PUBLIC-RELATIONS\23143731.pdf,.pdf
cv_02246,cv,CHEF,raw/cv/CHEF/cv_02246.pdf,C:\Users\YassineSBOUI\Downloads\CV\CHEF\35157762.pdf,.pdf
cv_02247,cv,FITNESS,raw/cv/FITNESS/cv_02247.pdf,C:\Users\YassineSBOUI\Downloads\CV\FITNESS\14107571.pdf,.pdf
cv_02248,cv,FINANCE,raw/cv/FINANCE/cv_02248.pdf,C:\Users\YassineSBOUI\Downloads\CV\FINANCE\77638654.pdf,.pdf
cv_02249,cv,ADVOCATE,raw/cv/ADVOCATE/cv_02249.pdf,C:\Users\YassineSBOUI\Downloads\CV\ADVOCATE\31040875.pdf,.pdf
cv_02250,cv,CHEF,raw/cv/CHEF/cv_02250.pdf,C:\Users\YassineSBOUI\Downloads\CV\CHEF\27298953.pdf,.pdf
cv_02251,cv,ADVOCATE,raw/cv/ADVOCATE/cv_02251.pdf,C:\Users\YassineSBOUI\Downloads\CV\ADVOCATE\20400279.pdf,.pdf
cv_02252,cv,HEALTHCARE,raw/cv/HEALTHCARE/cv_02252.pdf,C:\Users\YassineSBOUI\Downloads\CV\HEALTHCARE\16702198.pdf,.pdf
cv_02253,cv,ADVOCATE,raw/cv/ADVOCATE/cv_02253.pdf,C:\Users\YassineSBOUI\Downloads\CV\ADVOCATE\74191424.pdf,.pdf
cv_02254,cv,ARTS,raw/cv/ARTS/cv_02254.pdf,C:\Users\YassineSBOUI\Downloads\CV\ARTS\23917826.pdf,.pdf
cv_02255,cv,AGRICULTURE,raw/cv/AGRICULTURE/cv_02255.pdf,C:\Users\YassineSBOUI\Downloads\CV\AGRICULTURE\37201447.pdf,.pdf
cv_02256,cv,BUSINESS-DEVELOPMENT,raw/cv/BUSINESS-DEVELOPMENT/cv_02256.pdf,C:\Users\YassineSBOUI\Downloads\CV\BUSINESS-DEVELOPMENT\32531824.pdf,.pdf
cv_02257,cv,CHEF,raw/cv/CHEF/cv_02257.pdf,C:\Users\YassineSBOUI\Downloads\CV\CHEF\15180322.pdf,.pdf
cv_02258,cv,ACCOUNTANT,raw/cv/ACCOUNTANT/cv_02258.pdf,C:\Users\YassineSBOUI\Downloads\CV\ACCOUNTANT\26065877.pdf,.pdf
cv_02259,cv,FITNESS,raw/cv/FITNESS/cv_02259.pdf,C:\Users\YassineSBOUI\Downloads\CV\FITNESS\17658471.pdf,.pdf
cv_02260,cv,ADVOCATE,raw/cv/ADVOCATE/cv_02260.pdf,C:\Users\YassineSBOUI\Downloads\CV\ADVOCATE\38291889.pdf,.pdf
cv_02261,cv,ARTS,raw/cv/ARTS/cv_02261.pdf,C:\Users\YassineSBOUI\Downloads\CV\ARTS\18885767.pdf,.pdf
cv_02262,cv,BPO,raw/cv/BPO/cv_02262.pdf,C:\Users\YassineSBOUI\Downloads\CV\BPO\45077654.pdf,.pdf
cv_02263,cv,CONSTRUCTION,raw/cv/CONSTRUCTION/cv_02263.pdf,C:\Users\YassineSBOUI\Downloads\CV\CONSTRUCTION\33141415.pdf,.pdf
cv_02264,cv,AVIATION,raw/cv/AVIATION/cv_02264.pdf,C:\Users\YassineSBOUI\Downloads\CV\AVIATION\61315605.pdf,.pdf
cv_02265,cv,DIGITAL-MEDIA,raw/cv/DIGITAL-MEDIA/cv_02265.pdf,C:\Users\YassineSBOUI\Downloads\CV\DIGITAL-MEDIA\24574164.pdf,.pdf
cv_02266,cv,HEALTHCARE,raw/cv/HEALTHCARE/cv_02266.pdf,C:\Users\YassineSBOUI\Downloads\CV\HEALTHCARE\28670024.pdf,.pdf
cv_02267,cv,SALES,raw/cv/SALES/cv_02267.pdf,C:\Users\YassineSBOUI\Downloads\CV\SALES\51349448.pdf,.pdf
cv_02268,cv,CHEF,raw/cv/CHEF/cv_02268.pdf,C:\Users\YassineSBOUI\Downloads\CV\CHEF\25953797.pdf,.pdf
cv_02269,cv,ENGINEERING,raw/cv/ENGINEERING/cv_02269.pdf,C:\Users\YassineSBOUI\Downloads\CV\ENGINEERING\27152464.pdf,.pdf
cv_02270,cv,PUBLIC-RELATIONS,raw/cv/PUBLIC-RELATIONS/cv_02270.pdf,C:\Users\YassineSBOUI\Downloads\CV\PUBLIC-RELATIONS\28862054.pdf,.pdf
cv_02271,cv,FITNESS,raw/cv/FITNESS/cv_02271.pdf,C:\Users\YassineSBOUI\Downloads\CV\FITNESS\34151183.pdf,.pdf
cv_02272,cv,PUBLIC-RELATIONS,raw/cv/PUBLIC-RELATIONS/cv_02272.pdf,C:\Users\YassineSBOUI\Downloads\CV\PUBLIC-RELATIONS\13727873.pdf,.pdf
cv_02273,cv,HEALTHCARE,raw/cv/HEALTHCARE/cv_02273.pdf,C:\Users\YassineSBOUI\Downloads\CV\HEALTHCARE\20748468.pdf,.pdf
cv_02274,cv,TEACHER,raw/cv/TEACHER/cv_02274.pdf,C:\Users\YassineSBOUI\Downloads\CV\TEACHER\96547039.pdf,.pdf
cv_02275,cv,ACCOUNTANT,raw/cv/ACCOUNTANT/cv_02275.pdf,C:\Users\YassineSBOUI\Downloads\CV\ACCOUNTANT\25935030.pdf,.pdf
cv_02276,cv,ACCOUNTANT,raw/cv/ACCOUNTANT/cv_02276.pdf,C:\Users\YassineSBOUI\Downloads\CV\ACCOUNTANT\21853199.pdf,.pdf
cv_02277,cv,CHEF,raw/cv/CHEF/cv_02277.pdf,C:\Users\YassineSBOUI\Downloads\CV\CHEF\16594812.pdf,.pdf
cv_02278,cv,AUTOMOBILE,raw/cv/AUTOMOBILE/cv_02278.pdf,C:\Users\YassineSBOUI\Downloads\CV\AUTOMOBILE\32109048.pdf,.pdf
cv_02279,cv,PUBLIC-RELATIONS,raw/cv/PUBLIC-RELATIONS/cv_02279.pdf,C:\Users\YassineSBOUI\Downloads\CV\PUBLIC-RELATIONS\18133495.pdf,.pdf
cv_02280,cv,FINANCE,raw/cv/FINANCE/cv_02280.pdf,C:\Users\YassineSBOUI\Downloads\CV\FINANCE\24833063.pdf,.pdf
cv_02281,cv,PUBLIC-RELATIONS,raw/cv/PUBLIC-RELATIONS/cv_02281.pdf,C:\Users\YassineSBOUI\Downloads\CV\PUBLIC-RELATIONS\31220062.pdf,.pdf
cv_02282,cv,BANKING,raw/cv/BANKING/cv_02282.pdf,C:\Users\YassineSBOUI\Downloads\CV\BANKING\25162378.pdf,.pdf
cv_02283,cv,ARTS,raw/cv/ARTS/cv_02283.pdf,C:\Users\YassineSBOUI\Downloads\CV\ARTS\20488267.pdf,.pdf
cv_02284,cv,DIGITAL-MEDIA,raw/cv/DIGITAL-MEDIA/cv_02284.pdf,C:\Users\YassineSBOUI\Downloads\CV\DIGITAL-MEDIA\18525641.pdf,.pdf
cv_02285,cv,AVIATION,raw/cv/AVIATION/cv_02285.pdf,C:\Users\YassineSBOUI\Downloads\CV\AVIATION\12904972.pdf,.pdf
cv_02286,cv,PUBLIC-RELATIONS,raw/cv/PUBLIC-RELATIONS/cv_02286.pdf,C:\Users\YassineSBOUI\Downloads\CV\PUBLIC-RELATIONS\19503224.pdf,.pdf
cv_02287,cv,APPAREL,raw/cv/APPAREL/cv_02287.pdf,C:\Users\YassineSBOUI\Downloads\CV\APPAREL\12860543.pdf,.pdf
cv_02288,cv,ENGINEERING,raw/cv/ENGINEERING/cv_02288.pdf,C:\Users\YassineSBOUI\Downloads\CV\ENGINEERING\22605864.pdf,.pdf
cv_02289,cv,ENGINEERING,raw/cv/ENGINEERING/cv_02289.pdf,C:\Users\YassineSBOUI\Downloads\CV\ENGINEERING\35737840.pdf,.pdf
cv_02290,cv,HEALTHCARE,raw/cv/HEALTHCARE/cv_02290.pdf,C:\Users\YassineSBOUI\Downloads\CV\HEALTHCARE\25834360.pdf,.pdf
cv_02291,cv,ENGINEERING,raw/cv/ENGINEERING/cv_02291.pdf,C:\Users\YassineSBOUI\Downloads\CV\ENGINEERING\12022566.pdf,.pdf
cv_02292,cv,ENGINEERING,raw/cv/ENGINEERING/cv_02292.pdf,C:\Users\YassineSBOUI\Downloads\CV\ENGINEERING\21629057.pdf,.pdf
cv_02293,cv,FITNESS,raw/cv/FITNESS/cv_02293.pdf,C:\Users\YassineSBOUI\Downloads\CV\FITNESS\20565486.pdf,.pdf
cv_02294,cv,AVIATION,raw/cv/AVIATION/cv_02294.pdf,C:\Users\YassineSBOUI\Downloads\CV\AVIATION\91431878.pdf,.pdf
cv_02295,cv,BANKING,raw/cv/BANKING/cv_02295.pdf,C:\Users\YassineSBOUI\Downloads\CV\BANKING\19149865.pdf,.pdf
cv_02296,cv,FINANCE,raw/cv/FINANCE/cv_02296.pdf,C:\Users\YassineSBOUI\Downloads\CV\FINANCE\29648950.pdf,.pdf
cv_02297,cv,CONSULTANT,raw/cv/CONSULTANT/cv_02297.pdf,C:\Users\YassineSBOUI\Downloads\CV\CONSULTANT\71888547.pdf,.pdf
cv_02298,cv,ADVOCATE,raw/cv/ADVOCATE/cv_02298.pdf,C:\Users\YassineSBOUI\Downloads\CV\ADVOCATE\17254634.pdf,.pdf
cv_02299,cv,HR,raw/cv/HR/cv_02299.pdf,C:\Users\YassineSBOUI\Downloads\CV\HR\93002334.pdf,.pdf
cv_02300,cv,AGRICULTURE,raw/cv/AGRICULTURE/cv_02300.pdf,C:\Users\YassineSBOUI\Downloads\CV\AGRICULTURE\29897742.pdf,.pdf
cv_02301,cv,AGRICULTURE,raw/cv/AGRICULTURE/cv_02301.pdf,C:\Users\YassineSBOUI\Downloads\CV\AGRICULTURE\20969119.pdf,.pdf
cv_02302,cv,PUBLIC-RELATIONS,raw/cv/PUBLIC-RELATIONS/cv_02302.pdf,C:\Users\YassineSBOUI\Downloads\CV\PUBLIC-RELATIONS\16226743.pdf,.pdf
cv_02303,cv,AGRICULTURE,raw/cv/AGRICULTURE/cv_02303.pdf,C:\Users\YassineSBOUI\Downloads\CV\AGRICULTURE\15053703.pdf,.pdf
cv_02304,cv,DIGITAL-MEDIA,raw/cv/DIGITAL-MEDIA/cv_02304.pdf,C:\Users\YassineSBOUI\Downloads\CV\DIGITAL-MEDIA\16536141.pdf,.pdf
cv_02305,cv,FITNESS,raw/cv/FITNESS/cv_02305.pdf,C:\Users\YassineSBOUI\Downloads\CV\FITNESS\10428916.pdf,.pdf
cv_02306,cv,ADVOCATE,raw/cv/ADVOCATE/cv_02306.pdf,C:\Users\YassineSBOUI\Downloads\CV\ADVOCATE\15958967.pdf,.pdf
cv_02307,cv,APPAREL,raw/cv/APPAREL/cv_02307.pdf,C:\Users\YassineSBOUI\Downloads\CV\APPAREL\36094883.pdf,.pdf
cv_02308,cv,BUSINESS-DEVELOPMENT,raw/cv/BUSINESS-DEVELOPMENT/cv_02308.pdf,C:\Users\YassineSBOUI\Downloads\CV\BUSINESS-DEVELOPMENT\22765255.pdf,.pdf
cv_02309,cv,ACCOUNTANT,raw/cv/ACCOUNTANT/cv_02309.pdf,C:\Users\YassineSBOUI\Downloads\CV\ACCOUNTANT\12802330.pdf,.pdf
cv_02310,cv,CONSTRUCTION,raw/cv/CONSTRUCTION/cv_02310.pdf,C:\Users\YassineSBOUI\Downloads\CV\CONSTRUCTION\25098739.pdf,.pdf
cv_02311,cv,FINANCE,raw/cv/FINANCE/cv_02311.pdf,C:\Users\YassineSBOUI\Downloads\CV\FINANCE\20969845.pdf,.pdf
cv_02312,cv,ACCOUNTANT,raw/cv/ACCOUNTANT/cv_02312.pdf,C:\Users\YassineSBOUI\Downloads\CV\ACCOUNTANT\30813919.pdf,.pdf
cv_02313,cv,DESIGNER,raw/cv/DESIGNER/cv_02313.pdf,C:\Users\YassineSBOUI\Downloads\CV\DESIGNER\39252859.pdf,.pdf
cv_02314,cv,HEALTHCARE,raw/cv/HEALTHCARE/cv_02314.pdf,C:\Users\YassineSBOUI\Downloads\CV\HEALTHCARE\17624934.pdf,.pdf
cv_02315,cv,SALES,raw/cv/SALES/cv_02315.pdf,C:\Users\YassineSBOUI\Downloads\CV\SALES\22047665.pdf,.pdf
cv_02316,cv,AGRICULTURE,raw/cv/AGRICULTURE/cv_02316.pdf,C:\Users\YassineSBOUI\Downloads\CV\AGRICULTURE\26835781.pdf,.pdf
cv_02317,cv,SALES,raw/cv/SALES/cv_02317.pdf,C:\Users\YassineSBOUI\Downloads\CV\SALES\40987524.pdf,.pdf
cv_02318,cv,HEALTHCARE,raw/cv/HEALTHCARE/cv_02318.pdf,C:\Users\YassineSBOUI\Downloads\CV\HEALTHCARE\26908066.pdf,.pdf
cv_02319,cv,FITNESS,raw/cv/FITNESS/cv_02319.pdf,C:\Users\YassineSBOUI\Downloads\CV\FITNESS\21238396.pdf,.pdf
cv_02320,cv,INFORMATION-TECHNOLOGY,raw/cv/INFORMATION-TECHNOLOGY/cv_02320.pdf,C:\Users\YassineSBOUI\Downloads\CV\INFORMATION-TECHNOLOGY\70089206.pdf,.pdf
cv_02321,cv,AVIATION,raw/cv/AVIATION/cv_02321.pdf,C:\Users\YassineSBOUI\Downloads\CV\AVIATION\12043694.pdf,.pdf
cv_02322,cv,HEALTHCARE,raw/cv/HEALTHCARE/cv_02322.pdf,C:\Users\YassineSBOUI\Downloads\CV\HEALTHCARE\33803142.pdf,.pdf
cv_02323,cv,ADVOCATE,raw/cv/ADVOCATE/cv_02323.pdf,C:\Users\YassineSBOUI\Downloads\CV\ADVOCATE\23427369.pdf,.pdf
cv_02324,cv,HEALTHCARE,raw/cv/HEALTHCARE/cv_02324.pdf,C:\Users\YassineSBOUI\Downloads\CV\HEALTHCARE\23617240.pdf,.pdf
cv_02325,cv,INFORMATION-TECHNOLOGY,raw/cv/INFORMATION-TECHNOLOGY/cv_02325.pdf,C:\Users\YassineSBOUI\Downloads\CV\INFORMATION-TECHNOLOGY\89413122.pdf,.pdf
cv_02326,cv,APPAREL,raw/cv/APPAREL/cv_02326.pdf,C:\Users\YassineSBOUI\Downloads\CV\APPAREL\29764492.pdf,.pdf
cv_02327,cv,HR,raw/cv/HR/cv_02327.pdf,C:\Users\YassineSBOUI\Downloads\CV\HR\19616406.pdf,.pdf
cv_02328,cv,BUSINESS-DEVELOPMENT,raw/cv/BUSINESS-DEVELOPMENT/cv_02328.pdf,C:\Users\YassineSBOUI\Downloads\CV\BUSINESS-DEVELOPMENT\14241621.pdf,.pdf
cv_02329,cv,ARTS,raw/cv/ARTS/cv_02329.pdf,C:\Users\YassineSBOUI\Downloads\CV\ARTS\17325147.pdf,.pdf
cv_02330,cv,FITNESS,raw/cv/FITNESS/cv_02330.pdf,C:\Users\YassineSBOUI\Downloads\CV\FITNESS\38650096.pdf,.pdf
cv_02331,cv,INFORMATION-TECHNOLOGY,raw/cv/INFORMATION-TECHNOLOGY/cv_02331.pdf,C:\Users\YassineSBOUI\Downloads\CV\INFORMATION-TECHNOLOGY\20237244.pdf,.pdf
cv_02332,cv,TEACHER,raw/cv/TEACHER/cv_02332.pdf,C:\Users\YassineSBOUI\Downloads\CV\TEACHER\19302310.pdf,.pdf
cv_02333,cv,BANKING,raw/cv/BANKING/cv_02333.pdf,C:\Users\YassineSBOUI\Downloads\CV\BANKING\18208580.pdf,.pdf
cv_02334,cv,AVIATION,raw/cv/AVIATION/cv_02334.pdf,C:\Users\YassineSBOUI\Downloads\CV\AVIATION\17983430.pdf,.pdf
cv_02335,cv,PUBLIC-RELATIONS,raw/cv/PUBLIC-RELATIONS/cv_02335.pdf,C:\Users\YassineSBOUI\Downloads\CV\PUBLIC-RELATIONS\28975482.pdf,.pdf
cv_02336,cv,BUSINESS-DEVELOPMENT,raw/cv/BUSINESS-DEVELOPMENT/cv_02336.pdf,C:\Users\YassineSBOUI\Downloads\CV\BUSINESS-DEVELOPMENT\90629382.pdf,.pdf
cv_02337,cv,INFORMATION-TECHNOLOGY,raw/cv/INFORMATION-TECHNOLOGY/cv_02337.pdf,C:\Users\YassineSBOUI\Downloads\CV\INFORMATION-TECHNOLOGY\25857360.pdf,.pdf
cv_02338,cv,PUBLIC-RELATIONS,raw/cv/PUBLIC-RELATIONS/cv_02338.pdf,C:\Users\YassineSBOUI\Downloads\CV\PUBLIC-RELATIONS\16103783.pdf,.pdf
cv_02339,cv,AGRICULTURE,raw/cv/AGRICULTURE/cv_02339.pdf,C:\Users\YassineSBOUI\Downloads\CV\AGRICULTURE\28247753.pdf,.pdf
cv_02340,cv,ARTS,raw/cv/ARTS/cv_02340.pdf,C:\Users\YassineSBOUI\Downloads\CV\ARTS\31273413.pdf,.pdf
cv_02341,cv,SALES,raw/cv/SALES/cv_02341.pdf,C:\Users\YassineSBOUI\Downloads\CV\SALES\29134721.pdf,.pdf
cv_02342,cv,APPAREL,raw/cv/APPAREL/cv_02342.pdf,C:\Users\YassineSBOUI\Downloads\CV\APPAREL\99806115.pdf,.pdf
cv_02343,cv,ENGINEERING,raw/cv/ENGINEERING/cv_02343.pdf,C:\Users\YassineSBOUI\Downloads\CV\ENGINEERING\14554542.pdf,.pdf
cv_02344,cv,PUBLIC-RELATIONS,raw/cv/PUBLIC-RELATIONS/cv_02344.pdf,C:\Users\YassineSBOUI\Downloads\CV\PUBLIC-RELATIONS\14611516.pdf,.pdf
cv_02345,cv,SALES,raw/cv/SALES/cv_02345.pdf,C:\Users\YassineSBOUI\Downloads\CV\SALES\27233183.pdf,.pdf
cv_02346,cv,INFORMATION-TECHNOLOGY,raw/cv/INFORMATION-TECHNOLOGY/cv_02346.pdf,C:\Users\YassineSBOUI\Downloads\CV\INFORMATION-TECHNOLOGY\24913648.pdf,.pdf
cv_02347,cv,APPAREL,raw/cv/APPAREL/cv_02347.pdf,C:\Users\YassineSBOUI\Downloads\CV\APPAREL\24533931.pdf,.pdf
cv_02348,cv,CHEF,raw/cv/CHEF/cv_02348.pdf,C:\Users\YassineSBOUI\Downloads\CV\CHEF\20321582.pdf,.pdf
cv_02349,cv,BUSINESS-DEVELOPMENT,raw/cv/BUSINESS-DEVELOPMENT/cv_02349.pdf,C:\Users\YassineSBOUI\Downloads\CV\BUSINESS-DEVELOPMENT\12377803.pdf,.pdf
cv_02350,cv,PUBLIC-RELATIONS,raw/cv/PUBLIC-RELATIONS/cv_02350.pdf,C:\Users\YassineSBOUI\Downloads\CV\PUBLIC-RELATIONS\18436190.pdf,.pdf
cv_02351,cv,HR,raw/cv/HR/cv_02351.pdf,C:\Users\YassineSBOUI\Downloads\CV\HR\91930382.pdf,.pdf
cv_02352,cv,PUBLIC-RELATIONS,raw/cv/PUBLIC-RELATIONS/cv_02352.pdf,C:\Users\YassineSBOUI\Downloads\CV\PUBLIC-RELATIONS\61319162.pdf,.pdf
cv_02353,cv,FITNESS,raw/cv/FITNESS/cv_02353.pdf,C:\Users\YassineSBOUI\Downloads\CV\FITNESS\28172023.pdf,.pdf
cv_02354,cv,ENGINEERING,raw/cv/ENGINEERING/cv_02354.pdf,C:\Users\YassineSBOUI\Downloads\CV\ENGINEERING\19397727.pdf,.pdf
cv_02355,cv,HEALTHCARE,raw/cv/HEALTHCARE/cv_02355.pdf,C:\Users\YassineSBOUI\Downloads\CV\HEALTHCARE\25974844.pdf,.pdf
cv_02356,cv,AVIATION,raw/cv/AVIATION/cv_02356.pdf,C:\Users\YassineSBOUI\Downloads\CV\AVIATION\96457008.pdf,.pdf
cv_02357,cv,HR,raw/cv/HR/cv_02357.pdf,C:\Users\YassineSBOUI\Downloads\CV\HR\20993320.pdf,.pdf
cv_02358,cv,AVIATION,raw/cv/AVIATION/cv_02358.pdf,C:\Users\YassineSBOUI\Downloads\CV\AVIATION\12144825.pdf,.pdf
cv_02359,cv,BUSINESS-DEVELOPMENT,raw/cv/BUSINESS-DEVELOPMENT/cv_02359.pdf,C:\Users\YassineSBOUI\Downloads\CV\BUSINESS-DEVELOPMENT\16694152.pdf,.pdf
cv_02360,cv,BUSINESS-DEVELOPMENT,raw/cv/BUSINESS-DEVELOPMENT/cv_02360.pdf,C:\Users\YassineSBOUI\Downloads\CV\BUSINESS-DEVELOPMENT\38007664.pdf,.pdf
cv_02361,cv,ENGINEERING,raw/cv/ENGINEERING/cv_02361.pdf,C:\Users\YassineSBOUI\Downloads\CV\ENGINEERING\37335325.pdf,.pdf
cv_02362,cv,TEACHER,raw/cv/TEACHER/cv_02362.pdf,C:\Users\YassineSBOUI\Downloads\CV\TEACHER\49285644.pdf,.pdf
cv_02363,cv,ARTS,raw/cv/ARTS/cv_02363.pdf,C:\Users\YassineSBOUI\Downloads\CV\ARTS\34146825.pdf,.pdf
cv_02364,cv,DESIGNER,raw/cv/DESIGNER/cv_02364.pdf,C:\Users\YassineSBOUI\Downloads\CV\DESIGNER\94417768.pdf,.pdf
cv_02365,cv,INFORMATION-TECHNOLOGY,raw/cv/INFORMATION-TECHNOLOGY/cv_02365.pdf,C:\Users\YassineSBOUI\Downloads\CV\INFORMATION-TECHNOLOGY\10553553.pdf,.pdf
cv_02366,cv,TEACHER,raw/cv/TEACHER/cv_02366.pdf,C:\Users\YassineSBOUI\Downloads\CV\TEACHER\11616482.pdf,.pdf
cv_02367,cv,BANKING,raw/cv/BANKING/cv_02367.pdf,C:\Users\YassineSBOUI\Downloads\CV\BANKING\17823436.pdf,.pdf
cv_02368,cv,DESIGNER,raw/cv/DESIGNER/cv_02368.pdf,C:\Users\YassineSBOUI\Downloads\CV\DESIGNER\32532982.pdf,.pdf
cv_02369,cv,HEALTHCARE,raw/cv/HEALTHCARE/cv_02369.pdf,C:\Users\YassineSBOUI\Downloads\CV\HEALTHCARE\87520378.pdf,.pdf
cv_02370,cv,ARTS,raw/cv/ARTS/cv_02370.pdf,C:\Users\YassineSBOUI\Downloads\CV\ARTS\17694454.pdf,.pdf
cv_02371,cv,AGRICULTURE,raw/cv/AGRICULTURE/cv_02371.pdf,C:\Users\YassineSBOUI\Downloads\CV\AGRICULTURE\10953078.pdf,.pdf
cv_02372,cv,CHEF,raw/cv/CHEF/cv_02372.pdf,C:\Users\YassineSBOUI\Downloads\CV\CHEF\26189601.pdf,.pdf
cv_02373,cv,ENGINEERING,raw/cv/ENGINEERING/cv_02373.pdf,C:\Users\YassineSBOUI\Downloads\CV\ENGINEERING\11890896.pdf,.pdf
cv_02374,cv,CONSTRUCTION,raw/cv/CONSTRUCTION/cv_02374.pdf,C:\Users\YassineSBOUI\Downloads\CV\CONSTRUCTION\35971546.pdf,.pdf
cv_02375,cv,ACCOUNTANT,raw/cv/ACCOUNTANT/cv_02375.pdf,C:\Users\YassineSBOUI\Downloads\CV\ACCOUNTANT\25749150.pdf,.pdf
cv_02376,cv,SALES,raw/cv/SALES/cv_02376.pdf,C:\Users\YassineSBOUI\Downloads\CV\SALES\14381464.pdf,.pdf
cv_02377,cv,CONSULTANT,raw/cv/CONSULTANT/cv_02377.pdf,C:\Users\YassineSBOUI\Downloads\CV\CONSULTANT\22259768.pdf,.pdf
cv_02378,cv,DESIGNER,raw/cv/DESIGNER/cv_02378.pdf,C:\Users\YassineSBOUI\Downloads\CV\DESIGNER\35990852.pdf,.pdf
cv_02379,cv,CONSTRUCTION,raw/cv/CONSTRUCTION/cv_02379.pdf,C:\Users\YassineSBOUI\Downloads\CV\CONSTRUCTION\93436805.pdf,.pdf
cv_02380,cv,HEALTHCARE,raw/cv/HEALTHCARE/cv_02380.pdf,C:\Users\YassineSBOUI\Downloads\CV\HEALTHCARE\33750209.pdf,.pdf
cv_02381,cv,CHEF,raw/cv/CHEF/cv_02381.pdf,C:\Users\YassineSBOUI\Downloads\CV\CHEF\13095891.pdf,.pdf
cv_02382,cv,ENGINEERING,raw/cv/ENGINEERING/cv_02382.pdf,C:\Users\YassineSBOUI\Downloads\CV\ENGINEERING\12472574.pdf,.pdf
cv_02383,cv,CONSTRUCTION,raw/cv/CONSTRUCTION/cv_02383.pdf,C:\Users\YassineSBOUI\Downloads\CV\CONSTRUCTION\29574501.pdf,.pdf
cv_02384,cv,ACCOUNTANT,raw/cv/ACCOUNTANT/cv_02384.pdf,C:\Users\YassineSBOUI\Downloads\CV\ACCOUNTANT\12780508.pdf,.pdf
cv_02385,cv,CHEF,raw/cv/CHEF/cv_02385.pdf,C:\Users\YassineSBOUI\Downloads\CV\CHEF\68338341.pdf,.pdf
cv_02386,cv,DESIGNER,raw/cv/DESIGNER/cv_02386.pdf,C:\Users\YassineSBOUI\Downloads\CV\DESIGNER\21283733.pdf,.pdf
cv_02387,cv,TEACHER,raw/cv/TEACHER/cv_02387.pdf,C:\Users\YassineSBOUI\Downloads\CV\TEACHER\24240349.pdf,.pdf
cv_02388,cv,AVIATION,raw/cv/AVIATION/cv_02388.pdf,C:\Users\YassineSBOUI\Downloads\CV\AVIATION\50775901.pdf,.pdf
cv_02389,cv,BANKING,raw/cv/BANKING/cv_02389.pdf,C:\Users\YassineSBOUI\Downloads\CV\BANKING\64589506.pdf,.pdf
cv_02390,cv,APPAREL,raw/cv/APPAREL/cv_02390.pdf,C:\Users\YassineSBOUI\Downloads\CV\APPAREL\29028935.pdf,.pdf
cv_02391,cv,FINANCE,raw/cv/FINANCE/cv_02391.pdf,C:\Users\YassineSBOUI\Downloads\CV\FINANCE\19147603.pdf,.pdf
cv_02392,cv,APPAREL,raw/cv/APPAREL/cv_02392.pdf,C:\Users\YassineSBOUI\Downloads\CV\APPAREL\13858219.pdf,.pdf
cv_02393,cv,DESIGNER,raw/cv/DESIGNER/cv_02393.pdf,C:\Users\YassineSBOUI\Downloads\CV\DESIGNER\18795567.pdf,.pdf
cv_02394,cv,INFORMATION-TECHNOLOGY,raw/cv/INFORMATION-TECHNOLOGY/cv_02394.pdf,C:\Users\YassineSBOUI\Downloads\CV\INFORMATION-TECHNOLOGY\19796840.pdf,.pdf
cv_02395,cv,FITNESS,raw/cv/FITNESS/cv_02395.pdf,C:\Users\YassineSBOUI\Downloads\CV\FITNESS\17431847.pdf,.pdf
cv_02396,cv,FINANCE,raw/cv/FINANCE/cv_02396.pdf,C:\Users\YassineSBOUI\Downloads\CV\FINANCE\29998869.pdf,.pdf
cv_02397,cv,BANKING,raw/cv/BANKING/cv_02397.pdf,C:\Users\YassineSBOUI\Downloads\CV\BANKING\17396388.pdf,.pdf
cv_02398,cv,BUSINESS-DEVELOPMENT,raw/cv/BUSINESS-DEVELOPMENT/cv_02398.pdf,C:\Users\YassineSBOUI\Downloads\CV\BUSINESS-DEVELOPMENT\80275976.pdf,.pdf
cv_02399,cv,SALES,raw/cv/SALES/cv_02399.pdf,C:\Users\YassineSBOUI\Downloads\CV\SALES\27607632.pdf,.pdf
cv_02400,cv,CONSULTANT,raw/cv/CONSULTANT/cv_02400.pdf,C:\Users\YassineSBOUI\Downloads\CV\CONSULTANT\17983957.pdf,.pdf
cv_02401,cv,DIGITAL-MEDIA,raw/cv/DIGITAL-MEDIA/cv_02401.pdf,C:\Users\YassineSBOUI\Downloads\CV\DIGITAL-MEDIA\28609364.pdf,.pdf
cv_02402,cv,ACCOUNTANT,raw/cv/ACCOUNTANT/cv_02402.pdf,C:\Users\YassineSBOUI\Downloads\CV\ACCOUNTANT\23636277.pdf,.pdf
cv_02403,cv,BANKING,raw/cv/BANKING/cv_02403.pdf,C:\Users\YassineSBOUI\Downloads\CV\BANKING\25624652.pdf,.pdf
cv_02404,cv,CONSTRUCTION,raw/cv/CONSTRUCTION/cv_02404.pdf,C:\Users\YassineSBOUI\Downloads\CV\CONSTRUCTION\63083944.pdf,.pdf
cv_02405,cv,HEALTHCARE,raw/cv/HEALTHCARE/cv_02405.pdf,C:\Users\YassineSBOUI\Downloads\CV\HEALTHCARE\15636923.pdf,.pdf
cv_02406,cv,BANKING,raw/cv/BANKING/cv_02406.pdf,C:\Users\YassineSBOUI\Downloads\CV\BANKING\30713796.pdf,.pdf
cv_02407,cv,DESIGNER,raw/cv/DESIGNER/cv_02407.pdf,C:\Users\YassineSBOUI\Downloads\CV\DESIGNER\39776400.pdf,.pdf
cv_02408,cv,ARTS,raw/cv/ARTS/cv_02408.pdf,C:\Users\YassineSBOUI\Downloads\CV\ARTS\20149476.pdf,.pdf
cv_02409,cv,BUSINESS-DEVELOPMENT,raw/cv/BUSINESS-DEVELOPMENT/cv_02409.pdf,C:\Users\YassineSBOUI\Downloads\CV\BUSINESS-DEVELOPMENT\36170003.pdf,.pdf
cv_02410,cv,CONSTRUCTION,raw/cv/CONSTRUCTION/cv_02410.pdf,C:\Users\YassineSBOUI\Downloads\CV\CONSTRUCTION\26091595.pdf,.pdf
cv_02411,cv,HEALTHCARE,raw/cv/HEALTHCARE/cv_02411.pdf,C:\Users\YassineSBOUI\Downloads\CV\HEALTHCARE\35579812.pdf,.pdf
cv_02412,cv,INFORMATION-TECHNOLOGY,raw/cv/INFORMATION-TECHNOLOGY/cv_02412.pdf,C:\Users\YassineSBOUI\Downloads\CV\INFORMATION-TECHNOLOGY\13477922.pdf,.pdf
cv_02413,cv,AVIATION,raw/cv/AVIATION/cv_02413.pdf,C:\Users\YassineSBOUI\Downloads\CV\AVIATION\10945968.pdf,.pdf
cv_02414,cv,HR,raw/cv/HR/cv_02414.pdf,C:\Users\YassineSBOUI\Downloads\CV\HR\19179079.pdf,.pdf
cv_02415,cv,INFORMATION-TECHNOLOGY,raw/cv/INFORMATION-TECHNOLOGY/cv_02415.pdf,C:\Users\YassineSBOUI\Downloads\CV\INFORMATION-TECHNOLOGY\16186411.pdf,.pdf
cv_02416,cv,PUBLIC-RELATIONS,raw/cv/PUBLIC-RELATIONS/cv_02416.pdf,C:\Users\YassineSBOUI\Downloads\CV\PUBLIC-RELATIONS\24677466.pdf,.pdf
cv_02417,cv,HEALTHCARE,raw/cv/HEALTHCARE/cv_02417.pdf,C:\Users\YassineSBOUI\Downloads\CV\HEALTHCARE\18484846.pdf,.pdf
cv_02418,cv,CONSULTANT,raw/cv/CONSULTANT/cv_02418.pdf,C:\Users\YassineSBOUI\Downloads\CV\CONSULTANT\20176584.pdf,.pdf
cv_02419,cv,DIGITAL-MEDIA,raw/cv/DIGITAL-MEDIA/cv_02419.pdf,C:\Users\YassineSBOUI\Downloads\CV\DIGITAL-MEDIA\14036515.pdf,.pdf
cv_02420,cv,ARTS,raw/cv/ARTS/cv_02420.pdf,C:\Users\YassineSBOUI\Downloads\CV\ARTS\46055835.pdf,.pdf
cv_02421,cv,SALES,raw/cv/SALES/cv_02421.pdf,C:\Users\YassineSBOUI\Downloads\CV\SALES\15765660.pdf,.pdf
cv_02422,cv,CONSULTANT,raw/cv/CONSULTANT/cv_02422.pdf,C:\Users\YassineSBOUI\Downloads\CV\CONSULTANT\22351830.pdf,.pdf
cv_02423,cv,ACCOUNTANT,raw/cv/ACCOUNTANT/cv_02423.pdf,C:\Users\YassineSBOUI\Downloads\CV\ACCOUNTANT\25547145.pdf,.pdf
cv_02424,cv,ADVOCATE,raw/cv/ADVOCATE/cv_02424.pdf,C:\Users\YassineSBOUI\Downloads\CV\ADVOCATE\17021141.pdf,.pdf
cv_02425,cv,CONSULTANT,raw/cv/CONSULTANT/cv_02425.pdf,C:\Users\YassineSBOUI\Downloads\CV\CONSULTANT\31016926.pdf,.pdf
cv_02426,cv,BANKING,raw/cv/BANKING/cv_02426.pdf,C:\Users\YassineSBOUI\Downloads\CV\BANKING\27606527.pdf,.pdf
cv_02427,cv,HR,raw/cv/HR/cv_02427.pdf,C:\Users\YassineSBOUI\Downloads\CV\HR\32308556.pdf,.pdf
cv_02428,cv,FINANCE,raw/cv/FINANCE/cv_02428.pdf,C:\Users\YassineSBOUI\Downloads\CV\FINANCE\18640927.pdf,.pdf
cv_02429,cv,ADVOCATE,raw/cv/ADVOCATE/cv_02429.pdf,C:\Users\YassineSBOUI\Downloads\CV\ADVOCATE\14708590.pdf,.pdf
cv_02430,cv,BANKING,raw/cv/BANKING/cv_02430.pdf,C:\Users\YassineSBOUI\Downloads\CV\BANKING\16300459.pdf,.pdf
cv_02431,cv,FITNESS,raw/cv/FITNESS/cv_02431.pdf,C:\Users\YassineSBOUI\Downloads\CV\FITNESS\38108845.pdf,.pdf
cv_02432,cv,BANKING,raw/cv/BANKING/cv_02432.pdf,C:\Users\YassineSBOUI\Downloads\CV\BANKING\11672279.pdf,.pdf
cv_02433,cv,ADVOCATE,raw/cv/ADVOCATE/cv_02433.pdf,C:\Users\YassineSBOUI\Downloads\CV\ADVOCATE\37560528.pdf,.pdf
cv_02434,cv,PUBLIC-RELATIONS,raw/cv/PUBLIC-RELATIONS/cv_02434.pdf,C:\Users\YassineSBOUI\Downloads\CV\PUBLIC-RELATIONS\24491862.pdf,.pdf
cv_02435,cv,CHEF,raw/cv/CHEF/cv_02435.pdf,C:\Users\YassineSBOUI\Downloads\CV\CHEF\30337969.pdf,.pdf
cv_02436,cv,SALES,raw/cv/SALES/cv_02436.pdf,C:\Users\YassineSBOUI\Downloads\CV\SALES\29332616.pdf,.pdf
cv_02437,cv,APPAREL,raw/cv/APPAREL/cv_02437.pdf,C:\Users\YassineSBOUI\Downloads\CV\APPAREL\26046878.pdf,.pdf
cv_02438,cv,AGRICULTURE,raw/cv/AGRICULTURE/cv_02438.pdf,C:\Users\YassineSBOUI\Downloads\CV\AGRICULTURE\15603319.pdf,.pdf
cv_02439,cv,CONSULTANT,raw/cv/CONSULTANT/cv_02439.pdf,C:\Users\YassineSBOUI\Downloads\CV\CONSULTANT\79570655.pdf,.pdf
cv_02440,cv,DESIGNER,raw/cv/DESIGNER/cv_02440.pdf,C:\Users\YassineSBOUI\Downloads\CV\DESIGNER\12674307.pdf,.pdf
cv_02441,cv,CONSULTANT,raw/cv/CONSULTANT/cv_02441.pdf,C:\Users\YassineSBOUI\Downloads\CV\CONSULTANT\18227306.pdf,.pdf
cv_02442,cv,BUSINESS-DEVELOPMENT,raw/cv/BUSINESS-DEVELOPMENT/cv_02442.pdf,C:\Users\YassineSBOUI\Downloads\CV\BUSINESS-DEVELOPMENT\10704573.pdf,.pdf
cv_02443,cv,HR,raw/cv/HR/cv_02443.pdf,C:\Users\YassineSBOUI\Downloads\CV\HR\41523474.pdf,.pdf
cv_02444,cv,HR,raw/cv/HR/cv_02444.pdf,C:\Users\YassineSBOUI\Downloads\CV\HR\25150191.pdf,.pdf
cv_02445,cv,FINANCE,raw/cv/FINANCE/cv_02445.pdf,C:\Users\YassineSBOUI\Downloads\CV\FINANCE\69487178.pdf,.pdf
cv_02446,cv,AVIATION,raw/cv/AVIATION/cv_02446.pdf,C:\Users\YassineSBOUI\Downloads\CV\AVIATION\31536294.pdf,.pdf
cv_02447,cv,PUBLIC-RELATIONS,raw/cv/PUBLIC-RELATIONS/cv_02447.pdf,C:\Users\YassineSBOUI\Downloads\CV\PUBLIC-RELATIONS\26173524.pdf,.pdf
cv_02448,cv,ACCOUNTANT,raw/cv/ACCOUNTANT/cv_02448.pdf,C:\Users\YassineSBOUI\Downloads\CV\ACCOUNTANT\18365791.pdf,.pdf
cv_02449,cv,AVIATION,raw/cv/AVIATION/cv_02449.pdf,C:\Users\YassineSBOUI\Downloads\CV\AVIATION\27512470.pdf,.pdf
cv_02450,cv,ARTS,raw/cv/ARTS/cv_02450.pdf,C:\Users\YassineSBOUI\Downloads\CV\ARTS\20698469.pdf,.pdf
cv_02451,cv,HR,raw/cv/HR/cv_02451.pdf,C:\Users\YassineSBOUI\Downloads\CV\HR\23155093.pdf,.pdf
cv_02452,cv,DESIGNER,raw/cv/DESIGNER/cv_02452.pdf,C:\Users\YassineSBOUI\Downloads\CV\DESIGNER\62312955.pdf,.pdf
cv_02453,cv,FINANCE,raw/cv/FINANCE/cv_02453.pdf,C:\Users\YassineSBOUI\Downloads\CV\FINANCE\59938965.pdf,.pdf
cv_02454,cv,ARTS,raw/cv/ARTS/cv_02454.pdf,C:\Users\YassineSBOUI\Downloads\CV\ARTS\25157655.pdf,.pdf
cv_02455,cv,ADVOCATE,raw/cv/ADVOCATE/cv_02455.pdf,C:\Users\YassineSBOUI\Downloads\CV\ADVOCATE\14445309.pdf,.pdf
cv_02456,cv,CHEF,raw/cv/CHEF/cv_02456.pdf,C:\Users\YassineSBOUI\Downloads\CV\CHEF\24709432.pdf,.pdf
cv_02457,cv,CHEF,raw/cv/CHEF/cv_02457.pdf,C:\Users\YassineSBOUI\Downloads\CV\CHEF\29990140.pdf,.pdf
cv_02458,cv,PUBLIC-RELATIONS,raw/cv/PUBLIC-RELATIONS/cv_02458.pdf,C:\Users\YassineSBOUI\Downloads\CV\PUBLIC-RELATIONS\14966165.pdf,.pdf
cv_02459,cv,ADVOCATE,raw/cv/ADVOCATE/cv_02459.pdf,C:\Users\YassineSBOUI\Downloads\CV\ADVOCATE\24763208.pdf,.pdf
cv_02460,cv,CHEF,raw/cv/CHEF/cv_02460.pdf,C:\Users\YassineSBOUI\Downloads\CV\CHEF\36366044.pdf,.pdf
cv_02461,cv,CHEF,raw/cv/CHEF/cv_02461.pdf,C:\Users\YassineSBOUI\Downloads\CV\CHEF\37231163.pdf,.pdf
cv_02462,cv,TEACHER,raw/cv/TEACHER/cv_02462.pdf,C:\Users\YassineSBOUI\Downloads\CV\TEACHER\29797594.pdf,.pdf
cv_02463,cv,ARTS,raw/cv/ARTS/cv_02463.pdf,C:\Users\YassineSBOUI\Downloads\CV\ARTS\26069113.pdf,.pdf
cv_02464,cv,AVIATION,raw/cv/AVIATION/cv_02464.pdf,C:\Users\YassineSBOUI\Downloads\CV\AVIATION\19818707.pdf,.pdf
cv_02465,cv,CONSTRUCTION,raw/cv/CONSTRUCTION/cv_02465.pdf,C:\Users\YassineSBOUI\Downloads\CV\CONSTRUCTION\12695537.pdf,.pdf
cv_02466,cv,SALES,raw/cv/SALES/cv_02466.pdf,C:\Users\YassineSBOUI\Downloads\CV\SALES\12820557.pdf,.pdf
cv_02467,cv,CONSTRUCTION,raw/cv/CONSTRUCTION/cv_02467.pdf,C:\Users\YassineSBOUI\Downloads\CV\CONSTRUCTION\28756444.pdf,.pdf
cv_02468,cv,PUBLIC-RELATIONS,raw/cv/PUBLIC-RELATIONS/cv_02468.pdf,C:\Users\YassineSBOUI\Downloads\CV\PUBLIC-RELATIONS\49119887.pdf,.pdf
cv_02469,cv,BUSINESS-DEVELOPMENT,raw/cv/BUSINESS-DEVELOPMENT/cv_02469.pdf,C:\Users\YassineSBOUI\Downloads\CV\BUSINESS-DEVELOPMENT\31813535.pdf,.pdf
cv_02470,cv,BUSINESS-DEVELOPMENT,raw/cv/BUSINESS-DEVELOPMENT/cv_02470.pdf,C:\Users\YassineSBOUI\Downloads\CV\BUSINESS-DEVELOPMENT\16519708.pdf,.pdf
cv_02471,cv,HR,raw/cv/HR/cv_02471.pdf,C:\Users\YassineSBOUI\Downloads\CV\HR\15375009.pdf,.pdf
cv_02472,cv,CONSTRUCTION,raw/cv/CONSTRUCTION/cv_02472.pdf,C:\Users\YassineSBOUI\Downloads\CV\CONSTRUCTION\49685006.pdf,.pdf
cv_02473,cv,HEALTHCARE,raw/cv/HEALTHCARE/cv_02473.pdf,C:\Users\YassineSBOUI\Downloads\CV\HEALTHCARE\18714571.pdf,.pdf
cv_02474,cv,DIGITAL-MEDIA,raw/cv/DIGITAL-MEDIA/cv_02474.pdf,C:\Users\YassineSBOUI\Downloads\CV\DIGITAL-MEDIA\90685127.pdf,.pdf
cv_02475,cv,APPAREL,raw/cv/APPAREL/cv_02475.pdf,C:\Users\YassineSBOUI\Downloads\CV\APPAREL\12668625.pdf,.pdf
cv_02476,cv,CONSULTANT,raw/cv/CONSULTANT/cv_02476.pdf,C:\Users\YassineSBOUI\Downloads\CV\CONSULTANT\15602094.pdf,.pdf
cv_02477,cv,ADVOCATE,raw/cv/ADVOCATE/cv_02477.pdf,C:\Users\YassineSBOUI\Downloads\CV\ADVOCATE\78538268.pdf,.pdf
cv_02478,cv,CONSULTANT,raw/cv/CONSULTANT/cv_02478.pdf,C:\Users\YassineSBOUI\Downloads\CV\CONSULTANT\43311839.pdf,.pdf
cv_02479,cv,AVIATION,raw/cv/AVIATION/cv_02479.pdf,C:\Users\YassineSBOUI\Downloads\CV\AVIATION\82738323.pdf,.pdf
cv_02480,cv,DIGITAL-MEDIA,raw/cv/DIGITAL-MEDIA/cv_02480.pdf,C:\Users\YassineSBOUI\Downloads\CV\DIGITAL-MEDIA\25706337.pdf,.pdf
cv_02481,cv,FINANCE,raw/cv/FINANCE/cv_02481.pdf,C:\Users\YassineSBOUI\Downloads\CV\FINANCE\11490673.pdf,.pdf
cv_02482,cv,ENGINEERING,raw/cv/ENGINEERING/cv_02482.pdf,C:\Users\YassineSBOUI\Downloads\CV\ENGINEERING\28762662.pdf,.pdf
cv_02483,cv,PUBLIC-RELATIONS,raw/cv/PUBLIC-RELATIONS/cv_02483.pdf,C:\Users\YassineSBOUI\Downloads\CV\PUBLIC-RELATIONS\26127853.pdf,.pdf
cv_02484,cv,SALES,raw/cv/SALES/cv_02484.pdf,C:\Users\YassineSBOUI\Downloads\CV\SALES\17781039.pdf,.pdf
cv_02485,cv,local_samples,raw/cv/local_samples/cv_02485.pdf,Data\samples\cv\Test CV\CV_Riahi_Chaima.pdf,.pdf
cv_02486,cv,local_samples,raw/cv/local_samples/cv_02486.pdf,Data\samples\cv\Test CV\souleima-BEN-DAHSEN.pdf,.pdf
cv_02487,cv,local_samples,raw/cv/local_samples/cv_02487.pdf,Data\samples\cv\Test CV\YassineSboui_CV_French.pdf,.pdf
non_cv_00001,non_cv,questionnaire,raw/non_cv/questionnaire/non_cv_00001.tif,C:\Users\YassineSBOUI\Downloads\NON_CV\questionnaire\2023228473_2023228474.tif,.tif
non_cv_00002,non_cv,resume,raw/non_cv/resume/non_cv_00002.tif,C:\Users\YassineSBOUI\Downloads\NON_CV\resume\50293621-3622.tif,.tif
non_cv_00003,non_cv,advertisement,raw/non_cv/advertisement/non_cv_00003.tif,C:\Users\YassineSBOUI\Downloads\NON_CV\advertisement\2058500713.tif,.tif
non_cv_00004,non_cv,form,raw/non_cv/form/non_cv_00004.tif,C:\Users\YassineSBOUI\Downloads\NON_CV\form\2073316290.tif,.tif
non_cv_00005,non_cv,memo,raw/non_cv/memo/non_cv_00005.tif,C:\Users\YassineSBOUI\Downloads\NON_CV\memo\0001238247.tif,.tif
non_cv_00006,non_cv,advertisement,raw/non_cv/advertisement/non_cv_00006.tif,C:\Users\YassineSBOUI\Downloads\NON_CV\advertisement\2070500847_0848.tif,.tif
non_cv_00007,non_cv,invoice,raw/non_cv/invoice/non_cv_00007.tif,C:\Users\YassineSBOUI\Downloads\NON_CV\invoice\50063575.tif,.tif
non_cv_00008,non_cv,letter,raw/non_cv/letter/non_cv_00008.tif,C:\Users\YassineSBOUI\Downloads\NON_CV\letter\0060264972.tif,.tif
non_cv_00009,non_cv,budget,raw/non_cv/budget/non_cv_00009.tif,C:\Users\YassineSBOUI\Downloads\NON_CV\budget\2077864572.tif,.tif
non_cv_00010,non_cv,budget,raw/non_cv/budget/non_cv_00010.tif,C:\Users\YassineSBOUI\Downloads\NON_CV\budget\86000740.tif,.tif
non_cv_00011,non_cv,letter,raw/non_cv/letter/non_cv_00011.tif,C:\Users\YassineSBOUI\Downloads\NON_CV\letter\507629354.tif,.tif
non_cv_00012,non_cv,specification,raw/non_cv/specification/non_cv_00012.tif,C:\Users\YassineSBOUI\Downloads\NON_CV\specification\2069717272.tif,.tif
non_cv_00013,non_cv,form,raw/non_cv/form/non_cv_00013.tif,C:\Users\YassineSBOUI\Downloads\NON_CV\form\502012843.tif,.tif
non_cv_00014,non_cv,scientific_publication,raw/non_cv/scientific_publication/non_cv_00014.tif,C:\Users\YassineSBOUI\Downloads\NON_CV\scientific_publication\50593910-3910.tif,.tif
non_cv_00015,non_cv,presentation,raw/non_cv/presentation/non_cv_00015.tif,C:\Users\YassineSBOUI\Downloads\NON_CV\presentation\titx0124.70_titx0124.73.tif,.tif
non_cv_00016,non_cv,file_folder,raw/non_cv/file_folder/non_cv_00016.tif,C:\Users\YassineSBOUI\Downloads\NON_CV\file_folder\2043833017.tif,.tif
non_cv_00017,non_cv,handwritten,raw/non_cv/handwritten/non_cv_00017.tif,C:\Users\YassineSBOUI\Downloads\NON_CV\handwritten\508143934.tif,.tif
non_cv_00018,non_cv,handwritten,raw/non_cv/handwritten/non_cv_00018.tif,C:\Users\YassineSBOUI\Downloads\NON_CV\handwritten\518139456+-9457.tif,.tif
non_cv_00019,non_cv,presentation,raw/non_cv/presentation/non_cv_00019.tif,C:\Users\YassineSBOUI\Downloads\NON_CV\presentation\0060160453.tif,.tif
non_cv_00020,non_cv,presentation,raw/non_cv/presentation/non_cv_00020.tif,C:\Users\YassineSBOUI\Downloads\NON_CV\presentation\2077277016.tif,.tif
non_cv_00021,non_cv,advertisement,raw/non_cv/advertisement/non_cv_00021.tif,C:\Users\YassineSBOUI\Downloads\NON_CV\advertisement\89749587_89749588.tif,.tif
non_cv_00022,non_cv,handwritten,raw/non_cv/handwritten/non_cv_00022.tif,C:\Users\YassineSBOUI\Downloads\NON_CV\handwritten\515948049+-8049.tif,.tif
non_cv_00023,non_cv,budget,raw/non_cv/budget/non_cv_00023.tif,C:\Users\YassineSBOUI\Downloads\NON_CV\budget\11008343.tif,.tif
non_cv_00024,non_cv,specification,raw/non_cv/specification/non_cv_00024.tif,C:\Users\YassineSBOUI\Downloads\NON_CV\specification\0000054885.tif,.tif
non_cv_00025,non_cv,handwritten,raw/non_cv/handwritten/non_cv_00025.tif,C:\Users\YassineSBOUI\Downloads\NON_CV\handwritten\514458438+-8438.tif,.tif
non_cv_00026,non_cv,advertisement,raw/non_cv/advertisement/non_cv_00026.tif,C:\Users\YassineSBOUI\Downloads\NON_CV\advertisement\503782481+-2481.tif,.tif
non_cv_00027,non_cv,budget,raw/non_cv/budget/non_cv_00027.tif,C:\Users\YassineSBOUI\Downloads\NON_CV\budget\94005401_94005405.tif,.tif
non_cv_00028,non_cv,advertisement,raw/non_cv/advertisement/non_cv_00028.tif,C:\Users\YassineSBOUI\Downloads\NON_CV\advertisement\2025026038.tif,.tif
non_cv_00029,non_cv,specification,raw/non_cv/specification/non_cv_00029.tif,C:\Users\YassineSBOUI\Downloads\NON_CV\specification\2031311846.tif,.tif
non_cv_00030,non_cv,budget,raw/non_cv/budget/non_cv_00030.tif,C:\Users\YassineSBOUI\Downloads\NON_CV\budget\24012382.tif,.tif
non_cv_00031,non_cv,form,raw/non_cv/form/non_cv_00031.tif,C:\Users\YassineSBOUI\Downloads\NON_CV\form\2078158398.tif,.tif
non_cv_00032,non_cv,invoice,raw/non_cv/invoice/non_cv_00032.tif,C:\Users\YassineSBOUI\Downloads\NON_CV\invoice\40017140-7140.tif,.tif
non_cv_00033,non_cv,presentation,raw/non_cv/presentation/non_cv_00033.tif,C:\Users\YassineSBOUI\Downloads\NON_CV\presentation\2077593128_3139.tif,.tif
non_cv_00034,non_cv,specification,raw/non_cv/specification/non_cv_00034.tif,C:\Users\YassineSBOUI\Downloads\NON_CV\specification\2057485839_2057485842.tif,.tif
non_cv_00035,non_cv,advertisement,raw/non_cv/advertisement/non_cv_00035.tif,C:\Users\YassineSBOUI\Downloads\NON_CV\advertisement\2070713963_3964.tif,.tif
non_cv_00036,non_cv,scientific_publication,raw/non_cv/scientific_publication/non_cv_00036.tif,C:\Users\YassineSBOUI\Downloads\NON_CV\scientific_publication\10419411_10419414.tif,.tif
non_cv_00037,non_cv,presentation,raw/non_cv/presentation/non_cv_00037.tif,C:\Users\YassineSBOUI\Downloads\NON_CV\presentation\82341212.tif,.tif
non_cv_00038,non_cv,presentation,raw/non_cv/presentation/non_cv_00038.tif,C:\Users\YassineSBOUI\Downloads\NON_CV\presentation\0000369857.tif,.tif
non_cv_00039,non_cv,specification,raw/non_cv/specification/non_cv_00039.tif,C:\Users\YassineSBOUI\Downloads\NON_CV\specification\2069724328.tif,.tif
non_cv_00040,non_cv,file_folder,raw/non_cv/file_folder/non_cv_00040.tif,C:\Users\YassineSBOUI\Downloads\NON_CV\file_folder\2054649773.tif,.tif
non_cv_00041,non_cv,email,raw/non_cv/email/non_cv_00041.tif,C:\Users\YassineSBOUI\Downloads\NON_CV\email\71136781.tif,.tif
non_cv_00042,non_cv,specification,raw/non_cv/specification/non_cv_00042.tif,C:\Users\YassineSBOUI\Downloads\NON_CV\specification\2000464239.tif,.tif
non_cv_00043,non_cv,budget,raw/non_cv/budget/non_cv_00043.tif,C:\Users\YassineSBOUI\Downloads\NON_CV\budget\00001074.tif,.tif
non_cv_00044,non_cv,letter,raw/non_cv/letter/non_cv_00044.tif,C:\Users\YassineSBOUI\Downloads\NON_CV\letter\0000467437.tif,.tif
non_cv_00045,non_cv,scientific_report,raw/non_cv/scientific_report/non_cv_00045.tif,C:\Users\YassineSBOUI\Downloads\NON_CV\scientific_report\2060540159_2060540217.tif,.tif
non_cv_00046,non_cv,email,raw/non_cv/email/non_cv_00046.tif,C:\Users\YassineSBOUI\Downloads\NON_CV\email\527899162+-9162.tif,.tif
non_cv_00047,non_cv,scientific_publication,raw/non_cv/scientific_publication/non_cv_00047.tif,C:\Users\YassineSBOUI\Downloads\NON_CV\scientific_publication\10323737_10323747.tif,.tif
non_cv_00048,non_cv,questionnaire,raw/non_cv/questionnaire/non_cv_00048.tif,C:\Users\YassineSBOUI\Downloads\NON_CV\questionnaire\2083716738_6741.tif,.tif
non_cv_00049,non_cv,questionnaire,raw/non_cv/questionnaire/non_cv_00049.tif,C:\Users\YassineSBOUI\Downloads\NON_CV\questionnaire\2053473282.tif,.tif
non_cv_00050,non_cv,specification,raw/non_cv/specification/non_cv_00050.tif,C:\Users\YassineSBOUI\Downloads\NON_CV\specification\2076060234.tif,.tif
non_cv_00051,non_cv,file_folder,raw/non_cv/file_folder/non_cv_00051.tif,C:\Users\YassineSBOUI\Downloads\NON_CV\file_folder\0060127898.tif,.tif
non_cv_00052,non_cv,presentation,raw/non_cv/presentation/non_cv_00052.tif,C:\Users\YassineSBOUI\Downloads\NON_CV\presentation\1003071668.tif,.tif
non_cv_00053,non_cv,scientific_publication,raw/non_cv/scientific_publication/non_cv_00053.tif,C:\Users\YassineSBOUI\Downloads\NON_CV\scientific_publication\70108803-8808.tif,.tif
non_cv_00054,non_cv,scientific_publication,raw/non_cv/scientific_publication/non_cv_00054.tif,C:\Users\YassineSBOUI\Downloads\NON_CV\scientific_publication\2505522005_2009.tif,.tif
non_cv_00055,non_cv,memo,raw/non_cv/memo/non_cv_00055.tif,C:\Users\YassineSBOUI\Downloads\NON_CV\memo\80805797.tif,.tif
non_cv_00056,non_cv,scientific_publication,raw/non_cv/scientific_publication/non_cv_00056.tif,C:\Users\YassineSBOUI\Downloads\NON_CV\scientific_publication\2026266167_2026266171.tif,.tif
non_cv_00057,non_cv,file_folder,raw/non_cv/file_folder/non_cv_00057.tif,C:\Users\YassineSBOUI\Downloads\NON_CV\file_folder\2085314680.tif,.tif
non_cv_00058,non_cv,presentation,raw/non_cv/presentation/non_cv_00058.tif,C:\Users\YassineSBOUI\Downloads\NON_CV\presentation\2023283690_2023283692.tif,.tif
non_cv_00059,non_cv,file_folder,raw/non_cv/file_folder/non_cv_00059.tif,C:\Users\YassineSBOUI\Downloads\NON_CV\file_folder\2070679226.tif,.tif
non_cv_00060,non_cv,email,raw/non_cv/email/non_cv_00060.tif,C:\Users\YassineSBOUI\Downloads\NON_CV\email\527894345+-4345.tif,.tif
non_cv_00061,non_cv,memo,raw/non_cv/memo/non_cv_00061.tif,C:\Users\YassineSBOUI\Downloads\NON_CV\memo\2044744288_2044744289.tif,.tif
non_cv_00062,non_cv,file_folder,raw/non_cv/file_folder/non_cv_00062.tif,C:\Users\YassineSBOUI\Downloads\NON_CV\file_folder\2042925566.tif,.tif
non_cv_00063,non_cv,email,raw/non_cv/email/non_cv_00063.tif,C:\Users\YassineSBOUI\Downloads\NON_CV\email\2085763810a.tif,.tif
non_cv_00064,non_cv,scientific_publication,raw/non_cv/scientific_publication/non_cv_00064.tif,C:\Users\YassineSBOUI\Downloads\NON_CV\scientific_publication\1005073073_1005073096.tif,.tif
non_cv_00065,non_cv,specification,raw/non_cv/specification/non_cv_00065.tif,C:\Users\YassineSBOUI\Downloads\NON_CV\specification\2057485824_2057485826.tif,.tif
non_cv_00066,non_cv,resume,raw/non_cv/resume/non_cv_00066.tif,C:\Users\YassineSBOUI\Downloads\NON_CV\resume\50550616-0617.tif,.tif
non_cv_00067,non_cv,handwritten,raw/non_cv/handwritten/non_cv_00067.tif,C:\Users\YassineSBOUI\Downloads\NON_CV\handwritten\522792167+-2170.tif,.tif
non_cv_00068,non_cv,scientific_publication,raw/non_cv/scientific_publication/non_cv_00068.tif,C:\Users\YassineSBOUI\Downloads\NON_CV\scientific_publication\2029170187_2029170198.tif,.tif
non_cv_00069,non_cv,presentation,raw/non_cv/presentation/non_cv_00069.tif,C:\Users\YassineSBOUI\Downloads\NON_CV\presentation\2085140144.tif,.tif
non_cv_00070,non_cv,scientific_publication,raw/non_cv/scientific_publication/non_cv_00070.tif,C:\Users\YassineSBOUI\Downloads\NON_CV\scientific_publication\50479830-9830.tif,.tif
non_cv_00071,non_cv,budget,raw/non_cv/budget/non_cv_00071.tif,C:\Users\YassineSBOUI\Downloads\NON_CV\budget\tnwl0021225.tif,.tif
non_cv_00072,non_cv,form,raw/non_cv/form/non_cv_00072.tif,C:\Users\YassineSBOUI\Downloads\NON_CV\form\2083949762.tif,.tif
non_cv_00073,non_cv,presentation,raw/non_cv/presentation/non_cv_00073.tif,C:\Users\YassineSBOUI\Downloads\NON_CV\presentation\2073057284.tif,.tif
non_cv_00074,non_cv,letter,raw/non_cv/letter/non_cv_00074.tif,C:\Users\YassineSBOUI\Downloads\NON_CV\letter\502001586+-1588.tif,.tif
non_cv_00075,non_cv,scientific_publication,raw/non_cv/scientific_publication/non_cv_00075.tif,C:\Users\YassineSBOUI\Downloads\NON_CV\scientific_publication\PUBLICATIONS009381-9.tif,.tif
non_cv_00076,non_cv,resume,raw/non_cv/resume/non_cv_00076.tif,C:\Users\YassineSBOUI\Downloads\NON_CV\resume\50615472-5473.tif,.tif
non_cv_00077,non_cv,memo,raw/non_cv/memo/non_cv_00077.tif,C:\Users\YassineSBOUI\Downloads\NON_CV\memo\0011566983.tif,.tif
non_cv_00078,non_cv,email,raw/non_cv/email/non_cv_00078.tif,C:\Users\YassineSBOUI\Downloads\NON_CV\email\2085035467.tif,.tif
non_cv_00079,non_cv,questionnaire,raw/non_cv/questionnaire/non_cv_00079.tif,C:\Users\YassineSBOUI\Downloads\NON_CV\questionnaire\01838664_8668.tif,.tif
non_cv_00080,non_cv,resume,raw/non_cv/resume/non_cv_00080.tif,C:\Users\YassineSBOUI\Downloads\NON_CV\resume\2022945687_2022945690.tif,.tif
non_cv_00081,non_cv,handwritten,raw/non_cv/handwritten/non_cv_00081.tif,C:\Users\YassineSBOUI\Downloads\NON_CV\handwritten\517549328+-9328.tif,.tif
non_cv_00082,non_cv,memo,raw/non_cv/memo/non_cv_00082.tif,C:\Users\YassineSBOUI\Downloads\NON_CV\memo\2023265720.tif,.tif
non_cv_00083,non_cv,letter,raw/non_cv/letter/non_cv_00083.tif,C:\Users\YassineSBOUI\Downloads\NON_CV\letter\504267601_504267602.tif,.tif
non_cv_00084,non_cv,news_article,raw/non_cv/news_article/non_cv_00084.tif,C:\Users\YassineSBOUI\Downloads\NON_CV\news_article\ti11331526_1527.tif,.tif
non_cv_00085,non_cv,scientific_report,raw/non_cv/scientific_report/non_cv_00085.tif,C:\Users\YassineSBOUI\Downloads\NON_CV\scientific_report\2021572572_2021572574.tif,.tif
non_cv_00086,non_cv,file_folder,raw/non_cv/file_folder/non_cv_00086.tif,C:\Users\YassineSBOUI\Downloads\NON_CV\file_folder\2030616637.tif,.tif
non_cv_00087,non_cv,memo,raw/non_cv/memo/non_cv_00087.tif,C:\Users\YassineSBOUI\Downloads\NON_CV\memo\50442868-2868.tif,.tif
non_cv_00088,non_cv,news_article,raw/non_cv/news_article/non_cv_00088.tif,C:\Users\YassineSBOUI\Downloads\NON_CV\news_article\1004885810.tif,.tif
non_cv_00089,non_cv,presentation,raw/non_cv/presentation/non_cv_00089.tif,C:\Users\YassineSBOUI\Downloads\NON_CV\presentation\tob09500.87_tob09501.12.tif,.tif
non_cv_00090,non_cv,form,raw/non_cv/form/non_cv_00090.tif,C:\Users\YassineSBOUI\Downloads\NON_CV\form\509478908.tif,.tif
non_cv_00091,non_cv,invoice,raw/non_cv/invoice/non_cv_00091.tif,C:\Users\YassineSBOUI\Downloads\NON_CV\invoice\92205041_92205042.tif,.tif
non_cv_00092,non_cv,specification,raw/non_cv/specification/non_cv_00092.tif,C:\Users\YassineSBOUI\Downloads\NON_CV\specification\2031315332.tif,.tif
non_cv_00093,non_cv,email,raw/non_cv/email/non_cv_00093.tif,C:\Users\YassineSBOUI\Downloads\NON_CV\email\527894390+-4390.tif,.tif
non_cv_00094,non_cv,memo,raw/non_cv/memo/non_cv_00094.tif,C:\Users\YassineSBOUI\Downloads\NON_CV\memo\0071017907.tif,.tif
non_cv_00095,non_cv,letter,raw/non_cv/letter/non_cv_00095.tif,C:\Users\YassineSBOUI\Downloads\NON_CV\letter\11294764.tif,.tif
non_cv_00096,non_cv,scientific_report,raw/non_cv/scientific_report/non_cv_00096.tif,C:\Users\YassineSBOUI\Downloads\NON_CV\scientific_report\2501541573.tif,.tif
non_cv_00097,non_cv,advertisement,raw/non_cv/advertisement/non_cv_00097.tif,C:\Users\YassineSBOUI\Downloads\NON_CV\advertisement\3000107291.tif,.tif
non_cv_00098,non_cv,letter,raw/non_cv/letter/non_cv_00098.tif,C:\Users\YassineSBOUI\Downloads\NON_CV\letter\2501195426.tif,.tif
non_cv_00099,non_cv,resume,raw/non_cv/resume/non_cv_00099.tif,C:\Users\YassineSBOUI\Downloads\NON_CV\resume\2074946113.tif,.tif
non_cv_00100,non_cv,scientific_report,raw/non_cv/scientific_report/non_cv_00100.tif,C:\Users\YassineSBOUI\Downloads\NON_CV\scientific_report\82202573_2643.tif,.tif
non_cv_00101,non_cv,letter,raw/non_cv/letter/non_cv_00101.tif,C:\Users\YassineSBOUI\Downloads\NON_CV\letter\500845588_500845589.tif,.tif
non_cv_00102,non_cv,scientific_report,raw/non_cv/scientific_report/non_cv_00102.tif,C:\Users\YassineSBOUI\Downloads\NON_CV\scientific_report\10154460.tif,.tif
non_cv_00103,non_cv,letter,raw/non_cv/letter/non_cv_00103.tif,C:\Users\YassineSBOUI\Downloads\NON_CV\letter\2060928168.tif,.tif
non_cv_00104,non_cv,memo,raw/non_cv/memo/non_cv_00104.tif,C:\Users\YassineSBOUI\Downloads\NON_CV\memo\2024838676.tif,.tif
non_cv_00105,non_cv,news_article,raw/non_cv/news_article/non_cv_00105.tif,C:\Users\YassineSBOUI\Downloads\NON_CV\news_article\tob04801.81.tif,.tif
non_cv_00106,non_cv,memo,raw/non_cv/memo/non_cv_00106.tif,C:\Users\YassineSBOUI\Downloads\NON_CV\memo\2078708218.tif,.tif
non_cv_00107,non_cv,handwritten,raw/non_cv/handwritten/non_cv_00107.tif,C:\Users\YassineSBOUI\Downloads\NON_CV\handwritten\517512039+-2042.tif,.tif
non_cv_00108,non_cv,file_folder,raw/non_cv/file_folder/non_cv_00108.tif,C:\Users\YassineSBOUI\Downloads\NON_CV\file_folder\11249452.tif,.tif
non_cv_00109,non_cv,file_folder,raw/non_cv/file_folder/non_cv_00109.tif,C:\Users\YassineSBOUI\Downloads\NON_CV\file_folder\2062102976.tif,.tif
non_cv_00110,non_cv,file_folder,raw/non_cv/file_folder/non_cv_00110.tif,C:\Users\YassineSBOUI\Downloads\NON_CV\file_folder\2501637102.tif,.tif
non_cv_00111,non_cv,budget,raw/non_cv/budget/non_cv_00111.tif,C:\Users\YassineSBOUI\Downloads\NON_CV\budget\2045467826.tif,.tif
non_cv_00112,non_cv,handwritten,raw/non_cv/handwritten/non_cv_00112.tif,C:\Users\YassineSBOUI\Downloads\NON_CV\handwritten\518294849+-4850.tif,.tif
non_cv_00113,non_cv,email,raw/non_cv/email/non_cv_00113.tif,C:\Users\YassineSBOUI\Downloads\NON_CV\email\528348505+-8505.tif,.tif
non_cv_00114,non_cv,letter,raw/non_cv/letter/non_cv_00114.tif,C:\Users\YassineSBOUI\Downloads\NON_CV\letter\50146815-6815.tif,.tif
non_cv_00115,non_cv,budget,raw/non_cv/budget/non_cv_00115.tif,C:\Users\YassineSBOUI\Downloads\NON_CV\budget\tob07124.26.tif,.tif
non_cv_00116,non_cv,news_article,raw/non_cv/news_article/non_cv_00116.tif,C:\Users\YassineSBOUI\Downloads\NON_CV\news_article\1003043040.tif,.tif
non_cv_00117,non_cv,advertisement,raw/non_cv/advertisement/non_cv_00117.tif,C:\Users\YassineSBOUI\Downloads\NON_CV\advertisement\92207703.tif,.tif
non_cv_00118,non_cv,questionnaire,raw/non_cv/questionnaire/non_cv_00118.tif,C:\Users\YassineSBOUI\Downloads\NON_CV\questionnaire\0000956052.tif,.tif
non_cv_00119,non_cv,scientific_report,raw/non_cv/scientific_report/non_cv_00119.tif,C:\Users\YassineSBOUI\Downloads\NON_CV\scientific_report\2078575275_5293.tif,.tif
non_cv_00120,non_cv,scientific_report,raw/non_cv/scientific_report/non_cv_00120.tif,C:\Users\YassineSBOUI\Downloads\NON_CV\scientific_report\2064287139.tif,.tif
non_cv_00121,non_cv,advertisement,raw/non_cv/advertisement/non_cv_00121.tif,C:\Users\YassineSBOUI\Downloads\NON_CV\advertisement\2071464605.tif,.tif
non_cv_00122,non_cv,questionnaire,raw/non_cv/questionnaire/non_cv_00122.tif,C:\Users\YassineSBOUI\Downloads\NON_CV\questionnaire\514029487+-9493.tif,.tif
non_cv_00123,non_cv,budget,raw/non_cv/budget/non_cv_00123.tif,C:\Users\YassineSBOUI\Downloads\NON_CV\budget\2041975989.tif,.tif
non_cv_00124,non_cv,presentation,raw/non_cv/presentation/non_cv_00124.tif,C:\Users\YassineSBOUI\Downloads\NON_CV\presentation\0060117891.tif,.tif
non_cv_00125,non_cv,handwritten,raw/non_cv/handwritten/non_cv_00125.tif,C:\Users\YassineSBOUI\Downloads\NON_CV\handwritten\523197388+-7389.tif,.tif
non_cv_00126,non_cv,letter,raw/non_cv/letter/non_cv_00126.tif,C:\Users\YassineSBOUI\Downloads\NON_CV\letter\03755994_03755995.tif,.tif
non_cv_00127,non_cv,advertisement,raw/non_cv/advertisement/non_cv_00127.tif,C:\Users\YassineSBOUI\Downloads\NON_CV\advertisement\2045300338.tif,.tif
non_cv_00128,non_cv,specification,raw/non_cv/specification/non_cv_00128.tif,C:\Users\YassineSBOUI\Downloads\NON_CV\specification\504561940.tif,.tif
non_cv_00129,non_cv,scientific_report,raw/non_cv/scientific_report/non_cv_00129.tif,C:\Users\YassineSBOUI\Downloads\NON_CV\scientific_report\00966080_00966085.tif,.tif
non_cv_00130,non_cv,letter,raw/non_cv/letter/non_cv_00130.tif,C:\Users\YassineSBOUI\Downloads\NON_CV\letter\842814.tif,.tif
non_cv_00131,non_cv,budget,raw/non_cv/budget/non_cv_00131.tif,C:\Users\YassineSBOUI\Downloads\NON_CV\budget\88028885.tif,.tif
non_cv_00132,non_cv,news_article,raw/non_cv/news_article/non_cv_00132.tif,C:\Users\YassineSBOUI\Downloads\NON_CV\news_article\2046532807g.tif,.tif
non_cv_00133,non_cv,budget,raw/non_cv/budget/non_cv_00133.tif,C:\Users\YassineSBOUI\Downloads\NON_CV\budget\tnwl0009767_9768.tif,.tif
non_cv_00134,non_cv,specification,raw/non_cv/specification/non_cv_00134.tif,C:\Users\YassineSBOUI\Downloads\NON_CV\specification\2069741060.tif,.tif
non_cv_00135,non_cv,handwritten,raw/non_cv/handwritten/non_cv_00135.tif,C:\Users\YassineSBOUI\Downloads\NON_CV\handwritten\512441516_512441517.tif,.tif
non_cv_00136,non_cv,news_article,raw/non_cv/news_article/non_cv_00136.tif,C:\Users\YassineSBOUI\Downloads\NON_CV\news_article\1003537780-c.tif,.tif
non_cv_00137,non_cv,resume,raw/non_cv/resume/non_cv_00137.tif,C:\Users\YassineSBOUI\Downloads\NON_CV\resume\50468086-8087.tif,.tif
non_cv_00138,non_cv,invoice,raw/non_cv/invoice/non_cv_00138.tif,C:\Users\YassineSBOUI\Downloads\NON_CV\invoice\01398469.tif,.tif
non_cv_00139,non_cv,specification,raw/non_cv/specification/non_cv_00139.tif,C:\Users\YassineSBOUI\Downloads\NON_CV\specification\2069721785.tif,.tif
non_cv_00140,non_cv,specification,raw/non_cv/specification/non_cv_00140.tif,C:\Users\YassineSBOUI\Downloads\NON_CV\specification\2057678001.tif,.tif
non_cv_00141,non_cv,questionnaire,raw/non_cv/questionnaire/non_cv_00141.tif,C:\Users\YassineSBOUI\Downloads\NON_CV\questionnaire\0000096093.tif,.tif
non_cv_00142,non_cv,budget,raw/non_cv/budget/non_cv_00142.tif,C:\Users\YassineSBOUI\Downloads\NON_CV\budget\tob01606.90_tob01606.92.tif,.tif
non_cv_00143,non_cv,invoice,raw/non_cv/invoice/non_cv_00143.tif,C:\Users\YassineSBOUI\Downloads\NON_CV\invoice\89000861.tif,.tif
non_cv_00144,non_cv,file_folder,raw/non_cv/file_folder/non_cv_00144.tif,C:\Users\YassineSBOUI\Downloads\NON_CV\file_folder\2061667835.tif,.tif
non_cv_00145,non_cv,presentation,raw/non_cv/presentation/non_cv_00145.tif,C:\Users\YassineSBOUI\Downloads\NON_CV\presentation\03768939_03768940.tif,.tif
non_cv_00146,non_cv,questionnaire,raw/non_cv/questionnaire/non_cv_00146.tif,C:\Users\YassineSBOUI\Downloads\NON_CV\questionnaire\2023680458_0462.tif,.tif
non_cv_00147,non_cv,letter,raw/non_cv/letter/non_cv_00147.tif,C:\Users\YassineSBOUI\Downloads\NON_CV\letter\517220389+-0389.tif,.tif
non_cv_00148,non_cv,budget,raw/non_cv/budget/non_cv_00148.tif,C:\Users\YassineSBOUI\Downloads\NON_CV\budget\2041719156_2041719164.tif,.tif
non_cv_00149,non_cv,specification,raw/non_cv/specification/non_cv_00149.tif,C:\Users\YassineSBOUI\Downloads\NON_CV\specification\2069728082.tif,.tif
non_cv_00150,non_cv,form,raw/non_cv/form/non_cv_00150.tif,C:\Users\YassineSBOUI\Downloads\NON_CV\form\91283582.tif,.tif
non_cv_00151,non_cv,memo,raw/non_cv/memo/non_cv_00151.tif,C:\Users\YassineSBOUI\Downloads\NON_CV\memo\2043771202.tif,.tif
non_cv_00152,non_cv,letter,raw/non_cv/letter/non_cv_00152.tif,C:\Users\YassineSBOUI\Downloads\NON_CV\letter\521944134+-4134.tif,.tif
non_cv_00153,non_cv,form,raw/non_cv/form/non_cv_00153.tif,C:\Users\YassineSBOUI\Downloads\NON_CV\form\2065173807.tif,.tif
non_cv_00154,non_cv,email,raw/non_cv/email/non_cv_00154.tif,C:\Users\YassineSBOUI\Downloads\NON_CV\email\2067642096.tif,.tif
non_cv_00155,non_cv,invoice,raw/non_cv/invoice/non_cv_00155.tif,C:\Users\YassineSBOUI\Downloads\NON_CV\invoice\2028712208.tif,.tif
non_cv_00156,non_cv,specification,raw/non_cv/specification/non_cv_00156.tif,C:\Users\YassineSBOUI\Downloads\NON_CV\specification\2057444760_2057444763.tif,.tif
non_cv_00157,non_cv,email,raw/non_cv/email/non_cv_00157.tif,C:\Users\YassineSBOUI\Downloads\NON_CV\email\2078617081.tif,.tif
non_cv_00158,non_cv,questionnaire,raw/non_cv/questionnaire/non_cv_00158.tif,C:\Users\YassineSBOUI\Downloads\NON_CV\questionnaire\85117549_85117550.tif,.tif
non_cv_00159,non_cv,scientific_publication,raw/non_cv/scientific_publication/non_cv_00159.tif,C:\Users\YassineSBOUI\Downloads\NON_CV\scientific_publication\1002640770_1002640807.tif,.tif
non_cv_00160,non_cv,specification,raw/non_cv/specification/non_cv_00160.tif,C:\Users\YassineSBOUI\Downloads\NON_CV\specification\2057486669_2057486670.tif,.tif
non_cv_00161,non_cv,budget,raw/non_cv/budget/non_cv_00161.tif,C:\Users\YassineSBOUI\Downloads\NON_CV\budget\tnwl0006453.tif,.tif
non_cv_00162,non_cv,specification,raw/non_cv/specification/non_cv_00162.tif,C:\Users\YassineSBOUI\Downloads\NON_CV\specification\2057403561_2057403570.tif,.tif
non_cv_00163,non_cv,presentation,raw/non_cv/presentation/non_cv_00163.tif,C:\Users\YassineSBOUI\Downloads\NON_CV\presentation\2028428143_2028428144.tif,.tif
non_cv_00164,non_cv,specification,raw/non_cv/specification/non_cv_00164.tif,C:\Users\YassineSBOUI\Downloads\NON_CV\specification\2031298904.tif,.tif
non_cv_00165,non_cv,form,raw/non_cv/form/non_cv_00165.tif,C:\Users\YassineSBOUI\Downloads\NON_CV\form\521023291+-3291.tif,.tif
non_cv_00166,non_cv,resume,raw/non_cv/resume/non_cv_00166.tif,C:\Users\YassineSBOUI\Downloads\NON_CV\resume\50394836-4837.tif,.tif
non_cv_00167,non_cv,letter,raw/non_cv/letter/non_cv_00167.tif,C:\Users\YassineSBOUI\Downloads\NON_CV\letter\2073128799.tif,.tif
non_cv_00168,non_cv,questionnaire,raw/non_cv/questionnaire/non_cv_00168.tif,C:\Users\YassineSBOUI\Downloads\NON_CV\questionnaire\2042570642_2042570651.tif,.tif
non_cv_00169,non_cv,handwritten,raw/non_cv/handwritten/non_cv_00169.tif,C:\Users\YassineSBOUI\Downloads\NON_CV\handwritten\524473543+-3543.tif,.tif
non_cv_00170,non_cv,form,raw/non_cv/form/non_cv_00170.tif,C:\Users\YassineSBOUI\Downloads\NON_CV\form\2026345312.tif,.tif
non_cv_00171,non_cv,presentation,raw/non_cv/presentation/non_cv_00171.tif,C:\Users\YassineSBOUI\Downloads\NON_CV\presentation\2077155898.tif,.tif
non_cv_00172,non_cv,file_folder,raw/non_cv/file_folder/non_cv_00172.tif,C:\Users\YassineSBOUI\Downloads\NON_CV\file_folder\2069565723.tif,.tif
non_cv_00173,non_cv,questionnaire,raw/non_cv/questionnaire/non_cv_00173.tif,C:\Users\YassineSBOUI\Downloads\NON_CV\questionnaire\1000365050.tif,.tif
non_cv_00174,non_cv,presentation,raw/non_cv/presentation/non_cv_00174.tif,C:\Users\YassineSBOUI\Downloads\NON_CV\presentation\86200036_0053.tif,.tif
non_cv_00175,non_cv,memo,raw/non_cv/memo/non_cv_00175.tif,C:\Users\YassineSBOUI\Downloads\NON_CV\memo\0000230799.tif,.tif
non_cv_00176,non_cv,presentation,raw/non_cv/presentation/non_cv_00176.tif,C:\Users\YassineSBOUI\Downloads\NON_CV\presentation\2080940476.tif,.tif
non_cv_00177,non_cv,scientific_publication,raw/non_cv/scientific_publication/non_cv_00177.tif,C:\Users\YassineSBOUI\Downloads\NON_CV\scientific_publication\11052488_11052495.tif,.tif
non_cv_00178,non_cv,news_article,raw/non_cv/news_article/non_cv_00178.tif,C:\Users\YassineSBOUI\Downloads\NON_CV\news_article\1003043719-b.tif,.tif
non_cv_00179,non_cv,handwritten,raw/non_cv/handwritten/non_cv_00179.tif,C:\Users\YassineSBOUI\Downloads\NON_CV\handwritten\522718132+-8138.tif,.tif
non_cv_00180,non_cv,form,raw/non_cv/form/non_cv_00180.tif,C:\Users\YassineSBOUI\Downloads\NON_CV\form\71108371.tif,.tif
non_cv_00181,non_cv,questionnaire,raw/non_cv/questionnaire/non_cv_00181.tif,C:\Users\YassineSBOUI\Downloads\NON_CV\questionnaire\505320011.tif,.tif
non_cv_00182,non_cv,form,raw/non_cv/form/non_cv_00182.tif,C:\Users\YassineSBOUI\Downloads\NON_CV\form\2065127416.tif,.tif
non_cv_00183,non_cv,resume,raw/non_cv/resume/non_cv_00183.tif,C:\Users\YassineSBOUI\Downloads\NON_CV\resume\92351810_1822.tif,.tif
non_cv_00184,non_cv,form,raw/non_cv/form/non_cv_00184.tif,C:\Users\YassineSBOUI\Downloads\NON_CV\form\2078006271.tif,.tif
non_cv_00185,non_cv,news_article,raw/non_cv/news_article/non_cv_00185.tif,C:\Users\YassineSBOUI\Downloads\NON_CV\news_article\2044179787.tif,.tif
non_cv_00186,non_cv,scientific_publication,raw/non_cv/scientific_publication/non_cv_00186.tif,C:\Users\YassineSBOUI\Downloads\NON_CV\scientific_publication\10081172_10081174.tif,.tif
non_cv_00187,non_cv,budget,raw/non_cv/budget/non_cv_00187.tif,C:\Users\YassineSBOUI\Downloads\NON_CV\budget\11003649.tif,.tif
non_cv_00188,non_cv,budget,raw/non_cv/budget/non_cv_00188.tif,C:\Users\YassineSBOUI\Downloads\NON_CV\budget\tnwl0008300_8304.tif,.tif
non_cv_00189,non_cv,budget,raw/non_cv/budget/non_cv_00189.tif,C:\Users\YassineSBOUI\Downloads\NON_CV\budget\2030656070.tif,.tif
non_cv_00190,non_cv,scientific_report,raw/non_cv/scientific_report/non_cv_00190.tif,C:\Users\YassineSBOUI\Downloads\NON_CV\scientific_report\2000467134.tif,.tif
non_cv_00191,non_cv,scientific_publication,raw/non_cv/scientific_publication/non_cv_00191.tif,C:\Users\YassineSBOUI\Downloads\NON_CV\scientific_publication\87341442a_1465.tif,.tif
non_cv_00192,non_cv,handwritten,raw/non_cv/handwritten/non_cv_00192.tif,C:\Users\YassineSBOUI\Downloads\NON_CV\handwritten\505956065.tif,.tif
non_cv_00193,non_cv,questionnaire,raw/non_cv/questionnaire/non_cv_00193.tif,C:\Users\YassineSBOUI\Downloads\NON_CV\questionnaire\1001865784_1001865786.tif,.tif
non_cv_00194,non_cv,news_article,raw/non_cv/news_article/non_cv_00194.tif,C:\Users\YassineSBOUI\Downloads\NON_CV\news_article\1003537739-b.tif,.tif
non_cv_00195,non_cv,questionnaire,raw/non_cv/questionnaire/non_cv_00195.tif,C:\Users\YassineSBOUI\Downloads\NON_CV\questionnaire\2041556746_2041556845.tif,.tif
non_cv_00196,non_cv,handwritten,raw/non_cv/handwritten/non_cv_00196.tif,C:\Users\YassineSBOUI\Downloads\NON_CV\handwritten\511431224_511431236.tif,.tif
non_cv_00197,non_cv,scientific_report,raw/non_cv/scientific_report/non_cv_00197.tif,C:\Users\YassineSBOUI\Downloads\NON_CV\scientific_report\2081353217_3246.tif,.tif
non_cv_00198,non_cv,budget,raw/non_cv/budget/non_cv_00198.tif,C:\Users\YassineSBOUI\Downloads\NON_CV\budget\2042928260.tif,.tif
non_cv_00199,non_cv,letter,raw/non_cv/letter/non_cv_00199.tif,C:\Users\YassineSBOUI\Downloads\NON_CV\letter\518740346+-0346.tif,.tif
non_cv_00200,non_cv,questionnaire,raw/non_cv/questionnaire/non_cv_00200.tif,C:\Users\YassineSBOUI\Downloads\NON_CV\questionnaire\03320526_03320532.tif,.tif
non_cv_00201,non_cv,advertisement,raw/non_cv/advertisement/non_cv_00201.tif,C:\Users\YassineSBOUI\Downloads\NON_CV\advertisement\2070499925_9926.tif,.tif
non_cv_00202,non_cv,questionnaire,raw/non_cv/questionnaire/non_cv_00202.tif,C:\Users\YassineSBOUI\Downloads\NON_CV\questionnaire\2072610335_0340.tif,.tif
non_cv_00203,non_cv,budget,raw/non_cv/budget/non_cv_00203.tif,C:\Users\YassineSBOUI\Downloads\NON_CV\budget\timo0003549.tif,.tif
non_cv_00204,non_cv,resume,raw/non_cv/resume/non_cv_00204.tif,C:\Users\YassineSBOUI\Downloads\NON_CV\resume\50404927-4927.tif,.tif
non_cv_00205,non_cv,advertisement,raw/non_cv/advertisement/non_cv_00205.tif,C:\Users\YassineSBOUI\Downloads\NON_CV\advertisement\2501209636.tif,.tif
non_cv_00206,non_cv,resume,raw/non_cv/resume/non_cv_00206.tif,C:\Users\YassineSBOUI\Downloads\NON_CV\resume\50618555-8556.tif,.tif
non_cv_00207,non_cv,scientific_report,raw/non_cv/scientific_report/non_cv_00207.tif,C:\Users\YassineSBOUI\Downloads\NON_CV\scientific_report\2029021917.tif,.tif
non_cv_00208,non_cv,presentation,raw/non_cv/presentation/non_cv_00208.tif,C:\Users\YassineSBOUI\Downloads\NON_CV\presentation\2072723974.tif,.tif
non_cv_00209,non_cv,presentation,raw/non_cv/presentation/non_cv_00209.tif,C:\Users\YassineSBOUI\Downloads\NON_CV\presentation\2070909338_9340.tif,.tif
non_cv_00210,non_cv,invoice,raw/non_cv/invoice/non_cv_00210.tif,C:\Users\YassineSBOUI\Downloads\NON_CV\invoice\11314796.tif,.tif
non_cv_00211,non_cv,scientific_publication,raw/non_cv/scientific_publication/non_cv_00211.tif,C:\Users\YassineSBOUI\Downloads\NON_CV\scientific_publication\10421818_10421819.tif,.tif
non_cv_00212,non_cv,budget,raw/non_cv/budget/non_cv_00212.tif,C:\Users\YassineSBOUI\Downloads\NON_CV\budget\2049413372.tif,.tif
non_cv_00213,non_cv,handwritten,raw/non_cv/handwritten/non_cv_00213.tif,C:\Users\YassineSBOUI\Downloads\NON_CV\handwritten\522127169+-7169.tif,.tif
non_cv_00214,non_cv,file_folder,raw/non_cv/file_folder/non_cv_00214.tif,C:\Users\YassineSBOUI\Downloads\NON_CV\file_folder\2072097924.tif,.tif
non_cv_00215,non_cv,file_folder,raw/non_cv/file_folder/non_cv_00215.tif,C:\Users\YassineSBOUI\Downloads\NON_CV\file_folder\2051185001.tif,.tif
non_cv_00216,non_cv,budget,raw/non_cv/budget/non_cv_00216.tif,C:\Users\YassineSBOUI\Downloads\NON_CV\budget\2044866288.tif,.tif
non_cv_00217,non_cv,news_article,raw/non_cv/news_article/non_cv_00217.tif,C:\Users\YassineSBOUI\Downloads\NON_CV\news_article\91715443_91715444.tif,.tif
non_cv_00218,non_cv,scientific_publication,raw/non_cv/scientific_publication/non_cv_00218.tif,C:\Users\YassineSBOUI\Downloads\NON_CV\scientific_publication\PUBLICATIONS027050-7.tif,.tif
non_cv_00219,non_cv,email,raw/non_cv/email/non_cv_00219.tif,C:\Users\YassineSBOUI\Downloads\NON_CV\email\2085779922b.tif,.tif
non_cv_00220,non_cv,questionnaire,raw/non_cv/questionnaire/non_cv_00220.tif,C:\Users\YassineSBOUI\Downloads\NON_CV\questionnaire\1000372194_1000372195.tif,.tif
non_cv_00221,non_cv,presentation,raw/non_cv/presentation/non_cv_00221.tif,C:\Users\YassineSBOUI\Downloads\NON_CV\presentation\2022842335_2022842339.tif,.tif
non_cv_00222,non_cv,advertisement,raw/non_cv/advertisement/non_cv_00222.tif,C:\Users\YassineSBOUI\Downloads\NON_CV\advertisement\2070712649.tif,.tif
non_cv_00223,non_cv,memo,raw/non_cv/memo/non_cv_00223.tif,C:\Users\YassineSBOUI\Downloads\NON_CV\memo\0012844294.tif,.tif
non_cv_00224,non_cv,news_article,raw/non_cv/news_article/non_cv_00224.tif,C:\Users\YassineSBOUI\Downloads\NON_CV\news_article\tnwl0050192.tif,.tif
non_cv_00225,non_cv,memo,raw/non_cv/memo/non_cv_00225.tif,C:\Users\YassineSBOUI\Downloads\NON_CV\memo\88764915.tif,.tif
non_cv_00226,non_cv,scientific_publication,raw/non_cv/scientific_publication/non_cv_00226.tif,C:\Users\YassineSBOUI\Downloads\NON_CV\scientific_publication\60030642_60030653.tif,.tif
non_cv_00227,non_cv,invoice,raw/non_cv/invoice/non_cv_00227.tif,C:\Users\YassineSBOUI\Downloads\NON_CV\invoice\2084020310.tif,.tif
non_cv_00228,non_cv,scientific_publication,raw/non_cv/scientific_publication/non_cv_00228.tif,C:\Users\YassineSBOUI\Downloads\NON_CV\scientific_publication\2023141421.tif,.tif
non_cv_00229,non_cv,email,raw/non_cv/email/non_cv_00229.tif,C:\Users\YassineSBOUI\Downloads\NON_CV\email\531455573+-5582.tif,.tif
non_cv_00230,non_cv,advertisement,raw/non_cv/advertisement/non_cv_00230.tif,C:\Users\YassineSBOUI\Downloads\NON_CV\advertisement\86069333.tif,.tif
non_cv_00231,non_cv,memo,raw/non_cv/memo/non_cv_00231.tif,C:\Users\YassineSBOUI\Downloads\NON_CV\memo\0000232877.tif,.tif
non_cv_00232,non_cv,file_folder,raw/non_cv/file_folder/non_cv_00232.tif,C:\Users\YassineSBOUI\Downloads\NON_CV\file_folder\2042523223.tif,.tif
non_cv_00233,non_cv,scientific_report,raw/non_cv/scientific_report/non_cv_00233.tif,C:\Users\YassineSBOUI\Downloads\NON_CV\scientific_report\2501185100_2501185101.tif,.tif
non_cv_00234,non_cv,form,raw/non_cv/form/non_cv_00234.tif,C:\Users\YassineSBOUI\Downloads\NON_CV\form\512980631.tif,.tif
non_cv_00235,non_cv,letter,raw/non_cv/letter/non_cv_00235.tif,C:\Users\YassineSBOUI\Downloads\NON_CV\letter\2070581060.tif,.tif
non_cv_00236,non_cv,questionnaire,raw/non_cv/questionnaire/non_cv_00236.tif,C:\Users\YassineSBOUI\Downloads\NON_CV\questionnaire\0000399342.tif,.tif
non_cv_00237,non_cv,handwritten,raw/non_cv/handwritten/non_cv_00237.tif,C:\Users\YassineSBOUI\Downloads\NON_CV\handwritten\524088078+-8079.tif,.tif
non_cv_00238,non_cv,specification,raw/non_cv/specification/non_cv_00238.tif,C:\Users\YassineSBOUI\Downloads\NON_CV\specification\0000055036.tif,.tif
non_cv_00239,non_cv,advertisement,raw/non_cv/advertisement/non_cv_00239.tif,C:\Users\YassineSBOUI\Downloads\NON_CV\advertisement\503781900+-1900.tif,.tif
non_cv_00240,non_cv,letter,raw/non_cv/letter/non_cv_00240.tif,C:\Users\YassineSBOUI\Downloads\NON_CV\letter\2046313909.tif,.tif
non_cv_00241,non_cv,scientific_publication,raw/non_cv/scientific_publication/non_cv_00241.tif,C:\Users\YassineSBOUI\Downloads\NON_CV\scientific_publication\50550850-0856.tif,.tif
non_cv_00242,non_cv,advertisement,raw/non_cv/advertisement/non_cv_00242.tif,C:\Users\YassineSBOUI\Downloads\NON_CV\advertisement\0000556063.tif,.tif
non_cv_00243,non_cv,form,raw/non_cv/form/non_cv_00243.tif,C:\Users\YassineSBOUI\Downloads\NON_CV\form\516425447+-5447.tif,.tif
non_cv_00244,non_cv,scientific_publication,raw/non_cv/scientific_publication/non_cv_00244.tif,C:\Users\YassineSBOUI\Downloads\NON_CV\scientific_publication\91017414_91017419.tif,.tif
non_cv_00245,non_cv,file_folder,raw/non_cv/file_folder/non_cv_00245.tif,C:\Users\YassineSBOUI\Downloads\NON_CV\file_folder\2063686085.tif,.tif
non_cv_00246,non_cv,email,raw/non_cv/email/non_cv_00246.tif,C:\Users\YassineSBOUI\Downloads\NON_CV\email\2083636716d_6717.tif,.tif
non_cv_00247,non_cv,presentation,raw/non_cv/presentation/non_cv_00247.tif,C:\Users\YassineSBOUI\Downloads\NON_CV\presentation\98611793.tif,.tif
non_cv_00248,non_cv,budget,raw/non_cv/budget/non_cv_00248.tif,C:\Users\YassineSBOUI\Downloads\NON_CV\budget\tnwl0000553_0558.tif,.tif
non_cv_00249,non_cv,memo,raw/non_cv/memo/non_cv_00249.tif,C:\Users\YassineSBOUI\Downloads\NON_CV\memo\tcal0414098.tif,.tif
non_cv_00250,non_cv,specification,raw/non_cv/specification/non_cv_00250.tif,C:\Users\YassineSBOUI\Downloads\NON_CV\specification\504528557+-8557.tif,.tif
non_cv_00251,non_cv,scientific_publication,raw/non_cv/scientific_publication/non_cv_00251.tif,C:\Users\YassineSBOUI\Downloads\NON_CV\scientific_publication\50338159-8164.tif,.tif
non_cv_00252,non_cv,scientific_report,raw/non_cv/scientific_report/non_cv_00252.tif,C:\Users\YassineSBOUI\Downloads\NON_CV\scientific_report\2505367873.tif,.tif
non_cv_00253,non_cv,letter,raw/non_cv/letter/non_cv_00253.tif,C:\Users\YassineSBOUI\Downloads\NON_CV\letter\509019183_509019186.tif,.tif
non_cv_00254,non_cv,budget,raw/non_cv/budget/non_cv_00254.tif,C:\Users\YassineSBOUI\Downloads\NON_CV\budget\2048487445_2048487446.tif,.tif
non_cv_00255,non_cv,scientific_report,raw/non_cv/scientific_report/non_cv_00255.tif,C:\Users\YassineSBOUI\Downloads\NON_CV\scientific_report\83238187_8215.tif,.tif
non_cv_00256,non_cv,handwritten,raw/non_cv/handwritten/non_cv_00256.tif,C:\Users\YassineSBOUI\Downloads\NON_CV\handwritten\517239472+-9476.tif,.tif
non_cv_00257,non_cv,advertisement,raw/non_cv/advertisement/non_cv_00257.tif,C:\Users\YassineSBOUI\Downloads\NON_CV\advertisement\501782256.tif,.tif
non_cv_00258,non_cv,email,raw/non_cv/email/non_cv_00258.tif,C:\Users\YassineSBOUI\Downloads\NON_CV\email\2074163999.tif,.tif
non_cv_00259,non_cv,presentation,raw/non_cv/presentation/non_cv_00259.tif,C:\Users\YassineSBOUI\Downloads\NON_CV\presentation\24011652_24011663.tif,.tif
non_cv_00260,non_cv,handwritten,raw/non_cv/handwritten/non_cv_00260.tif,C:\Users\YassineSBOUI\Downloads\NON_CV\handwritten\501033869+-3920.tif,.tif
non_cv_00261,non_cv,budget,raw/non_cv/budget/non_cv_00261.tif,C:\Users\YassineSBOUI\Downloads\NON_CV\budget\2041007034.tif,.tif
non_cv_00262,non_cv,advertisement,raw/non_cv/advertisement/non_cv_00262.tif,C:\Users\YassineSBOUI\Downloads\NON_CV\advertisement\2061004929.tif,.tif
non_cv_00263,non_cv,specification,raw/non_cv/specification/non_cv_00263.tif,C:\Users\YassineSBOUI\Downloads\NON_CV\specification\0000057554.tif,.tif
non_cv_00264,non_cv,memo,raw/non_cv/memo/non_cv_00264.tif,C:\Users\YassineSBOUI\Downloads\NON_CV\memo\ti16680704.tif,.tif
non_cv_00265,non_cv,file_folder,raw/non_cv/file_folder/non_cv_00265.tif,C:\Users\YassineSBOUI\Downloads\NON_CV\file_folder\50716389-6389.tif,.tif
non_cv_00266,non_cv,news_article,raw/non_cv/news_article/non_cv_00266.tif,C:\Users\YassineSBOUI\Downloads\NON_CV\news_article\tob11428.10_tob11428.11.tif,.tif
non_cv_00267,non_cv,advertisement,raw/non_cv/advertisement/non_cv_00267.tif,C:\Users\YassineSBOUI\Downloads\NON_CV\advertisement\2070500859_0860.tif,.tif
non_cv_00268,non_cv,email,raw/non_cv/email/non_cv_00268.tif,C:\Users\YassineSBOUI\Downloads\NON_CV\email\2074378233b.tif,.tif
non_cv_00269,non_cv,form,raw/non_cv/form/non_cv_00269.tif,C:\Users\YassineSBOUI\Downloads\NON_CV\form\00836207.tif,.tif
non_cv_00270,non_cv,handwritten,raw/non_cv/handwritten/non_cv_00270.tif,C:\Users\YassineSBOUI\Downloads\NON_CV\handwritten\517516309+-6309.tif,.tif
non_cv_00271,non_cv,questionnaire,raw/non_cv/questionnaire/non_cv_00271.tif,C:\Users\YassineSBOUI\Downloads\NON_CV\questionnaire\506084282+-4283.tif,.tif
non_cv_00272,non_cv,news_article,raw/non_cv/news_article/non_cv_00272.tif,C:\Users\YassineSBOUI\Downloads\NON_CV\news_article\ton01428.61.tif,.tif
non_cv_00273,non_cv,specification,raw/non_cv/specification/non_cv_00273.tif,C:\Users\YassineSBOUI\Downloads\NON_CV\specification\2057414814.tif,.tif
non_cv_00274,non_cv,scientific_publication,raw/non_cv/scientific_publication/non_cv_00274.tif,C:\Users\YassineSBOUI\Downloads\NON_CV\scientific_publication\60014674_60014684.tif,.tif
non_cv_00275,non_cv,handwritten,raw/non_cv/handwritten/non_cv_00275.tif,C:\Users\YassineSBOUI\Downloads\NON_CV\handwritten\500909801.tif,.tif
non_cv_00276,non_cv,invoice,raw/non_cv/invoice/non_cv_00276.tif,C:\Users\YassineSBOUI\Downloads\NON_CV\invoice\2028693033_2028693034.tif,.tif
non_cv_00277,non_cv,handwritten,raw/non_cv/handwritten/non_cv_00277.tif,C:\Users\YassineSBOUI\Downloads\NON_CV\handwritten\517755188+-5189.tif,.tif
non_cv_00278,non_cv,budget,raw/non_cv/budget/non_cv_00278.tif,C:\Users\YassineSBOUI\Downloads\NON_CV\budget\2040294596.tif,.tif
non_cv_00279,non_cv,specification,raw/non_cv/specification/non_cv_00279.tif,C:\Users\YassineSBOUI\Downloads\NON_CV\specification\2069724794.tif,.tif
non_cv_00280,non_cv,advertisement,raw/non_cv/advertisement/non_cv_00280.tif,C:\Users\YassineSBOUI\Downloads\NON_CV\advertisement\92196723_6726.tif,.tif
non_cv_00281,non_cv,questionnaire,raw/non_cv/questionnaire/non_cv_00281.tif,C:\Users\YassineSBOUI\Downloads\NON_CV\questionnaire\506904678.tif,.tif
non_cv_00282,non_cv,scientific_publication,raw/non_cv/scientific_publication/non_cv_00282.tif,C:\Users\YassineSBOUI\Downloads\NON_CV\scientific_publication\2025441665.tif,.tif
non_cv_00283,non_cv,questionnaire,raw/non_cv/questionnaire/non_cv_00283.tif,C:\Users\YassineSBOUI\Downloads\NON_CV\questionnaire\1000366911.tif,.tif
non_cv_00284,non_cv,form,raw/non_cv/form/non_cv_00284.tif,C:\Users\YassineSBOUI\Downloads\NON_CV\form\2051043895.tif,.tif
non_cv_00285,non_cv,presentation,raw/non_cv/presentation/non_cv_00285.tif,C:\Users\YassineSBOUI\Downloads\NON_CV\presentation\2028967262_2028967268.tif,.tif
non_cv_00286,non_cv,questionnaire,raw/non_cv/questionnaire/non_cv_00286.tif,C:\Users\YassineSBOUI\Downloads\NON_CV\questionnaire\500428101.tif,.tif
non_cv_00287,non_cv,handwritten,raw/non_cv/handwritten/non_cv_00287.tif,C:\Users\YassineSBOUI\Downloads\NON_CV\handwritten\518140732+-0733.tif,.tif
non_cv_00288,non_cv,form,raw/non_cv/form/non_cv_00288.tif,C:\Users\YassineSBOUI\Downloads\NON_CV\form\0060165496.tif,.tif
non_cv_00289,non_cv,email,raw/non_cv/email/non_cv_00289.tif,C:\Users\YassineSBOUI\Downloads\NON_CV\email\527929693+-9693.tif,.tif
non_cv_00290,non_cv,advertisement,raw/non_cv/advertisement/non_cv_00290.tif,C:\Users\YassineSBOUI\Downloads\NON_CV\advertisement\0071086627.tif,.tif
non_cv_00291,non_cv,budget,raw/non_cv/budget/non_cv_00291.tif,C:\Users\YassineSBOUI\Downloads\NON_CV\budget\2049418682.tif,.tif
non_cv_00292,non_cv,letter,raw/non_cv/letter/non_cv_00292.tif,C:\Users\YassineSBOUI\Downloads\NON_CV\letter\50556506-6506.tif,.tif
non_cv_00293,non_cv,form,raw/non_cv/form/non_cv_00293.tif,C:\Users\YassineSBOUI\Downloads\NON_CV\form\2077786911.tif,.tif
non_cv_00294,non_cv,resume,raw/non_cv/resume/non_cv_00294.tif,C:\Users\YassineSBOUI\Downloads\NON_CV\resume\50591039-1040.tif,.tif
non_cv_00295,non_cv,handwritten,raw/non_cv/handwritten/non_cv_00295.tif,C:\Users\YassineSBOUI\Downloads\NON_CV\handwritten\517548461+-8462.tif,.tif
non_cv_00296,non_cv,letter,raw/non_cv/letter/non_cv_00296.tif,C:\Users\YassineSBOUI\Downloads\NON_CV\letter\517171027_517171028.tif,.tif
non_cv_00297,non_cv,presentation,raw/non_cv/presentation/non_cv_00297.tif,C:\Users\YassineSBOUI\Downloads\NON_CV\presentation\2024098998_2024099020.tif,.tif
non_cv_00298,non_cv,specification,raw/non_cv/specification/non_cv_00298.tif,C:\Users\YassineSBOUI\Downloads\NON_CV\specification\2031311580.tif,.tif
non_cv_00299,non_cv,email,raw/non_cv/email/non_cv_00299.tif,C:\Users\YassineSBOUI\Downloads\NON_CV\email\2080434752.tif,.tif
non_cv_00300,non_cv,letter,raw/non_cv/letter/non_cv_00300.tif,C:\Users\YassineSBOUI\Downloads\NON_CV\letter\0000904861.tif,.tif
non_cv_00301,non_cv,presentation,raw/non_cv/presentation/non_cv_00301.tif,C:\Users\YassineSBOUI\Downloads\NON_CV\presentation\2015021535_2015021540.tif,.tif
non_cv_00302,non_cv,invoice,raw/non_cv/invoice/non_cv_00302.tif,C:\Users\YassineSBOUI\Downloads\NON_CV\invoice\80211531.tif,.tif
non_cv_00303,non_cv,news_article,raw/non_cv/news_article/non_cv_00303.tif,C:\Users\YassineSBOUI\Downloads\NON_CV\news_article\ti16381749.tif,.tif
non_cv_00304,non_cv,budget,raw/non_cv/budget/non_cv_00304.tif,C:\Users\YassineSBOUI\Downloads\NON_CV\budget\tcal0348511.tif,.tif
non_cv_00305,non_cv,specification,raw/non_cv/specification/non_cv_00305.tif,C:\Users\YassineSBOUI\Downloads\NON_CV\specification\2057677802.tif,.tif
non_cv_00306,non_cv,file_folder,raw/non_cv/file_folder/non_cv_00306.tif,C:\Users\YassineSBOUI\Downloads\NON_CV\file_folder\2056976155.tif,.tif
non_cv_00307,non_cv,email,raw/non_cv/email/non_cv_00307.tif,C:\Users\YassineSBOUI\Downloads\NON_CV\email\525095781+-5781.tif,.tif
non_cv_00308,non_cv,letter,raw/non_cv/letter/non_cv_00308.tif,C:\Users\YassineSBOUI\Downloads\NON_CV\letter\0001453935.tif,.tif
non_cv_00309,non_cv,scientific_publication,raw/non_cv/scientific_publication/non_cv_00309.tif,C:\Users\YassineSBOUI\Downloads\NON_CV\scientific_publication\2051516398_2051516408.tif,.tif
non_cv_00310,non_cv,invoice,raw/non_cv/invoice/non_cv_00310.tif,C:\Users\YassineSBOUI\Downloads\NON_CV\invoice\50127323-7323.tif,.tif
non_cv_00311,non_cv,file_folder,raw/non_cv/file_folder/non_cv_00311.tif,C:\Users\YassineSBOUI\Downloads\NON_CV\file_folder\0060188645.tif,.tif
non_cv_00312,non_cv,specification,raw/non_cv/specification/non_cv_00312.tif,C:\Users\YassineSBOUI\Downloads\NON_CV\specification\2053578217_2053578218.tif,.tif
non_cv_00313,non_cv,letter,raw/non_cv/letter/non_cv_00313.tif,C:\Users\YassineSBOUI\Downloads\NON_CV\letter\508330972_508330974.tif,.tif
non_cv_00314,non_cv,handwritten,raw/non_cv/handwritten/non_cv_00314.tif,C:\Users\YassineSBOUI\Downloads\NON_CV\handwritten\517725485+-5486.tif,.tif
non_cv_00315,non_cv,presentation,raw/non_cv/presentation/non_cv_00315.tif,C:\Users\YassineSBOUI\Downloads\NON_CV\presentation\88029248.tif,.tif
non_cv_00316,non_cv,invoice,raw/non_cv/invoice/non_cv_00316.tif,C:\Users\YassineSBOUI\Downloads\NON_CV\invoice\2028715543.tif,.tif
non_cv_00317,non_cv,scientific_publication,raw/non_cv/scientific_publication/non_cv_00317.tif,C:\Users\YassineSBOUI\Downloads\NON_CV\scientific_publication\CTRSP-FILES008286-82.tif,.tif
non_cv_00318,non_cv,budget,raw/non_cv/budget/non_cv_00318.tif,C:\Users\YassineSBOUI\Downloads\NON_CV\budget\ti16811718.tif,.tif
non_cv_00319,non_cv,questionnaire,raw/non_cv/questionnaire/non_cv_00319.tif,C:\Users\YassineSBOUI\Downloads\NON_CV\questionnaire\84460012_84460017.tif,.tif
non_cv_00320,non_cv,scientific_report,raw/non_cv/scientific_report/non_cv_00320.tif,C:\Users\YassineSBOUI\Downloads\NON_CV\scientific_report\2046908072.tif,.tif
non_cv_00321,non_cv,file_folder,raw/non_cv/file_folder/non_cv_00321.tif,C:\Users\YassineSBOUI\Downloads\NON_CV\file_folder\2080158729.tif,.tif
non_cv_00322,non_cv,scientific_publication,raw/non_cv/scientific_publication/non_cv_00322.tif,C:\Users\YassineSBOUI\Downloads\NON_CV\scientific_publication\10201499.tif,.tif
non_cv_00323,non_cv,file_folder,raw/non_cv/file_folder/non_cv_00323.tif,C:\Users\YassineSBOUI\Downloads\NON_CV\file_folder\2070268598.tif,.tif
non_cv_00324,non_cv,resume,raw/non_cv/resume/non_cv_00324.tif,C:\Users\YassineSBOUI\Downloads\NON_CV\resume\50540926-0927.tif,.tif
non_cv_00325,non_cv,email,raw/non_cv/email/non_cv_00325.tif,C:\Users\YassineSBOUI\Downloads\NON_CV\email\2084391711.tif,.tif
non_cv_00326,non_cv,handwritten,raw/non_cv/handwritten/non_cv_00326.tif,C:\Users\YassineSBOUI\Downloads\NON_CV\handwritten\515559668+-9672.tif,.tif
non_cv_00327,non_cv,questionnaire,raw/non_cv/questionnaire/non_cv_00327.tif,C:\Users\YassineSBOUI\Downloads\NON_CV\questionnaire\2041485795.tif,.tif
non_cv_00328,non_cv,memo,raw/non_cv/memo/non_cv_00328.tif,C:\Users\YassineSBOUI\Downloads\NON_CV\memo\01399132.tif,.tif
non_cv_00329,non_cv,invoice,raw/non_cv/invoice/non_cv_00329.tif,C:\Users\YassineSBOUI\Downloads\NON_CV\invoice\89001492.tif,.tif
non_cv_00330,non_cv,news_article,raw/non_cv/news_article/non_cv_00330.tif,C:\Users\YassineSBOUI\Downloads\NON_CV\news_article\2084590812.tif,.tif
non_cv_00331,non_cv,questionnaire,raw/non_cv/questionnaire/non_cv_00331.tif,C:\Users\YassineSBOUI\Downloads\NON_CV\questionnaire\50203925-3926.tif,.tif
non_cv_00332,non_cv,scientific_report,raw/non_cv/scientific_report/non_cv_00332.tif,C:\Users\YassineSBOUI\Downloads\NON_CV\scientific_report\1004856479_1004856524.tif,.tif
non_cv_00333,non_cv,invoice,raw/non_cv/invoice/non_cv_00333.tif,C:\Users\YassineSBOUI\Downloads\NON_CV\invoice\2029370191.tif,.tif
non_cv_00334,non_cv,form,raw/non_cv/form/non_cv_00334.tif,C:\Users\YassineSBOUI\Downloads\NON_CV\form\2075084960.tif,.tif
non_cv_00335,non_cv,specification,raw/non_cv/specification/non_cv_00335.tif,C:\Users\YassineSBOUI\Downloads\NON_CV\specification\2069740295.tif,.tif
non_cv_00336,non_cv,budget,raw/non_cv/budget/non_cv_00336.tif,C:\Users\YassineSBOUI\Downloads\NON_CV\budget\tnwl0025419.tif,.tif
non_cv_00337,non_cv,file_folder,raw/non_cv/file_folder/non_cv_00337.tif,C:\Users\YassineSBOUI\Downloads\NON_CV\file_folder\0071065864.tif,.tif
non_cv_00338,non_cv,questionnaire,raw/non_cv/questionnaire/non_cv_00338.tif,C:\Users\YassineSBOUI\Downloads\NON_CV\questionnaire\tob03001.59_tob03001.62.tif,.tif
non_cv_00339,non_cv,scientific_report,raw/non_cv/scientific_report/non_cv_00339.tif,C:\Users\YassineSBOUI\Downloads\NON_CV\scientific_report\2028626874.tif,.tif
non_cv_00340,non_cv,budget,raw/non_cv/budget/non_cv_00340.tif,C:\Users\YassineSBOUI\Downloads\NON_CV\budget\92870868.tif,.tif
non_cv_00341,non_cv,invoice,raw/non_cv/invoice/non_cv_00341.tif,C:\Users\YassineSBOUI\Downloads\NON_CV\invoice\80701399.tif,.tif
non_cv_00342,non_cv,advertisement,raw/non_cv/advertisement/non_cv_00342.tif,C:\Users\YassineSBOUI\Downloads\NON_CV\advertisement\502219604.tif,.tif
non_cv_00343,non_cv,budget,raw/non_cv/budget/non_cv_00343.tif,C:\Users\YassineSBOUI\Downloads\NON_CV\budget\tob07117.62.tif,.tif
non_cv_00344,non_cv,budget,raw/non_cv/budget/non_cv_00344.tif,C:\Users\YassineSBOUI\Downloads\NON_CV\budget\2040964646_2040964671.tif,.tif
non_cv_00345,non_cv,scientific_report,raw/non_cv/scientific_report/non_cv_00345.tif,C:\Users\YassineSBOUI\Downloads\NON_CV\scientific_report\50264707-4723.tif,.tif
non_cv_00346,non_cv,invoice,raw/non_cv/invoice/non_cv_00346.tif,C:\Users\YassineSBOUI\Downloads\NON_CV\invoice\89000889.tif,.tif
non_cv_00347,non_cv,specification,raw/non_cv/specification/non_cv_00347.tif,C:\Users\YassineSBOUI\Downloads\NON_CV\specification\87401038.tif,.tif
non_cv_00348,non_cv,letter,raw/non_cv/letter/non_cv_00348.tif,C:\Users\YassineSBOUI\Downloads\NON_CV\letter\ti17210679.tif,.tif
non_cv_00349,non_cv,budget,raw/non_cv/budget/non_cv_00349.tif,C:\Users\YassineSBOUI\Downloads\NON_CV\budget\93382518.tif,.tif
non_cv_00350,non_cv,form,raw/non_cv/form/non_cv_00350.tif,C:\Users\YassineSBOUI\Downloads\NON_CV\form\507698459_507698461.tif,.tif
non_cv_00351,non_cv,resume,raw/non_cv/resume/non_cv_00351.tif,C:\Users\YassineSBOUI\Downloads\NON_CV\resume\50613712-3713.tif,.tif
non_cv_00352,non_cv,questionnaire,raw/non_cv/questionnaire/non_cv_00352.tif,C:\Users\YassineSBOUI\Downloads\NON_CV\questionnaire\0001217426.tif,.tif
non_cv_00353,non_cv,presentation,raw/non_cv/presentation/non_cv_00353.tif,C:\Users\YassineSBOUI\Downloads\NON_CV\presentation\2046685669.tif,.tif
non_cv_00354,non_cv,specification,raw/non_cv/specification/non_cv_00354.tif,C:\Users\YassineSBOUI\Downloads\NON_CV\specification\2057447409_2057447416.tif,.tif
non_cv_00355,non_cv,file_folder,raw/non_cv/file_folder/non_cv_00355.tif,C:\Users\YassineSBOUI\Downloads\NON_CV\file_folder\2071273458.tif,.tif
non_cv_00356,non_cv,letter,raw/non_cv/letter/non_cv_00356.tif,C:\Users\YassineSBOUI\Downloads\NON_CV\letter\2070394237.tif,.tif
non_cv_00357,non_cv,specification,raw/non_cv/specification/non_cv_00357.tif,C:\Users\YassineSBOUI\Downloads\NON_CV\specification\2057436036_2057436038.tif,.tif
non_cv_00358,non_cv,budget,raw/non_cv/budget/non_cv_00358.tif,C:\Users\YassineSBOUI\Downloads\NON_CV\budget\0000337800.tif,.tif
non_cv_00359,non_cv,memo,raw/non_cv/memo/non_cv_00359.tif,C:\Users\YassineSBOUI\Downloads\NON_CV\memo\2051123073.tif,.tif
non_cv_00360,non_cv,file_folder,raw/non_cv/file_folder/non_cv_00360.tif,C:\Users\YassineSBOUI\Downloads\NON_CV\file_folder\2024482463.tif,.tif
non_cv_00361,non_cv,scientific_publication,raw/non_cv/scientific_publication/non_cv_00361.tif,C:\Users\YassineSBOUI\Downloads\NON_CV\scientific_publication\2505529667_9672.tif,.tif
non_cv_00362,non_cv,memo,raw/non_cv/memo/non_cv_00362.tif,C:\Users\YassineSBOUI\Downloads\NON_CV\memo\1000843393.tif,.tif
non_cv_00363,non_cv,memo,raw/non_cv/memo/non_cv_00363.tif,C:\Users\YassineSBOUI\Downloads\NON_CV\memo\2056694378.tif,.tif
non_cv_00364,non_cv,letter,raw/non_cv/letter/non_cv_00364.tif,C:\Users\YassineSBOUI\Downloads\NON_CV\letter\1347400.tif,.tif
non_cv_00365,non_cv,resume,raw/non_cv/resume/non_cv_00365.tif,C:\Users\YassineSBOUI\Downloads\NON_CV\resume\50242305-2306.tif,.tif
non_cv_00366,non_cv,invoice,raw/non_cv/invoice/non_cv_00366.tif,C:\Users\YassineSBOUI\Downloads\NON_CV\invoice\92195207_92195214.tif,.tif
non_cv_00367,non_cv,file_folder,raw/non_cv/file_folder/non_cv_00367.tif,C:\Users\YassineSBOUI\Downloads\NON_CV\file_folder\10095034.tif,.tif
non_cv_00368,non_cv,questionnaire,raw/non_cv/questionnaire/non_cv_00368.tif,C:\Users\YassineSBOUI\Downloads\NON_CV\questionnaire\2054610284.tif,.tif
non_cv_00369,non_cv,news_article,raw/non_cv/news_article/non_cv_00369.tif,C:\Users\YassineSBOUI\Downloads\NON_CV\news_article\2080714491.tif,.tif
non_cv_00370,non_cv,handwritten,raw/non_cv/handwritten/non_cv_00370.tif,C:\Users\YassineSBOUI\Downloads\NON_CV\handwritten\502028253_502028254.tif,.tif
non_cv_00371,non_cv,news_article,raw/non_cv/news_article/non_cv_00371.tif,C:\Users\YassineSBOUI\Downloads\NON_CV\news_article\ti16830137_0138.tif,.tif
non_cv_00372,non_cv,form,raw/non_cv/form/non_cv_00372.tif,C:\Users\YassineSBOUI\Downloads\NON_CV\form\505833526_505833587.tif,.tif
non_cv_00373,non_cv,advertisement,raw/non_cv/advertisement/non_cv_00373.tif,C:\Users\YassineSBOUI\Downloads\NON_CV\advertisement\502591086+-1086.tif,.tif
non_cv_00374,non_cv,letter,raw/non_cv/letter/non_cv_00374.tif,C:\Users\YassineSBOUI\Downloads\NON_CV\letter\500540601.tif,.tif
non_cv_00375,non_cv,advertisement,raw/non_cv/advertisement/non_cv_00375.tif,C:\Users\YassineSBOUI\Downloads\NON_CV\advertisement\2083719150.tif,.tif
non_cv_00376,non_cv,presentation,raw/non_cv/presentation/non_cv_00376.tif,C:\Users\YassineSBOUI\Downloads\NON_CV\presentation\0060266630.tif,.tif
non_cv_00377,non_cv,advertisement,raw/non_cv/advertisement/non_cv_00377.tif,C:\Users\YassineSBOUI\Downloads\NON_CV\advertisement\2045604595.tif,.tif
non_cv_00378,non_cv,questionnaire,raw/non_cv/questionnaire/non_cv_00378.tif,C:\Users\YassineSBOUI\Downloads\NON_CV\questionnaire\0001166523.tif,.tif
non_cv_00379,non_cv,presentation,raw/non_cv/presentation/non_cv_00379.tif,C:\Users\YassineSBOUI\Downloads\NON_CV\presentation\2022831579_2022831587.tif,.tif
non_cv_00380,non_cv,budget,raw/non_cv/budget/non_cv_00380.tif,C:\Users\YassineSBOUI\Downloads\NON_CV\budget\92154013_92154024.tif,.tif
non_cv_00381,non_cv,scientific_publication,raw/non_cv/scientific_publication/non_cv_00381.tif,C:\Users\YassineSBOUI\Downloads\NON_CV\scientific_publication\50265609-5609.tif,.tif
non_cv_00382,non_cv,memo,raw/non_cv/memo/non_cv_00382.tif,C:\Users\YassineSBOUI\Downloads\NON_CV\memo\0000076712.tif,.tif
non_cv_00383,non_cv,resume,raw/non_cv/resume/non_cv_00383.tif,C:\Users\YassineSBOUI\Downloads\NON_CV\resume\50374156-4157.tif,.tif
non_cv_00384,non_cv,letter,raw/non_cv/letter/non_cv_00384.tif,C:\Users\YassineSBOUI\Downloads\NON_CV\letter\514765839+-5841.tif,.tif
non_cv_00385,non_cv,resume,raw/non_cv/resume/non_cv_00385.tif,C:\Users\YassineSBOUI\Downloads\NON_CV\resume\2073346571_6572.tif,.tif
non_cv_00386,non_cv,form,raw/non_cv/form/non_cv_00386.tif,C:\Users\YassineSBOUI\Downloads\NON_CV\form\2070673023.tif,.tif
non_cv_00387,non_cv,memo,raw/non_cv/memo/non_cv_00387.tif,C:\Users\YassineSBOUI\Downloads\NON_CV\memo\89233176.tif,.tif
non_cv_00388,non_cv,budget,raw/non_cv/budget/non_cv_00388.tif,C:\Users\YassineSBOUI\Downloads\NON_CV\budget\2041952958.tif,.tif
non_cv_00389,non_cv,questionnaire,raw/non_cv/questionnaire/non_cv_00389.tif,C:\Users\YassineSBOUI\Downloads\NON_CV\questionnaire\522769342+-9343.tif,.tif
non_cv_00390,non_cv,scientific_publication,raw/non_cv/scientific_publication/non_cv_00390.tif,C:\Users\YassineSBOUI\Downloads\NON_CV\scientific_publication\50406748-6748.tif,.tif
non_cv_00391,non_cv,letter,raw/non_cv/letter/non_cv_00391.tif,C:\Users\YassineSBOUI\Downloads\NON_CV\letter\98632428.tif,.tif
non_cv_00392,non_cv,form,raw/non_cv/form/non_cv_00392.tif,C:\Users\YassineSBOUI\Downloads\NON_CV\form\87400619.tif,.tif
non_cv_00393,non_cv,letter,raw/non_cv/letter/non_cv_00393.tif,C:\Users\YassineSBOUI\Downloads\NON_CV\letter\60025120_60025122.tif,.tif
non_cv_00394,non_cv,specification,raw/non_cv/specification/non_cv_00394.tif,C:\Users\YassineSBOUI\Downloads\NON_CV\specification\0000064049.tif,.tif
non_cv_00395,non_cv,news_article,raw/non_cv/news_article/non_cv_00395.tif,C:\Users\YassineSBOUI\Downloads\NON_CV\news_article\corti0013642.tif,.tif
non_cv_00396,non_cv,resume,raw/non_cv/resume/non_cv_00396.tif,C:\Users\YassineSBOUI\Downloads\NON_CV\resume\50534451-4452.tif,.tif
non_cv_00397,non_cv,news_article,raw/non_cv/news_article/non_cv_00397.tif,C:\Users\YassineSBOUI\Downloads\NON_CV\news_article\tob13610.97.tif,.tif
non_cv_00398,non_cv,resume,raw/non_cv/resume/non_cv_00398.tif,C:\Users\YassineSBOUI\Downloads\NON_CV\resume\50445722-5723.tif,.tif
non_cv_00399,non_cv,news_article,raw/non_cv/news_article/non_cv_00399.tif,C:\Users\YassineSBOUI\Downloads\NON_CV\news_article\1005035370.tif,.tif
non_cv_00400,non_cv,budget,raw/non_cv/budget/non_cv_00400.tif,C:\Users\YassineSBOUI\Downloads\NON_CV\budget\04003308.tif,.tif
non_cv_00401,non_cv,presentation,raw/non_cv/presentation/non_cv_00401.tif,C:\Users\YassineSBOUI\Downloads\NON_CV\presentation\2029022108.tif,.tif
non_cv_00402,non_cv,advertisement,raw/non_cv/advertisement/non_cv_00402.tif,C:\Users\YassineSBOUI\Downloads\NON_CV\advertisement\501948018.tif,.tif
non_cv_00403,non_cv,handwritten,raw/non_cv/handwritten/non_cv_00403.tif,C:\Users\YassineSBOUI\Downloads\NON_CV\handwritten\517238824+-8825.tif,.tif
non_cv_00404,non_cv,resume,raw/non_cv/resume/non_cv_00404.tif,C:\Users\YassineSBOUI\Downloads\NON_CV\resume\50443028-3029.tif,.tif
non_cv_00405,non_cv,memo,raw/non_cv/memo/non_cv_00405.tif,C:\Users\YassineSBOUI\Downloads\NON_CV\memo\0001199959.tif,.tif
non_cv_00406,non_cv,presentation,raw/non_cv/presentation/non_cv_00406.tif,C:\Users\YassineSBOUI\Downloads\NON_CV\presentation\2048693451.tif,.tif
non_cv_00407,non_cv,invoice,raw/non_cv/invoice/non_cv_00407.tif,C:\Users\YassineSBOUI\Downloads\NON_CV\invoice\2028741327_2028741328.tif,.tif
non_cv_00408,non_cv,resume,raw/non_cv/resume/non_cv_00408.tif,C:\Users\YassineSBOUI\Downloads\NON_CV\resume\50407244-7245.tif,.tif
non_cv_00409,non_cv,memo,raw/non_cv/memo/non_cv_00409.tif,C:\Users\YassineSBOUI\Downloads\NON_CV\memo\2074359370.tif,.tif
non_cv_00410,non_cv,memo,raw/non_cv/memo/non_cv_00410.tif,C:\Users\YassineSBOUI\Downloads\NON_CV\memo\2051083093.tif,.tif
non_cv_00411,non_cv,questionnaire,raw/non_cv/questionnaire/non_cv_00411.tif,C:\Users\YassineSBOUI\Downloads\NON_CV\questionnaire\0060024429.tif,.tif
non_cv_00412,non_cv,specification,raw/non_cv/specification/non_cv_00412.tif,C:\Users\YassineSBOUI\Downloads\NON_CV\specification\2031297179.tif,.tif
non_cv_00413,non_cv,questionnaire,raw/non_cv/questionnaire/non_cv_00413.tif,C:\Users\YassineSBOUI\Downloads\NON_CV\questionnaire\522195370+-5379.tif,.tif
non_cv_00414,non_cv,scientific_publication,raw/non_cv/scientific_publication/non_cv_00414.tif,C:\Users\YassineSBOUI\Downloads\NON_CV\scientific_publication\10323874_10323884.tif,.tif
non_cv_00415,non_cv,form,raw/non_cv/form/non_cv_00415.tif,C:\Users\YassineSBOUI\Downloads\NON_CV\form\2048461121.tif,.tif
non_cv_00416,non_cv,form,raw/non_cv/form/non_cv_00416.tif,C:\Users\YassineSBOUI\Downloads\NON_CV\form\2083865362.tif,.tif
non_cv_00417,non_cv,scientific_report,raw/non_cv/scientific_report/non_cv_00417.tif,C:\Users\YassineSBOUI\Downloads\NON_CV\scientific_report\2050878905_8908.tif,.tif
non_cv_00418,non_cv,scientific_publication,raw/non_cv/scientific_publication/non_cv_00418.tif,C:\Users\YassineSBOUI\Downloads\NON_CV\scientific_publication\50520052-0053.tif,.tif
non_cv_00419,non_cv,advertisement,raw/non_cv/advertisement/non_cv_00419.tif,C:\Users\YassineSBOUI\Downloads\NON_CV\advertisement\2061002278.tif,.tif
non_cv_00420,non_cv,form,raw/non_cv/form/non_cv_00420.tif,C:\Users\YassineSBOUI\Downloads\NON_CV\form\2025995341.tif,.tif
non_cv_00421,non_cv,advertisement,raw/non_cv/advertisement/non_cv_00421.tif,C:\Users\YassineSBOUI\Downloads\NON_CV\advertisement\0030049210.tif,.tif
non_cv_00422,non_cv,news_article,raw/non_cv/news_article/non_cv_00422.tif,C:\Users\YassineSBOUI\Downloads\NON_CV\news_article\tnwl0044692.tif,.tif
non_cv_00423,non_cv,advertisement,raw/non_cv/advertisement/non_cv_00423.tif,C:\Users\YassineSBOUI\Downloads\NON_CV\advertisement\2084412623_2624.tif,.tif
non_cv_00424,non_cv,resume,raw/non_cv/resume/non_cv_00424.tif,C:\Users\YassineSBOUI\Downloads\NON_CV\resume\50411107-1110.tif,.tif
non_cv_00425,non_cv,handwritten,raw/non_cv/handwritten/non_cv_00425.tif,C:\Users\YassineSBOUI\Downloads\NON_CV\handwritten\518227832+-7833.tif,.tif
non_cv_00426,non_cv,file_folder,raw/non_cv/file_folder/non_cv_00426.tif,C:\Users\YassineSBOUI\Downloads\NON_CV\file_folder\2504066413.tif,.tif
non_cv_00427,non_cv,questionnaire,raw/non_cv/questionnaire/non_cv_00427.tif,C:\Users\YassineSBOUI\Downloads\NON_CV\questionnaire\0000074236.tif,.tif
non_cv_00428,non_cv,email,raw/non_cv/email/non_cv_00428.tif,C:\Users\YassineSBOUI\Downloads\NON_CV\email\2081501233b.tif,.tif
non_cv_00429,non_cv,specification,raw/non_cv/specification/non_cv_00429.tif,C:\Users\YassineSBOUI\Downloads\NON_CV\specification\2505157082_7087.tif,.tif
non_cv_00430,non_cv,form,raw/non_cv/form/non_cv_00430.tif,C:\Users\YassineSBOUI\Downloads\NON_CV\form\2050662661_2050662665.tif,.tif
non_cv_00431,non_cv,form,raw/non_cv/form/non_cv_00431.tif,C:\Users\YassineSBOUI\Downloads\NON_CV\form\2083852423.tif,.tif
non_cv_00432,non_cv,handwritten,raw/non_cv/handwritten/non_cv_00432.tif,C:\Users\YassineSBOUI\Downloads\NON_CV\handwritten\518141652+-1654.tif,.tif
non_cv_00433,non_cv,email,raw/non_cv/email/non_cv_00433.tif,C:\Users\YassineSBOUI\Downloads\NON_CV\email\2085774766a.tif,.tif
non_cv_00434,non_cv,handwritten,raw/non_cv/handwritten/non_cv_00434.tif,C:\Users\YassineSBOUI\Downloads\NON_CV\handwritten\522716537+-6538.tif,.tif
non_cv_00435,non_cv,advertisement,raw/non_cv/advertisement/non_cv_00435.tif,C:\Users\YassineSBOUI\Downloads\NON_CV\advertisement\507347136+-7136.tif,.tif
non_cv_00436,non_cv,news_article,raw/non_cv/news_article/non_cv_00436.tif,C:\Users\YassineSBOUI\Downloads\NON_CV\news_article\83768931.tif,.tif
non_cv_00437,non_cv,email,raw/non_cv/email/non_cv_00437.tif,C:\Users\YassineSBOUI\Downloads\NON_CV\email\2083647735c.tif,.tif
non_cv_00438,non_cv,advertisement,raw/non_cv/advertisement/non_cv_00438.tif,C:\Users\YassineSBOUI\Downloads\NON_CV\advertisement\2071712408.tif,.tif
non_cv_00439,non_cv,scientific_publication,raw/non_cv/scientific_publication/non_cv_00439.tif,C:\Users\YassineSBOUI\Downloads\NON_CV\scientific_publication\50708025-8025.tif,.tif
non_cv_00440,non_cv,resume,raw/non_cv/resume/non_cv_00440.tif,C:\Users\YassineSBOUI\Downloads\NON_CV\resume\50542426-2427.tif,.tif
non_cv_00441,non_cv,memo,raw/non_cv/memo/non_cv_00441.tif,C:\Users\YassineSBOUI\Downloads\NON_CV\memo\2024733484.tif,.tif
non_cv_00442,non_cv,email,raw/non_cv/email/non_cv_00442.tif,C:\Users\YassineSBOUI\Downloads\NON_CV\email\2083648146.tif,.tif
non_cv_00443,non_cv,invoice,raw/non_cv/invoice/non_cv_00443.tif,C:\Users\YassineSBOUI\Downloads\NON_CV\invoice\2028713878.tif,.tif
non_cv_00444,non_cv,memo,raw/non_cv/memo/non_cv_00444.tif,C:\Users\YassineSBOUI\Downloads\NON_CV\memo\85083235_3238.tif,.tif
non_cv_00445,non_cv,budget,raw/non_cv/budget/non_cv_00445.tif,C:\Users\YassineSBOUI\Downloads\NON_CV\budget\2063249217.tif,.tif
non_cv_00446,non_cv,presentation,raw/non_cv/presentation/non_cv_00446.tif,C:\Users\YassineSBOUI\Downloads\NON_CV\presentation\2072557544_7549.tif,.tif
non_cv_00447,non_cv,file_folder,raw/non_cv/file_folder/non_cv_00447.tif,C:\Users\YassineSBOUI\Downloads\NON_CV\file_folder\2077767210.tif,.tif
non_cv_00448,non_cv,scientific_report,raw/non_cv/scientific_report/non_cv_00448.tif,C:\Users\YassineSBOUI\Downloads\NON_CV\scientific_report\2501804470.tif,.tif
non_cv_00449,non_cv,letter,raw/non_cv/letter/non_cv_00449.tif,C:\Users\YassineSBOUI\Downloads\NON_CV\letter\1005128365.tif,.tif
non_cv_00450,non_cv,resume,raw/non_cv/resume/non_cv_00450.tif,C:\Users\YassineSBOUI\Downloads\NON_CV\resume\50727448-7449.tif,.tif
non_cv_00451,non_cv,email,raw/non_cv/email/non_cv_00451.tif,C:\Users\YassineSBOUI\Downloads\NON_CV\email\2505107469b.tif,.tif
non_cv_00452,non_cv,scientific_report,raw/non_cv/scientific_report/non_cv_00452.tif,C:\Users\YassineSBOUI\Downloads\NON_CV\scientific_report\87635940.tif,.tif
non_cv_00453,non_cv,file_folder,raw/non_cv/file_folder/non_cv_00453.tif,C:\Users\YassineSBOUI\Downloads\NON_CV\file_folder\0060321582.tif,.tif
non_cv_00454,non_cv,specification,raw/non_cv/specification/non_cv_00454.tif,C:\Users\YassineSBOUI\Downloads\NON_CV\specification\2057429893_2057429894.tif,.tif
non_cv_00455,non_cv,form,raw/non_cv/form/non_cv_00455.tif,C:\Users\YassineSBOUI\Downloads\NON_CV\form\2076256126.tif,.tif
non_cv_00456,non_cv,email,raw/non_cv/email/non_cv_00456.tif,C:\Users\YassineSBOUI\Downloads\NON_CV\email\2078778926.tif,.tif
non_cv_00457,non_cv,presentation,raw/non_cv/presentation/non_cv_00457.tif,C:\Users\YassineSBOUI\Downloads\NON_CV\presentation\04160080_04160102.tif,.tif
non_cv_00458,non_cv,invoice,raw/non_cv/invoice/non_cv_00458.tif,C:\Users\YassineSBOUI\Downloads\NON_CV\invoice\2071030591.tif,.tif
non_cv_00459,non_cv,file_folder,raw/non_cv/file_folder/non_cv_00459.tif,C:\Users\YassineSBOUI\Downloads\NON_CV\file_folder\2071226195.tif,.tif
non_cv_00460,non_cv,presentation,raw/non_cv/presentation/non_cv_00460.tif,C:\Users\YassineSBOUI\Downloads\NON_CV\presentation\2078875831_5832.tif,.tif
non_cv_00461,non_cv,email,raw/non_cv/email/non_cv_00461.tif,C:\Users\YassineSBOUI\Downloads\NON_CV\email\520854870+-4870.tif,.tif
non_cv_00462,non_cv,file_folder,raw/non_cv/file_folder/non_cv_00462.tif,C:\Users\YassineSBOUI\Downloads\NON_CV\file_folder\2046027520.tif,.tif
non_cv_00463,non_cv,resume,raw/non_cv/resume/non_cv_00463.tif,C:\Users\YassineSBOUI\Downloads\NON_CV\resume\50513494-3495.tif,.tif
non_cv_00464,non_cv,file_folder,raw/non_cv/file_folder/non_cv_00464.tif,C:\Users\YassineSBOUI\Downloads\NON_CV\file_folder\2070382974.tif,.tif
non_cv_00465,non_cv,presentation,raw/non_cv/presentation/non_cv_00465.tif,C:\Users\YassineSBOUI\Downloads\NON_CV\presentation\2048375257.tif,.tif
non_cv_00466,non_cv,email,raw/non_cv/email/non_cv_00466.tif,C:\Users\YassineSBOUI\Downloads\NON_CV\email\2085753277a.tif,.tif
non_cv_00467,non_cv,news_article,raw/non_cv/news_article/non_cv_00467.tif,C:\Users\YassineSBOUI\Downloads\NON_CV\news_article\2070868451.tif,.tif
non_cv_00468,non_cv,form,raw/non_cv/form/non_cv_00468.tif,C:\Users\YassineSBOUI\Downloads\NON_CV\form\2029020880.tif,.tif
non_cv_00469,non_cv,presentation,raw/non_cv/presentation/non_cv_00469.tif,C:\Users\YassineSBOUI\Downloads\NON_CV\presentation\2071906201_6207.tif,.tif
non_cv_00470,non_cv,scientific_publication,raw/non_cv/scientific_publication/non_cv_00470.tif,C:\Users\YassineSBOUI\Downloads\NON_CV\scientific_publication\2021180354_2021180363.tif,.tif
non_cv_00471,non_cv,letter,raw/non_cv/letter/non_cv_00471.tif,C:\Users\YassineSBOUI\Downloads\NON_CV\letter\2001204301.tif,.tif
non_cv_00472,non_cv,email,raw/non_cv/email/non_cv_00472.tif,C:\Users\YassineSBOUI\Downloads\NON_CV\email\2074946394.tif,.tif
non_cv_00473,non_cv,advertisement,raw/non_cv/advertisement/non_cv_00473.tif,C:\Users\YassineSBOUI\Downloads\NON_CV\advertisement\516425374+-5374.tif,.tif
non_cv_00474,non_cv,scientific_report,raw/non_cv/scientific_report/non_cv_00474.tif,C:\Users\YassineSBOUI\Downloads\NON_CV\scientific_report\2056712728_2056712729.tif,.tif
non_cv_00475,non_cv,resume,raw/non_cv/resume/non_cv_00475.tif,C:\Users\YassineSBOUI\Downloads\NON_CV\resume\50507254-7255.tif,.tif
non_cv_00476,non_cv,file_folder,raw/non_cv/file_folder/non_cv_00476.tif,C:\Users\YassineSBOUI\Downloads\NON_CV\file_folder\0060312024.tif,.tif
non_cv_00477,non_cv,memo,raw/non_cv/memo/non_cv_00477.tif,C:\Users\YassineSBOUI\Downloads\NON_CV\memo\2029236668.tif,.tif
non_cv_00478,non_cv,file_folder,raw/non_cv/file_folder/non_cv_00478.tif,C:\Users\YassineSBOUI\Downloads\NON_CV\file_folder\0060150837.tif,.tif
non_cv_00479,non_cv,memo,raw/non_cv/memo/non_cv_00479.tif,C:\Users\YassineSBOUI\Downloads\NON_CV\memo\1000023059.tif,.tif
non_cv_00480,non_cv,scientific_report,raw/non_cv/scientific_report/non_cv_00480.tif,C:\Users\YassineSBOUI\Downloads\NON_CV\scientific_report\80003738_80004390.tif,.tif
non_cv_00481,non_cv,questionnaire,raw/non_cv/questionnaire/non_cv_00481.tif,C:\Users\YassineSBOUI\Downloads\NON_CV\questionnaire\501510371_501510374.tif,.tif
non_cv_00482,non_cv,invoice,raw/non_cv/invoice/non_cv_00482.tif,C:\Users\YassineSBOUI\Downloads\NON_CV\invoice\518252577+-2582f.tif,.tif
non_cv_00483,non_cv,resume,raw/non_cv/resume/non_cv_00483.tif,C:\Users\YassineSBOUI\Downloads\NON_CV\resume\50459934-9935.tif,.tif
non_cv_00484,non_cv,advertisement,raw/non_cv/advertisement/non_cv_00484.tif,C:\Users\YassineSBOUI\Downloads\NON_CV\advertisement\2070421658.tif,.tif
non_cv_00485,non_cv,advertisement,raw/non_cv/advertisement/non_cv_00485.tif,C:\Users\YassineSBOUI\Downloads\NON_CV\advertisement\13158647.tif,.tif
non_cv_00486,non_cv,questionnaire,raw/non_cv/questionnaire/non_cv_00486.tif,C:\Users\YassineSBOUI\Downloads\NON_CV\questionnaire\506282529.tif,.tif
non_cv_00487,non_cv,resume,raw/non_cv/resume/non_cv_00487.tif,C:\Users\YassineSBOUI\Downloads\NON_CV\resume\40041342-1343.tif,.tif
non_cv_00488,non_cv,presentation,raw/non_cv/presentation/non_cv_00488.tif,C:\Users\YassineSBOUI\Downloads\NON_CV\presentation\2040242105_2040242116.tif,.tif
non_cv_00489,non_cv,file_folder,raw/non_cv/file_folder/non_cv_00489.tif,C:\Users\YassineSBOUI\Downloads\NON_CV\file_folder\2031579005.tif,.tif
non_cv_00490,non_cv,news_article,raw/non_cv/news_article/non_cv_00490.tif,C:\Users\YassineSBOUI\Downloads\NON_CV\news_article\2057788988c.tif,.tif
non_cv_00491,non_cv,budget,raw/non_cv/budget/non_cv_00491.tif,C:\Users\YassineSBOUI\Downloads\NON_CV\budget\96096725_6726.tif,.tif
non_cv_00492,non_cv,specification,raw/non_cv/specification/non_cv_00492.tif,C:\Users\YassineSBOUI\Downloads\NON_CV\specification\2031316183.tif,.tif
non_cv_00493,non_cv,advertisement,raw/non_cv/advertisement/non_cv_00493.tif,C:\Users\YassineSBOUI\Downloads\NON_CV\advertisement\2063737954.tif,.tif
non_cv_00494,non_cv,form,raw/non_cv/form/non_cv_00494.tif,C:\Users\YassineSBOUI\Downloads\NON_CV\form\2071154490.tif,.tif
non_cv_00495,non_cv,memo,raw/non_cv/memo/non_cv_00495.tif,C:\Users\YassineSBOUI\Downloads\NON_CV\memo\1000262703.tif,.tif
non_cv_00496,non_cv,letter,raw/non_cv/letter/non_cv_00496.tif,C:\Users\YassineSBOUI\Downloads\NON_CV\letter\503512815.tif,.tif
non_cv_00497,non_cv,resume,raw/non_cv/resume/non_cv_00497.tif,C:\Users\YassineSBOUI\Downloads\NON_CV\resume\50733180-3181.tif,.tif
non_cv_00498,non_cv,presentation,raw/non_cv/presentation/non_cv_00498.tif,C:\Users\YassineSBOUI\Downloads\NON_CV\presentation\92035657.tif,.tif
non_cv_00499,non_cv,form,raw/non_cv/form/non_cv_00499.tif,C:\Users\YassineSBOUI\Downloads\NON_CV\form\2050662962_2050662966.tif,.tif
non_cv_00500,non_cv,budget,raw/non_cv/budget/non_cv_00500.tif,C:\Users\YassineSBOUI\Downloads\NON_CV\budget\11008244.tif,.tif
non_cv_00501,non_cv,resume,raw/non_cv/resume/non_cv_00501.tif,C:\Users\YassineSBOUI\Downloads\NON_CV\resume\50579204-9205.tif,.tif
non_cv_00502,non_cv,scientific_publication,raw/non_cv/scientific_publication/non_cv_00502.tif,C:\Users\YassineSBOUI\Downloads\NON_CV\scientific_publication\50578728-8728.tif,.tif
non_cv_00503,non_cv,letter,raw/non_cv/letter/non_cv_00503.tif,C:\Users\YassineSBOUI\Downloads\NON_CV\letter\10214305.tif,.tif
non_cv_00504,non_cv,questionnaire,raw/non_cv/questionnaire/non_cv_00504.tif,C:\Users\YassineSBOUI\Downloads\NON_CV\questionnaire\01838036_8040.tif,.tif
non_cv_00505,non_cv,invoice,raw/non_cv/invoice/non_cv_00505.tif,C:\Users\YassineSBOUI\Downloads\NON_CV\invoice\2072957954.tif,.tif
non_cv_00506,non_cv,handwritten,raw/non_cv/handwritten/non_cv_00506.tif,C:\Users\YassineSBOUI\Downloads\NON_CV\handwritten\505968039_505968040.tif,.tif
non_cv_00507,non_cv,letter,raw/non_cv/letter/non_cv_00507.tif,C:\Users\YassineSBOUI\Downloads\NON_CV\letter\89203976.tif,.tif
non_cv_00508,non_cv,scientific_publication,raw/non_cv/scientific_publication/non_cv_00508.tif,C:\Users\YassineSBOUI\Downloads\NON_CV\scientific_publication\50594149-4155.tif,.tif
non_cv_00509,non_cv,advertisement,raw/non_cv/advertisement/non_cv_00509.tif,C:\Users\YassineSBOUI\Downloads\NON_CV\advertisement\12119520.tif,.tif
non_cv_00510,non_cv,questionnaire,raw/non_cv/questionnaire/non_cv_00510.tif,C:\Users\YassineSBOUI\Downloads\NON_CV\questionnaire\518219749+-9750.tif,.tif
non_cv_00511,non_cv,form,raw/non_cv/form/non_cv_00511.tif,C:\Users\YassineSBOUI\Downloads\NON_CV\form\2029178883_8884.tif,.tif
non_cv_00512,non_cv,questionnaire,raw/non_cv/questionnaire/non_cv_00512.tif,C:\Users\YassineSBOUI\Downloads\NON_CV\questionnaire\10087301_10087313.tif,.tif
non_cv_00513,non_cv,memo,raw/non_cv/memo/non_cv_00513.tif,C:\Users\YassineSBOUI\Downloads\NON_CV\memo\866465.tif,.tif
non_cv_00514,non_cv,scientific_publication,raw/non_cv/scientific_publication/non_cv_00514.tif,C:\Users\YassineSBOUI\Downloads\NON_CV\scientific_publication\10405800.tif,.tif
non_cv_00515,non_cv,questionnaire,raw/non_cv/questionnaire/non_cv_00515.tif,C:\Users\YassineSBOUI\Downloads\NON_CV\questionnaire\93107822.tif,.tif
non_cv_00516,non_cv,questionnaire,raw/non_cv/questionnaire/non_cv_00516.tif,C:\Users\YassineSBOUI\Downloads\NON_CV\questionnaire\0012199138.tif,.tif
non_cv_00517,non_cv,email,raw/non_cv/email/non_cv_00517.tif,C:\Users\YassineSBOUI\Downloads\NON_CV\email\2084390927a.tif,.tif
non_cv_00518,non_cv,form,raw/non_cv/form/non_cv_00518.tif,C:\Users\YassineSBOUI\Downloads\NON_CV\form\509340023+-0024.tif,.tif
non_cv_00519,non_cv,email,raw/non_cv/email/non_cv_00519.tif,C:\Users\YassineSBOUI\Downloads\NON_CV\email\2074373407.tif,.tif
non_cv_00520,non_cv,budget,raw/non_cv/budget/non_cv_00520.tif,C:\Users\YassineSBOUI\Downloads\NON_CV\budget\2040263309.tif,.tif
non_cv_00521,non_cv,email,raw/non_cv/email/non_cv_00521.tif,C:\Users\YassineSBOUI\Downloads\NON_CV\email\2072356297c.tif,.tif
non_cv_00522,non_cv,news_article,raw/non_cv/news_article/non_cv_00522.tif,C:\Users\YassineSBOUI\Downloads\NON_CV\news_article\1002647502_1002647503.tif,.tif
non_cv_00523,non_cv,advertisement,raw/non_cv/advertisement/non_cv_00523.tif,C:\Users\YassineSBOUI\Downloads\NON_CV\advertisement\0000435359.tif,.tif
non_cv_00524,non_cv,resume,raw/non_cv/resume/non_cv_00524.tif,C:\Users\YassineSBOUI\Downloads\NON_CV\resume\50668942-8943.tif,.tif
non_cv_00525,non_cv,form,raw/non_cv/form/non_cv_00525.tif,C:\Users\YassineSBOUI\Downloads\NON_CV\form\2076200729.tif,.tif
non_cv_00526,non_cv,form,raw/non_cv/form/non_cv_00526.tif,C:\Users\YassineSBOUI\Downloads\NON_CV\form\2054957086.tif,.tif
non_cv_00527,non_cv,handwritten,raw/non_cv/handwritten/non_cv_00527.tif,C:\Users\YassineSBOUI\Downloads\NON_CV\handwritten\522659618+-9619.tif,.tif
non_cv_00528,non_cv,file_folder,raw/non_cv/file_folder/non_cv_00528.tif,C:\Users\YassineSBOUI\Downloads\NON_CV\file_folder\2061668885.tif,.tif
non_cv_00529,non_cv,resume,raw/non_cv/resume/non_cv_00529.tif,C:\Users\YassineSBOUI\Downloads\NON_CV\resume\2023484592_2023484604.tif,.tif
non_cv_00530,non_cv,resume,raw/non_cv/resume/non_cv_00530.tif,C:\Users\YassineSBOUI\Downloads\NON_CV\resume\50273109-3114.tif,.tif
non_cv_00531,non_cv,specification,raw/non_cv/specification/non_cv_00531.tif,C:\Users\YassineSBOUI\Downloads\NON_CV\specification\2057639596.tif,.tif
non_cv_00532,non_cv,budget,raw/non_cv/budget/non_cv_00532.tif,C:\Users\YassineSBOUI\Downloads\NON_CV\budget\ti16810077.tif,.tif
non_cv_00533,non_cv,budget,raw/non_cv/budget/non_cv_00533.tif,C:\Users\YassineSBOUI\Downloads\NON_CV\budget\89701297_1330.tif,.tif
non_cv_00534,non_cv,invoice,raw/non_cv/invoice/non_cv_00534.tif,C:\Users\YassineSBOUI\Downloads\NON_CV\invoice\2076334663.tif,.tif
non_cv_00535,non_cv,scientific_report,raw/non_cv/scientific_report/non_cv_00535.tif,C:\Users\YassineSBOUI\Downloads\NON_CV\scientific_report\2028903191.tif,.tif
non_cv_00536,non_cv,resume,raw/non_cv/resume/non_cv_00536.tif,C:\Users\YassineSBOUI\Downloads\NON_CV\resume\50200918-0919.tif,.tif
non_cv_00537,non_cv,form,raw/non_cv/form/non_cv_00537.tif,C:\Users\YassineSBOUI\Downloads\NON_CV\form\2076373526.tif,.tif
non_cv_00538,non_cv,presentation,raw/non_cv/presentation/non_cv_00538.tif,C:\Users\YassineSBOUI\Downloads\NON_CV\presentation\03624432_03624438.tif,.tif
non_cv_00539,non_cv,invoice,raw/non_cv/invoice/non_cv_00539.tif,C:\Users\YassineSBOUI\Downloads\NON_CV\invoice\524413074+-3074.tif,.tif
non_cv_00540,non_cv,resume,raw/non_cv/resume/non_cv_00540.tif,C:\Users\YassineSBOUI\Downloads\NON_CV\resume\50241663-1664.tif,.tif
non_cv_00541,non_cv,resume,raw/non_cv/resume/non_cv_00541.tif,C:\Users\YassineSBOUI\Downloads\NON_CV\resume\40045057-5058.tif,.tif
non_cv_00542,non_cv,form,raw/non_cv/form/non_cv_00542.tif,C:\Users\YassineSBOUI\Downloads\NON_CV\form\2065163376.tif,.tif
non_cv_00543,non_cv,form,raw/non_cv/form/non_cv_00543.tif,C:\Users\YassineSBOUI\Downloads\NON_CV\form\506939702.tif,.tif
non_cv_00544,non_cv,resume,raw/non_cv/resume/non_cv_00544.tif,C:\Users\YassineSBOUI\Downloads\NON_CV\resume\1000243912_1000243920.tif,.tif
non_cv_00545,non_cv,resume,raw/non_cv/resume/non_cv_00545.tif,C:\Users\YassineSBOUI\Downloads\NON_CV\resume\50570246-0247.tif,.tif
non_cv_00546,non_cv,presentation,raw/non_cv/presentation/non_cv_00546.tif,C:\Users\YassineSBOUI\Downloads\NON_CV\presentation\2072129311_9312.tif,.tif
non_cv_00547,non_cv,file_folder,raw/non_cv/file_folder/non_cv_00547.tif,C:\Users\YassineSBOUI\Downloads\NON_CV\file_folder\0060064550.tif,.tif
non_cv_00548,non_cv,specification,raw/non_cv/specification/non_cv_00548.tif,C:\Users\YassineSBOUI\Downloads\NON_CV\specification\2069727768.tif,.tif
non_cv_00549,non_cv,presentation,raw/non_cv/presentation/non_cv_00549.tif,C:\Users\YassineSBOUI\Downloads\NON_CV\presentation\0060304832.tif,.tif
non_cv_00550,non_cv,news_article,raw/non_cv/news_article/non_cv_00550.tif,C:\Users\YassineSBOUI\Downloads\NON_CV\news_article\2070691628.tif,.tif
non_cv_00551,non_cv,specification,raw/non_cv/specification/non_cv_00551.tif,C:\Users\YassineSBOUI\Downloads\NON_CV\specification\2069711850.tif,.tif
non_cv_00552,non_cv,advertisement,raw/non_cv/advertisement/non_cv_00552.tif,C:\Users\YassineSBOUI\Downloads\NON_CV\advertisement\509135385_509135386.tif,.tif
non_cv_00553,non_cv,news_article,raw/non_cv/news_article/non_cv_00553.tif,C:\Users\YassineSBOUI\Downloads\NON_CV\news_article\2025028462-a.tif,.tif
non_cv_00554,non_cv,form,raw/non_cv/form/non_cv_00554.tif,C:\Users\YassineSBOUI\Downloads\NON_CV\form\2078446393.tif,.tif
non_cv_00555,non_cv,invoice,raw/non_cv/invoice/non_cv_00555.tif,C:\Users\YassineSBOUI\Downloads\NON_CV\invoice\516497283+-7284.tif,.tif
non_cv_00556,non_cv,invoice,raw/non_cv/invoice/non_cv_00556.tif,C:\Users\YassineSBOUI\Downloads\NON_CV\invoice\2001205675.tif,.tif
non_cv_00557,non_cv,handwritten,raw/non_cv/handwritten/non_cv_00557.tif,C:\Users\YassineSBOUI\Downloads\NON_CV\handwritten\503271133+-1137.tif,.tif
non_cv_00558,non_cv,specification,raw/non_cv/specification/non_cv_00558.tif,C:\Users\YassineSBOUI\Downloads\NON_CV\specification\2051519171_2051519173.tif,.tif
non_cv_00559,non_cv,advertisement,raw/non_cv/advertisement/non_cv_00559.tif,C:\Users\YassineSBOUI\Downloads\NON_CV\advertisement\tim01313.53.tif,.tif
non_cv_00560,non_cv,memo,raw/non_cv/memo/non_cv_00560.tif,C:\Users\YassineSBOUI\Downloads\NON_CV\memo\0012266838.tif,.tif
non_cv_00561,non_cv,handwritten,raw/non_cv/handwritten/non_cv_00561.tif,C:\Users\YassineSBOUI\Downloads\NON_CV\handwritten\517515379+-5380.tif,.tif
non_cv_00562,non_cv,invoice,raw/non_cv/invoice/non_cv_00562.tif,C:\Users\YassineSBOUI\Downloads\NON_CV\invoice\0011932391.tif,.tif
non_cv_00563,non_cv,invoice,raw/non_cv/invoice/non_cv_00563.tif,C:\Users\YassineSBOUI\Downloads\NON_CV\invoice\0000037010.tif,.tif
non_cv_00564,non_cv,scientific_publication,raw/non_cv/scientific_publication/non_cv_00564.tif,C:\Users\YassineSBOUI\Downloads\NON_CV\scientific_publication\2023512999_2023513003.tif,.tif
non_cv_00565,non_cv,letter,raw/non_cv/letter/non_cv_00565.tif,C:\Users\YassineSBOUI\Downloads\NON_CV\letter\518520742_518520743.tif,.tif
non_cv_00566,non_cv,handwritten,raw/non_cv/handwritten/non_cv_00566.tif,C:\Users\YassineSBOUI\Downloads\NON_CV\handwritten\522714315+-4316.tif,.tif
non_cv_00567,non_cv,advertisement,raw/non_cv/advertisement/non_cv_00567.tif,C:\Users\YassineSBOUI\Downloads\NON_CV\advertisement\99333331.tif,.tif
non_cv_00568,non_cv,email,raw/non_cv/email/non_cv_00568.tif,C:\Users\YassineSBOUI\Downloads\NON_CV\email\528405782+-5782.tif,.tif
non_cv_00569,non_cv,email,raw/non_cv/email/non_cv_00569.tif,C:\Users\YassineSBOUI\Downloads\NON_CV\email\531687465+-7478.tif,.tif
non_cv_00570,non_cv,specification,raw/non_cv/specification/non_cv_00570.tif,C:\Users\YassineSBOUI\Downloads\NON_CV\specification\2074868189.tif,.tif
non_cv_00571,non_cv,budget,raw/non_cv/budget/non_cv_00571.tif,C:\Users\YassineSBOUI\Downloads\NON_CV\budget\83374122.tif,.tif
non_cv_00572,non_cv,presentation,raw/non_cv/presentation/non_cv_00572.tif,C:\Users\YassineSBOUI\Downloads\NON_CV\presentation\0001236161.tif,.tif
non_cv_00573,non_cv,specification,raw/non_cv/specification/non_cv_00573.tif,C:\Users\YassineSBOUI\Downloads\NON_CV\specification\2055185439_2055185440.tif,.tif
non_cv_00574,non_cv,form,raw/non_cv/form/non_cv_00574.tif,C:\Users\YassineSBOUI\Downloads\NON_CV\form\2063935824.tif,.tif
non_cv_00575,non_cv,presentation,raw/non_cv/presentation/non_cv_00575.tif,C:\Users\YassineSBOUI\Downloads\NON_CV\presentation\2085283098_3112.tif,.tif
non_cv_00576,non_cv,resume,raw/non_cv/resume/non_cv_00576.tif,C:\Users\YassineSBOUI\Downloads\NON_CV\resume\11014728_11014731.tif,.tif
non_cv_00577,non_cv,email,raw/non_cv/email/non_cv_00577.tif,C:\Users\YassineSBOUI\Downloads\NON_CV\email\2085765438.tif,.tif
non_cv_00578,non_cv,specification,raw/non_cv/specification/non_cv_00578.tif,C:\Users\YassineSBOUI\Downloads\NON_CV\specification\0001023037.tif,.tif
non_cv_00579,non_cv,letter,raw/non_cv/letter/non_cv_00579.tif,C:\Users\YassineSBOUI\Downloads\NON_CV\letter\506670577_506670578.tif,.tif
non_cv_00580,non_cv,form,raw/non_cv/form/non_cv_00580.tif,C:\Users\YassineSBOUI\Downloads\NON_CV\form\514006166.tif,.tif
non_cv_00581,non_cv,scientific_report,raw/non_cv/scientific_report/non_cv_00581.tif,C:\Users\YassineSBOUI\Downloads\NON_CV\scientific_report\2505269975_9977.tif,.tif
non_cv_00582,non_cv,presentation,raw/non_cv/presentation/non_cv_00582.tif,C:\Users\YassineSBOUI\Downloads\NON_CV\presentation\11008575_11008577.tif,.tif
non_cv_00583,non_cv,questionnaire,raw/non_cv/questionnaire/non_cv_00583.tif,C:\Users\YassineSBOUI\Downloads\NON_CV\questionnaire\2047917622_2047917632.tif,.tif
non_cv_00584,non_cv,questionnaire,raw/non_cv/questionnaire/non_cv_00584.tif,C:\Users\YassineSBOUI\Downloads\NON_CV\questionnaire\2023158712_2023158717.tif,.tif
non_cv_00585,non_cv,presentation,raw/non_cv/presentation/non_cv_00585.tif,C:\Users\YassineSBOUI\Downloads\NON_CV\presentation\2070348006_8012.tif,.tif
non_cv_00586,non_cv,resume,raw/non_cv/resume/non_cv_00586.tif,C:\Users\YassineSBOUI\Downloads\NON_CV\resume\50528225-8226.tif,.tif
non_cv_00587,non_cv,memo,raw/non_cv/memo/non_cv_00587.tif,C:\Users\YassineSBOUI\Downloads\NON_CV\memo\2056291092.tif,.tif
non_cv_00588,non_cv,questionnaire,raw/non_cv/questionnaire/non_cv_00588.tif,C:\Users\YassineSBOUI\Downloads\NON_CV\questionnaire\2046121043_1054.tif,.tif
non_cv_00589,non_cv,scientific_report,raw/non_cv/scientific_report/non_cv_00589.tif,C:\Users\YassineSBOUI\Downloads\NON_CV\scientific_report\2076630969_0973.tif,.tif
non_cv_00590,non_cv,specification,raw/non_cv/specification/non_cv_00590.tif,C:\Users\YassineSBOUI\Downloads\NON_CV\specification\2031301064.tif,.tif
non_cv_00591,non_cv,advertisement,raw/non_cv/advertisement/non_cv_00591.tif,C:\Users\YassineSBOUI\Downloads\NON_CV\advertisement\2071070132.tif,.tif
non_cv_00592,non_cv,resume,raw/non_cv/resume/non_cv_00592.tif,C:\Users\YassineSBOUI\Downloads\NON_CV\resume\50447153-7155.tif,.tif
non_cv_00593,non_cv,email,raw/non_cv/email/non_cv_00593.tif,C:\Users\YassineSBOUI\Downloads\NON_CV\email\2085780095b.tif,.tif
non_cv_00594,non_cv,budget,raw/non_cv/budget/non_cv_00594.tif,C:\Users\YassineSBOUI\Downloads\NON_CV\budget\2040163616.tif,.tif
non_cv_00595,non_cv,file_folder,raw/non_cv/file_folder/non_cv_00595.tif,C:\Users\YassineSBOUI\Downloads\NON_CV\file_folder\2084487098.tif,.tif
non_cv_00596,non_cv,budget,raw/non_cv/budget/non_cv_00596.tif,C:\Users\YassineSBOUI\Downloads\NON_CV\budget\tnwl0003318_3319.tif,.tif
non_cv_00597,non_cv,news_article,raw/non_cv/news_article/non_cv_00597.tif,C:\Users\YassineSBOUI\Downloads\NON_CV\news_article\2077311324.tif,.tif
non_cv_00598,non_cv,scientific_publication,raw/non_cv/scientific_publication/non_cv_00598.tif,C:\Users\YassineSBOUI\Downloads\NON_CV\scientific_publication\10084978_10084982.tif,.tif
non_cv_00599,non_cv,email,raw/non_cv/email/non_cv_00599.tif,C:\Users\YassineSBOUI\Downloads\NON_CV\email\2080388545a.tif,.tif
non_cv_00600,non_cv,handwritten,raw/non_cv/handwritten/non_cv_00600.tif,C:\Users\YassineSBOUI\Downloads\NON_CV\handwritten\514878256+-8259.tif,.tif
non_cv_00601,non_cv,news_article,raw/non_cv/news_article/non_cv_00601.tif,C:\Users\YassineSBOUI\Downloads\NON_CV\news_article\2015000364.tif,.tif
non_cv_00602,non_cv,scientific_report,raw/non_cv/scientific_report/non_cv_00602.tif,C:\Users\YassineSBOUI\Downloads\NON_CV\scientific_report\2074993844.tif,.tif
non_cv_00603,non_cv,letter,raw/non_cv/letter/non_cv_00603.tif,C:\Users\YassineSBOUI\Downloads\NON_CV\letter\0060305009.tif,.tif
non_cv_00604,non_cv,scientific_publication,raw/non_cv/scientific_publication/non_cv_00604.tif,C:\Users\YassineSBOUI\Downloads\NON_CV\scientific_publication\50540786-0791.tif,.tif
non_cv_00605,non_cv,form,raw/non_cv/form/non_cv_00605.tif,C:\Users\YassineSBOUI\Downloads\NON_CV\form\521820980+-0985.tif,.tif
non_cv_00606,non_cv,resume,raw/non_cv/resume/non_cv_00606.tif,C:\Users\YassineSBOUI\Downloads\NON_CV\resume\50348297-8302.tif,.tif
non_cv_00607,non_cv,questionnaire,raw/non_cv/questionnaire/non_cv_00607.tif,C:\Users\YassineSBOUI\Downloads\NON_CV\questionnaire\507287835+-7835.tif,.tif
non_cv_00608,non_cv,resume,raw/non_cv/resume/non_cv_00608.tif,C:\Users\YassineSBOUI\Downloads\NON_CV\resume\50591205-1206.tif,.tif
non_cv_00609,non_cv,scientific_publication,raw/non_cv/scientific_publication/non_cv_00609.tif,C:\Users\YassineSBOUI\Downloads\NON_CV\scientific_publication\50567187-7187.tif,.tif
non_cv_00610,non_cv,questionnaire,raw/non_cv/questionnaire/non_cv_00610.tif,C:\Users\YassineSBOUI\Downloads\NON_CV\questionnaire\514264889_514264897.tif,.tif
non_cv_00611,non_cv,email,raw/non_cv/email/non_cv_00611.tif,C:\Users\YassineSBOUI\Downloads\NON_CV\email\531672608+-2611.tif,.tif
non_cv_00612,non_cv,scientific_report,raw/non_cv/scientific_report/non_cv_00612.tif,C:\Users\YassineSBOUI\Downloads\NON_CV\scientific_report\2022229502.tif,.tif
non_cv_00613,non_cv,resume,raw/non_cv/resume/non_cv_00613.tif,C:\Users\YassineSBOUI\Downloads\NON_CV\resume\2064279829.tif,.tif
non_cv_00614,non_cv,advertisement,raw/non_cv/advertisement/non_cv_00614.tif,C:\Users\YassineSBOUI\Downloads\NON_CV\advertisement\71389986.tif,.tif
non_cv_00615,non_cv,scientific_publication,raw/non_cv/scientific_publication/non_cv_00615.tif,C:\Users\YassineSBOUI\Downloads\NON_CV\scientific_publication\01552124_2130.tif,.tif
non_cv_00616,non_cv,advertisement,raw/non_cv/advertisement/non_cv_00616.tif,C:\Users\YassineSBOUI\Downloads\NON_CV\advertisement\2050762887.tif,.tif
non_cv_00617,non_cv,specification,raw/non_cv/specification/non_cv_00617.tif,C:\Users\YassineSBOUI\Downloads\NON_CV\specification\2057466220_2057466221.tif,.tif
non_cv_00618,non_cv,email,raw/non_cv/email/non_cv_00618.tif,C:\Users\YassineSBOUI\Downloads\NON_CV\email\2084030316b.tif,.tif
non_cv_00619,non_cv,email,raw/non_cv/email/non_cv_00619.tif,C:\Users\YassineSBOUI\Downloads\NON_CV\email\2081459681a.tif,.tif
non_cv_00620,non_cv,budget,raw/non_cv/budget/non_cv_00620.tif,C:\Users\YassineSBOUI\Downloads\NON_CV\budget\ti16610375.tif,.tif
non_cv_00621,non_cv,letter,raw/non_cv/letter/non_cv_00621.tif,C:\Users\YassineSBOUI\Downloads\NON_CV\letter\91014109.tif,.tif
non_cv_00622,non_cv,questionnaire,raw/non_cv/questionnaire/non_cv_00622.tif,C:\Users\YassineSBOUI\Downloads\NON_CV\questionnaire\505431552_505431563.tif,.tif
non_cv_00623,non_cv,memo,raw/non_cv/memo/non_cv_00623.tif,C:\Users\YassineSBOUI\Downloads\NON_CV\memo\0000047075.tif,.tif
non_cv_00624,non_cv,news_article,raw/non_cv/news_article/non_cv_00624.tif,C:\Users\YassineSBOUI\Downloads\NON_CV\news_article\2074110292.tif,.tif
non_cv_00625,non_cv,presentation,raw/non_cv/presentation/non_cv_00625.tif,C:\Users\YassineSBOUI\Downloads\NON_CV\presentation\2064992890.tif,.tif
non_cv_00626,non_cv,advertisement,raw/non_cv/advertisement/non_cv_00626.tif,C:\Users\YassineSBOUI\Downloads\NON_CV\advertisement\501203345_501203346.tif,.tif
non_cv_00627,non_cv,invoice,raw/non_cv/invoice/non_cv_00627.tif,C:\Users\YassineSBOUI\Downloads\NON_CV\invoice\2028722124.tif,.tif
non_cv_00628,non_cv,scientific_publication,raw/non_cv/scientific_publication/non_cv_00628.tif,C:\Users\YassineSBOUI\Downloads\NON_CV\scientific_publication\2501666224.tif,.tif
non_cv_00629,non_cv,advertisement,raw/non_cv/advertisement/non_cv_00629.tif,C:\Users\YassineSBOUI\Downloads\NON_CV\advertisement\503457961+-7961.tif,.tif
non_cv_00630,non_cv,file_folder,raw/non_cv/file_folder/non_cv_00630.tif,C:\Users\YassineSBOUI\Downloads\NON_CV\file_folder\2056704035.tif,.tif
non_cv_00631,non_cv,questionnaire,raw/non_cv/questionnaire/non_cv_00631.tif,C:\Users\YassineSBOUI\Downloads\NON_CV\questionnaire\94548961_94548962.tif,.tif
non_cv_00632,non_cv,memo,raw/non_cv/memo/non_cv_00632.tif,C:\Users\YassineSBOUI\Downloads\NON_CV\memo\81180466_81180467.tif,.tif
non_cv_00633,non_cv,budget,raw/non_cv/budget/non_cv_00633.tif,C:\Users\YassineSBOUI\Downloads\NON_CV\budget\2085799444_9449.tif,.tif
non_cv_00634,non_cv,news_article,raw/non_cv/news_article/non_cv_00634.tif,C:\Users\YassineSBOUI\Downloads\NON_CV\news_article\corti0015589.tif,.tif
non_cv_00635,non_cv,memo,raw/non_cv/memo/non_cv_00635.tif,C:\Users\YassineSBOUI\Downloads\NON_CV\memo\1000006595.tif,.tif
non_cv_00636,non_cv,handwritten,raw/non_cv/handwritten/non_cv_00636.tif,C:\Users\YassineSBOUI\Downloads\NON_CV\handwritten\518140157+-0158.tif,.tif
non_cv_00637,non_cv,advertisement,raw/non_cv/advertisement/non_cv_00637.tif,C:\Users\YassineSBOUI\Downloads\NON_CV\advertisement\2061194932.tif,.tif
non_cv_00638,non_cv,scientific_report,raw/non_cv/scientific_report/non_cv_00638.tif,C:\Users\YassineSBOUI\Downloads\NON_CV\scientific_report\2001222356_2001222360.tif,.tif
non_cv_00639,non_cv,memo,raw/non_cv/memo/non_cv_00639.tif,C:\Users\YassineSBOUI\Downloads\NON_CV\memo\2043631139.tif,.tif
non_cv_00640,non_cv,file_folder,raw/non_cv/file_folder/non_cv_00640.tif,C:\Users\YassineSBOUI\Downloads\NON_CV\file_folder\2070556259.tif,.tif
non_cv_00641,non_cv,resume,raw/non_cv/resume/non_cv_00641.tif,C:\Users\YassineSBOUI\Downloads\NON_CV\resume\50234969-4969.tif,.tif
non_cv_00642,non_cv,handwritten,raw/non_cv/handwritten/non_cv_00642.tif,C:\Users\YassineSBOUI\Downloads\NON_CV\handwritten\506182871.tif,.tif
non_cv_00643,non_cv,form,raw/non_cv/form/non_cv_00643.tif,C:\Users\YassineSBOUI\Downloads\NON_CV\form\2057113630_3632.tif,.tif
non_cv_00644,non_cv,advertisement,raw/non_cv/advertisement/non_cv_00644.tif,C:\Users\YassineSBOUI\Downloads\NON_CV\advertisement\87659753.tif,.tif
non_cv_00645,non_cv,invoice,raw/non_cv/invoice/non_cv_00645.tif,C:\Users\YassineSBOUI\Downloads\NON_CV\invoice\87104135.tif,.tif
non_cv_00646,non_cv,invoice,raw/non_cv/invoice/non_cv_00646.tif,C:\Users\YassineSBOUI\Downloads\NON_CV\invoice\87104036.tif,.tif
non_cv_00647,non_cv,advertisement,raw/non_cv/advertisement/non_cv_00647.tif,C:\Users\YassineSBOUI\Downloads\NON_CV\advertisement\0000126554.tif,.tif
non_cv_00648,non_cv,letter,raw/non_cv/letter/non_cv_00648.tif,C:\Users\YassineSBOUI\Downloads\NON_CV\letter\506853517+-3517.tif,.tif
non_cv_00649,non_cv,file_folder,raw/non_cv/file_folder/non_cv_00649.tif,C:\Users\YassineSBOUI\Downloads\NON_CV\file_folder\2063224247.tif,.tif
non_cv_00650,non_cv,advertisement,raw/non_cv/advertisement/non_cv_00650.tif,C:\Users\YassineSBOUI\Downloads\NON_CV\advertisement\502612432+-2432.tif,.tif
non_cv_00651,non_cv,budget,raw/non_cv/budget/non_cv_00651.tif,C:\Users\YassineSBOUI\Downloads\NON_CV\budget\2041718627.tif,.tif
non_cv_00652,non_cv,news_article,raw/non_cv/news_article/non_cv_00652.tif,C:\Users\YassineSBOUI\Downloads\NON_CV\news_article\tob13608.07.tif,.tif
non_cv_00653,non_cv,news_article,raw/non_cv/news_article/non_cv_00653.tif,C:\Users\YassineSBOUI\Downloads\NON_CV\news_article\2023918290.tif,.tif
non_cv_00654,non_cv,letter,raw/non_cv/letter/non_cv_00654.tif,C:\Users\YassineSBOUI\Downloads\NON_CV\letter\505552416.tif,.tif
non_cv_00655,non_cv,email,raw/non_cv/email/non_cv_00655.tif,C:\Users\YassineSBOUI\Downloads\NON_CV\email\2075574011c.tif,.tif
non_cv_00656,non_cv,file_folder,raw/non_cv/file_folder/non_cv_00656.tif,C:\Users\YassineSBOUI\Downloads\NON_CV\file_folder\0060335907.tif,.tif
non_cv_00657,non_cv,email,raw/non_cv/email/non_cv_00657.tif,C:\Users\YassineSBOUI\Downloads\NON_CV\email\527845038+-5061.tif,.tif
non_cv_00658,non_cv,scientific_publication,raw/non_cv/scientific_publication/non_cv_00658.tif,C:\Users\YassineSBOUI\Downloads\NON_CV\scientific_publication\2050236763_2050236767.tif,.tif
non_cv_00659,non_cv,scientific_report,raw/non_cv/scientific_report/non_cv_00659.tif,C:\Users\YassineSBOUI\Downloads\NON_CV\scientific_report\2060531808_2060531810.tif,.tif
non_cv_00660,non_cv,questionnaire,raw/non_cv/questionnaire/non_cv_00660.tif,C:\Users\YassineSBOUI\Downloads\NON_CV\questionnaire\1000394125_1000394129.tif,.tif
non_cv_00661,non_cv,email,raw/non_cv/email/non_cv_00661.tif,C:\Users\YassineSBOUI\Downloads\NON_CV\email\2067286566.tif,.tif
non_cv_00662,non_cv,questionnaire,raw/non_cv/questionnaire/non_cv_00662.tif,C:\Users\YassineSBOUI\Downloads\NON_CV\questionnaire\506196292_506196294.tif,.tif
non_cv_00663,non_cv,form,raw/non_cv/form/non_cv_00663.tif,C:\Users\YassineSBOUI\Downloads\NON_CV\form\2073103671.tif,.tif
non_cv_00664,non_cv,handwritten,raw/non_cv/handwritten/non_cv_00664.tif,C:\Users\YassineSBOUI\Downloads\NON_CV\handwritten\505883516_505883555.tif,.tif
non_cv_00665,non_cv,scientific_publication,raw/non_cv/scientific_publication/non_cv_00665.tif,C:\Users\YassineSBOUI\Downloads\NON_CV\scientific_publication\PUBLICATIONS033380-3.tif,.tif
non_cv_00666,non_cv,scientific_publication,raw/non_cv/scientific_publication/non_cv_00666.tif,C:\Users\YassineSBOUI\Downloads\NON_CV\scientific_publication\50724978-4985.tif,.tif
non_cv_00667,non_cv,advertisement,raw/non_cv/advertisement/non_cv_00667.tif,C:\Users\YassineSBOUI\Downloads\NON_CV\advertisement\87066349.tif,.tif
non_cv_00668,non_cv,email,raw/non_cv/email/non_cv_00668.tif,C:\Users\YassineSBOUI\Downloads\NON_CV\email\2074637336.tif,.tif
non_cv_00669,non_cv,form,raw/non_cv/form/non_cv_00669.tif,C:\Users\YassineSBOUI\Downloads\NON_CV\form\2054934865.tif,.tif
non_cv_00670,non_cv,file_folder,raw/non_cv/file_folder/non_cv_00670.tif,C:\Users\YassineSBOUI\Downloads\NON_CV\file_folder\11330992.tif,.tif
non_cv_00671,non_cv,memo,raw/non_cv/memo/non_cv_00671.tif,C:\Users\YassineSBOUI\Downloads\NON_CV\memo\0011975091.tif,.tif
non_cv_00672,non_cv,invoice,raw/non_cv/invoice/non_cv_00672.tif,C:\Users\YassineSBOUI\Downloads\NON_CV\invoice\0060067614.tif,.tif
non_cv_00673,non_cv,letter,raw/non_cv/letter/non_cv_00673.tif,C:\Users\YassineSBOUI\Downloads\NON_CV\letter\502325729.tif,.tif
non_cv_00674,non_cv,email,raw/non_cv/email/non_cv_00674.tif,C:\Users\YassineSBOUI\Downloads\NON_CV\email\2072569163.tif,.tif
non_cv_00675,non_cv,memo,raw/non_cv/memo/non_cv_00675.tif,C:\Users\YassineSBOUI\Downloads\NON_CV\memo\2031403737_3738.tif,.tif
non_cv_00676,non_cv,memo,raw/non_cv/memo/non_cv_00676.tif,C:\Users\YassineSBOUI\Downloads\NON_CV\memo\2024799311_2024799312.tif,.tif
non_cv_00677,non_cv,resume,raw/non_cv/resume/non_cv_00677.tif,C:\Users\YassineSBOUI\Downloads\NON_CV\resume\50264467-4470.tif,.tif
non_cv_00678,non_cv,form,raw/non_cv/form/non_cv_00678.tif,C:\Users\YassineSBOUI\Downloads\NON_CV\form\2072954340.tif,.tif
non_cv_00679,non_cv,file_folder,raw/non_cv/file_folder/non_cv_00679.tif,C:\Users\YassineSBOUI\Downloads\NON_CV\file_folder\2023557202.tif,.tif
non_cv_00680,non_cv,scientific_report,raw/non_cv/scientific_report/non_cv_00680.tif,C:\Users\YassineSBOUI\Downloads\NON_CV\scientific_report\2501310608.tif,.tif
non_cv_00681,non_cv,presentation,raw/non_cv/presentation/non_cv_00681.tif,C:\Users\YassineSBOUI\Downloads\NON_CV\presentation\2046941477_2046941478.tif,.tif
non_cv_00682,non_cv,invoice,raw/non_cv/invoice/non_cv_00682.tif,C:\Users\YassineSBOUI\Downloads\NON_CV\invoice\2028711601.tif,.tif
non_cv_00683,non_cv,resume,raw/non_cv/resume/non_cv_00683.tif,C:\Users\YassineSBOUI\Downloads\NON_CV\resume\50469692-9693.tif,.tif
non_cv_00684,non_cv,handwritten,raw/non_cv/handwritten/non_cv_00684.tif,C:\Users\YassineSBOUI\Downloads\NON_CV\handwritten\511277843+-7881.tif,.tif
non_cv_00685,non_cv,handwritten,raw/non_cv/handwritten/non_cv_00685.tif,C:\Users\YassineSBOUI\Downloads\NON_CV\handwritten\513611131_513611133.tif,.tif
non_cv_00686,non_cv,scientific_report,raw/non_cv/scientific_report/non_cv_00686.tif,C:\Users\YassineSBOUI\Downloads\NON_CV\scientific_report\2051810757_2051810772.tif,.tif
non_cv_00687,non_cv,specification,raw/non_cv/specification/non_cv_00687.tif,C:\Users\YassineSBOUI\Downloads\NON_CV\specification\2069717106.tif,.tif
non_cv_00688,non_cv,specification,raw/non_cv/specification/non_cv_00688.tif,C:\Users\YassineSBOUI\Downloads\NON_CV\specification\2057676038.tif,.tif
non_cv_00689,non_cv,invoice,raw/non_cv/invoice/non_cv_00689.tif,C:\Users\YassineSBOUI\Downloads\NON_CV\invoice\0011929744.tif,.tif
non_cv_00690,non_cv,advertisement,raw/non_cv/advertisement/non_cv_00690.tif,C:\Users\YassineSBOUI\Downloads\NON_CV\advertisement\96337029.tif,.tif
non_cv_00691,non_cv,budget,raw/non_cv/budget/non_cv_00691.tif,C:\Users\YassineSBOUI\Downloads\NON_CV\budget\93497291.tif,.tif
non_cv_00692,non_cv,memo,raw/non_cv/memo/non_cv_00692.tif,C:\Users\YassineSBOUI\Downloads\NON_CV\memo\0013541463.tif,.tif
non_cv_00693,non_cv,specification,raw/non_cv/specification/non_cv_00693.tif,C:\Users\YassineSBOUI\Downloads\NON_CV\specification\2057453659_2057453662.tif,.tif
non_cv_00694,non_cv,news_article,raw/non_cv/news_article/non_cv_00694.tif,C:\Users\YassineSBOUI\Downloads\NON_CV\news_article\2077357196.tif,.tif
non_cv_00695,non_cv,letter,raw/non_cv/letter/non_cv_00695.tif,C:\Users\YassineSBOUI\Downloads\NON_CV\letter\512791657_512791659.tif,.tif
non_cv_00696,non_cv,advertisement,raw/non_cv/advertisement/non_cv_00696.tif,C:\Users\YassineSBOUI\Downloads\NON_CV\advertisement\2070403136.tif,.tif
non_cv_00697,non_cv,form,raw/non_cv/form/non_cv_00697.tif,C:\Users\YassineSBOUI\Downloads\NON_CV\form\2028704156.tif,.tif
non_cv_00698,non_cv,form,raw/non_cv/form/non_cv_00698.tif,C:\Users\YassineSBOUI\Downloads\NON_CV\form\2501614238.tif,.tif
non_cv_00699,non_cv,form,raw/non_cv/form/non_cv_00699.tif,C:\Users\YassineSBOUI\Downloads\NON_CV\form\2023597994_2023597995.tif,.tif
non_cv_00700,non_cv,email,raw/non_cv/email/non_cv_00700.tif,C:\Users\YassineSBOUI\Downloads\NON_CV\email\2085535649_5650.tif,.tif
non_cv_00701,non_cv,scientific_report,raw/non_cv/scientific_report/non_cv_00701.tif,C:\Users\YassineSBOUI\Downloads\NON_CV\scientific_report\2072686310_6317.tif,.tif
non_cv_00702,non_cv,resume,raw/non_cv/resume/non_cv_00702.tif,C:\Users\YassineSBOUI\Downloads\NON_CV\resume\50544457-4458.tif,.tif
non_cv_00703,non_cv,invoice,raw/non_cv/invoice/non_cv_00703.tif,C:\Users\YassineSBOUI\Downloads\NON_CV\invoice\2024127255.tif,.tif
non_cv_00704,non_cv,specification,raw/non_cv/specification/non_cv_00704.tif,C:\Users\YassineSBOUI\Downloads\NON_CV\specification\509240004_509240013.tif,.tif
non_cv_00705,non_cv,memo,raw/non_cv/memo/non_cv_00705.tif,C:\Users\YassineSBOUI\Downloads\NON_CV\memo\2081504110_4111.tif,.tif
non_cv_00706,non_cv,handwritten,raw/non_cv/handwritten/non_cv_00706.tif,C:\Users\YassineSBOUI\Downloads\NON_CV\handwritten\507685403_507685452.tif,.tif
non_cv_00707,non_cv,memo,raw/non_cv/memo/non_cv_00707.tif,C:\Users\YassineSBOUI\Downloads\NON_CV\memo\0011984239.tif,.tif
non_cv_00708,non_cv,advertisement,raw/non_cv/advertisement/non_cv_00708.tif,C:\Users\YassineSBOUI\Downloads\NON_CV\advertisement\2058501247.tif,.tif
non_cv_00709,non_cv,presentation,raw/non_cv/presentation/non_cv_00709.tif,C:\Users\YassineSBOUI\Downloads\NON_CV\presentation\2073914456_4462.tif,.tif
non_cv_00710,non_cv,presentation,raw/non_cv/presentation/non_cv_00710.tif,C:\Users\YassineSBOUI\Downloads\NON_CV\presentation\2043561052_2043561066.tif,.tif
non_cv_00711,non_cv,scientific_report,raw/non_cv/scientific_report/non_cv_00711.tif,C:\Users\YassineSBOUI\Downloads\NON_CV\scientific_report\2025790588_2025790607.tif,.tif
non_cv_00712,non_cv,questionnaire,raw/non_cv/questionnaire/non_cv_00712.tif,C:\Users\YassineSBOUI\Downloads\NON_CV\questionnaire\1001852535_1001852538.tif,.tif
non_cv_00713,non_cv,questionnaire,raw/non_cv/questionnaire/non_cv_00713.tif,C:\Users\YassineSBOUI\Downloads\NON_CV\questionnaire\506285942.tif,.tif
non_cv_00714,non_cv,file_folder,raw/non_cv/file_folder/non_cv_00714.tif,C:\Users\YassineSBOUI\Downloads\NON_CV\file_folder\2074069270.tif,.tif
non_cv_00715,non_cv,invoice,raw/non_cv/invoice/non_cv_00715.tif,C:\Users\YassineSBOUI\Downloads\NON_CV\invoice\80701781.tif,.tif
non_cv_00716,non_cv,file_folder,raw/non_cv/file_folder/non_cv_00716.tif,C:\Users\YassineSBOUI\Downloads\NON_CV\file_folder\2077127896.tif,.tif
non_cv_00717,non_cv,letter,raw/non_cv/letter/non_cv_00717.tif,C:\Users\YassineSBOUI\Downloads\NON_CV\letter\518396587+-6587.tif,.tif
non_cv_00718,non_cv,news_article,raw/non_cv/news_article/non_cv_00718.tif,C:\Users\YassineSBOUI\Downloads\NON_CV\news_article\tob11437.63.tif,.tif
non_cv_00719,non_cv,scientific_report,raw/non_cv/scientific_report/non_cv_00719.tif,C:\Users\YassineSBOUI\Downloads\NON_CV\scientific_report\50300877-0893.tif,.tif
non_cv_00720,non_cv,letter,raw/non_cv/letter/non_cv_00720.tif,C:\Users\YassineSBOUI\Downloads\NON_CV\letter\502665215.tif,.tif
non_cv_00721,non_cv,invoice,raw/non_cv/invoice/non_cv_00721.tif,C:\Users\YassineSBOUI\Downloads\NON_CV\invoice\2024477086_2024477090.tif,.tif
non_cv_00722,non_cv,memo,raw/non_cv/memo/non_cv_00722.tif,C:\Users\YassineSBOUI\Downloads\NON_CV\memo\0011836345.tif,.tif
non_cv_00723,non_cv,scientific_publication,raw/non_cv/scientific_publication/non_cv_00723.tif,C:\Users\YassineSBOUI\Downloads\NON_CV\scientific_publication\2505521792_1798.tif,.tif
non_cv_00724,non_cv,news_article,raw/non_cv/news_article/non_cv_00724.tif,C:\Users\YassineSBOUI\Downloads\NON_CV\news_article\2064701062.tif,.tif
non_cv_00725,non_cv,file_folder,raw/non_cv/file_folder/non_cv_00725.tif,C:\Users\YassineSBOUI\Downloads\NON_CV\file_folder\2067090087.tif,.tif
non_cv_00726,non_cv,news_article,raw/non_cv/news_article/non_cv_00726.tif,C:\Users\YassineSBOUI\Downloads\NON_CV\news_article\2048367429.tif,.tif
non_cv_00727,non_cv,invoice,raw/non_cv/invoice/non_cv_00727.tif,C:\Users\YassineSBOUI\Downloads\NON_CV\invoice\ti15358040_8041.tif,.tif
non_cv_00728,non_cv,handwritten,raw/non_cv/handwritten/non_cv_00728.tif,C:\Users\YassineSBOUI\Downloads\NON_CV\handwritten\511435166_511435168.tif,.tif
non_cv_00729,non_cv,news_article,raw/non_cv/news_article/non_cv_00729.tif,C:\Users\YassineSBOUI\Downloads\NON_CV\news_article\2070141065.tif,.tif
non_cv_00730,non_cv,invoice,raw/non_cv/invoice/non_cv_00730.tif,C:\Users\YassineSBOUI\Downloads\NON_CV\invoice\508729058.tif,.tif
non_cv_00731,non_cv,email,raw/non_cv/email/non_cv_00731.tif,C:\Users\YassineSBOUI\Downloads\NON_CV\email\2505105517.tif,.tif
non_cv_00732,non_cv,form,raw/non_cv/form/non_cv_00732.tif,C:\Users\YassineSBOUI\Downloads\NON_CV\form\87437362_7363.tif,.tif
non_cv_00733,non_cv,questionnaire,raw/non_cv/questionnaire/non_cv_00733.tif,C:\Users\YassineSBOUI\Downloads\NON_CV\questionnaire\2042812237.tif,.tif
non_cv_00734,non_cv,advertisement,raw/non_cv/advertisement/non_cv_00734.tif,C:\Users\YassineSBOUI\Downloads\NON_CV\advertisement\91574380_4381.tif,.tif
non_cv_00735,non_cv,specification,raw/non_cv/specification/non_cv_00735.tif,C:\Users\YassineSBOUI\Downloads\NON_CV\specification\0012189373.tif,.tif
non_cv_00736,non_cv,resume,raw/non_cv/resume/non_cv_00736.tif,C:\Users\YassineSBOUI\Downloads\NON_CV\resume\50473094-3095.tif,.tif
non_cv_00737,non_cv,resume,raw/non_cv/resume/non_cv_00737.tif,C:\Users\YassineSBOUI\Downloads\NON_CV\resume\50489607-9608.tif,.tif
non_cv_00738,non_cv,scientific_report,raw/non_cv/scientific_report/non_cv_00738.tif,C:\Users\YassineSBOUI\Downloads\NON_CV\scientific_report\89313231.tif,.tif
non_cv_00739,non_cv,invoice,raw/non_cv/invoice/non_cv_00739.tif,C:\Users\YassineSBOUI\Downloads\NON_CV\invoice\2041619314.tif,.tif
non_cv_00740,non_cv,questionnaire,raw/non_cv/questionnaire/non_cv_00740.tif,C:\Users\YassineSBOUI\Downloads\NON_CV\questionnaire\93107126.tif,.tif
non_cv_00741,non_cv,scientific_report,raw/non_cv/scientific_report/non_cv_00741.tif,C:\Users\YassineSBOUI\Downloads\NON_CV\scientific_report\2063821563_1599.tif,.tif
non_cv_00742,non_cv,handwritten,raw/non_cv/handwritten/non_cv_00742.tif,C:\Users\YassineSBOUI\Downloads\NON_CV\handwritten\526661711+-1712.tif,.tif
non_cv_00743,non_cv,scientific_report,raw/non_cv/scientific_report/non_cv_00743.tif,C:\Users\YassineSBOUI\Downloads\NON_CV\scientific_report\0000087670.tif,.tif
non_cv_00744,non_cv,invoice,raw/non_cv/invoice/non_cv_00744.tif,C:\Users\YassineSBOUI\Downloads\NON_CV\invoice\0013122196.tif,.tif
non_cv_00745,non_cv,letter,raw/non_cv/letter/non_cv_00745.tif,C:\Users\YassineSBOUI\Downloads\NON_CV\letter\507655511_507655513.tif,.tif
non_cv_00746,non_cv,scientific_publication,raw/non_cv/scientific_publication/non_cv_00746.tif,C:\Users\YassineSBOUI\Downloads\NON_CV\scientific_publication\94614406_4409.tif,.tif
non_cv_00747,non_cv,scientific_report,raw/non_cv/scientific_report/non_cv_00747.tif,C:\Users\YassineSBOUI\Downloads\NON_CV\scientific_report\2505601776_1823.tif,.tif
non_cv_00748,non_cv,letter,raw/non_cv/letter/non_cv_00748.tif,C:\Users\YassineSBOUI\Downloads\NON_CV\letter\titl0003121.tif,.tif
non_cv_00749,non_cv,file_folder,raw/non_cv/file_folder/non_cv_00749.tif,C:\Users\YassineSBOUI\Downloads\NON_CV\file_folder\50350424-0424.tif,.tif
non_cv_00750,non_cv,specification,raw/non_cv/specification/non_cv_00750.tif,C:\Users\YassineSBOUI\Downloads\NON_CV\specification\2069712694.tif,.tif
non_cv_00751,non_cv,questionnaire,raw/non_cv/questionnaire/non_cv_00751.tif,C:\Users\YassineSBOUI\Downloads\NON_CV\questionnaire\2047398067_2047398069.tif,.tif
non_cv_00752,non_cv,form,raw/non_cv/form/non_cv_00752.tif,C:\Users\YassineSBOUI\Downloads\NON_CV\form\2054530073.tif,.tif
non_cv_00753,non_cv,letter,raw/non_cv/letter/non_cv_00753.tif,C:\Users\YassineSBOUI\Downloads\NON_CV\letter\522662080+-2080.tif,.tif
non_cv_00754,non_cv,resume,raw/non_cv/resume/non_cv_00754.tif,C:\Users\YassineSBOUI\Downloads\NON_CV\resume\50614299-4301.tif,.tif
non_cv_00755,non_cv,scientific_report,raw/non_cv/scientific_report/non_cv_00755.tif,C:\Users\YassineSBOUI\Downloads\NON_CV\scientific_report\1001834053_1001834068.tif,.tif
non_cv_00756,non_cv,presentation,raw/non_cv/presentation/non_cv_00756.tif,C:\Users\YassineSBOUI\Downloads\NON_CV\presentation\2048693507_3508.tif,.tif
non_cv_00757,non_cv,handwritten,raw/non_cv/handwritten/non_cv_00757.tif,C:\Users\YassineSBOUI\Downloads\NON_CV\handwritten\522863532+-3533.tif,.tif
non_cv_00758,non_cv,advertisement,raw/non_cv/advertisement/non_cv_00758.tif,C:\Users\YassineSBOUI\Downloads\NON_CV\advertisement\502593752.tif,.tif
non_cv_00759,non_cv,letter,raw/non_cv/letter/non_cv_00759.tif,C:\Users\YassineSBOUI\Downloads\NON_CV\letter\tnwl0023016.tif,.tif
non_cv_00760,non_cv,scientific_publication,raw/non_cv/scientific_publication/non_cv_00760.tif,C:\Users\YassineSBOUI\Downloads\NON_CV\scientific_publication\2023379557_2023379562.tif,.tif
non_cv_00761,non_cv,memo,raw/non_cv/memo/non_cv_00761.tif,C:\Users\YassineSBOUI\Downloads\NON_CV\memo\0000378223.tif,.tif
non_cv_00762,non_cv,resume,raw/non_cv/resume/non_cv_00762.tif,C:\Users\YassineSBOUI\Downloads\NON_CV\resume\50396279-6280.tif,.tif
non_cv_00763,non_cv,memo,raw/non_cv/memo/non_cv_00763.tif,C:\Users\YassineSBOUI\Downloads\NON_CV\memo\96222182.tif,.tif
non_cv_00764,non_cv,invoice,raw/non_cv/invoice/non_cv_00764.tif,C:\Users\YassineSBOUI\Downloads\NON_CV\invoice\91515307.tif,.tif
non_cv_00765,non_cv,advertisement,raw/non_cv/advertisement/non_cv_00765.tif,C:\Users\YassineSBOUI\Downloads\NON_CV\advertisement\3000107268.tif,.tif
non_cv_00766,non_cv,specification,raw/non_cv/specification/non_cv_00766.tif,C:\Users\YassineSBOUI\Downloads\NON_CV\specification\2082230085_0096.tif,.tif
non_cv_00767,non_cv,form,raw/non_cv/form/non_cv_00767.tif,C:\Users\YassineSBOUI\Downloads\NON_CV\form\2056288408.tif,.tif
non_cv_00768,non_cv,advertisement,raw/non_cv/advertisement/non_cv_00768.tif,C:\Users\YassineSBOUI\Downloads\NON_CV\advertisement\03280862.tif,.tif
non_cv_00769,non_cv,invoice,raw/non_cv/invoice/non_cv_00769.tif,C:\Users\YassineSBOUI\Downloads\NON_CV\invoice\2028696866.tif,.tif
non_cv_00770,non_cv,memo,raw/non_cv/memo/non_cv_00770.tif,C:\Users\YassineSBOUI\Downloads\NON_CV\memo\1001856620.tif,.tif
non_cv_00771,non_cv,letter,raw/non_cv/letter/non_cv_00771.tif,C:\Users\YassineSBOUI\Downloads\NON_CV\letter\2010009922.tif,.tif
non_cv_00772,non_cv,questionnaire,raw/non_cv/questionnaire/non_cv_00772.tif,C:\Users\YassineSBOUI\Downloads\NON_CV\questionnaire\507258909+-8917.tif,.tif
non_cv_00773,non_cv,advertisement,raw/non_cv/advertisement/non_cv_00773.tif,C:\Users\YassineSBOUI\Downloads\NON_CV\advertisement\2015035919.tif,.tif
non_cv_00774,non_cv,presentation,raw/non_cv/presentation/non_cv_00774.tif,C:\Users\YassineSBOUI\Downloads\NON_CV\presentation\2078647124_7168.tif,.tif
non_cv_00775,non_cv,budget,raw/non_cv/budget/non_cv_00775.tif,C:\Users\YassineSBOUI\Downloads\NON_CV\budget\2015055285.tif,.tif
non_cv_00776,non_cv,scientific_publication,raw/non_cv/scientific_publication/non_cv_00776.tif,C:\Users\YassineSBOUI\Downloads\NON_CV\scientific_publication\50136556.tif,.tif
non_cv_00777,non_cv,budget,raw/non_cv/budget/non_cv_00777.tif,C:\Users\YassineSBOUI\Downloads\NON_CV\budget\2040787634a.tif,.tif
non_cv_00778,non_cv,email,raw/non_cv/email/non_cv_00778.tif,C:\Users\YassineSBOUI\Downloads\NON_CV\email\2076179878b.tif,.tif
non_cv_00779,non_cv,questionnaire,raw/non_cv/questionnaire/non_cv_00779.tif,C:\Users\YassineSBOUI\Downloads\NON_CV\questionnaire\501274656+-4662.tif,.tif
non_cv_00780,non_cv,resume,raw/non_cv/resume/non_cv_00780.tif,C:\Users\YassineSBOUI\Downloads\NON_CV\resume\50525433-5433.tif,.tif
non_cv_00781,non_cv,scientific_publication,raw/non_cv/scientific_publication/non_cv_00781.tif,C:\Users\YassineSBOUI\Downloads\NON_CV\scientific_publication\50704482-4488.tif,.tif
non_cv_00782,non_cv,news_article,raw/non_cv/news_article/non_cv_00782.tif,C:\Users\YassineSBOUI\Downloads\NON_CV\news_article\2029189444-a_2029189446.tif,.tif
non_cv_00783,non_cv,advertisement,raw/non_cv/advertisement/non_cv_00783.tif,C:\Users\YassineSBOUI\Downloads\NON_CV\advertisement\2025047024.tif,.tif
non_cv_00784,non_cv,news_article,raw/non_cv/news_article/non_cv_00784.tif,C:\Users\YassineSBOUI\Downloads\NON_CV\news_article\2070159485.tif,.tif
non_cv_00785,non_cv,handwritten,raw/non_cv/handwritten/non_cv_00785.tif,C:\Users\YassineSBOUI\Downloads\NON_CV\handwritten\517728084+-8084.tif,.tif
non_cv_00786,non_cv,file_folder,raw/non_cv/file_folder/non_cv_00786.tif,C:\Users\YassineSBOUI\Downloads\NON_CV\file_folder\2030713020.tif,.tif
non_cv_00787,non_cv,invoice,raw/non_cv/invoice/non_cv_00787.tif,C:\Users\YassineSBOUI\Downloads\NON_CV\invoice\81617216.tif,.tif
non_cv_00788,non_cv,memo,raw/non_cv/memo/non_cv_00788.tif,C:\Users\YassineSBOUI\Downloads\NON_CV\memo\88761891_88761893.tif,.tif
non_cv_00789,non_cv,specification,raw/non_cv/specification/non_cv_00789.tif,C:\Users\YassineSBOUI\Downloads\NON_CV\specification\512807522.tif,.tif
non_cv_00790,non_cv,form,raw/non_cv/form/non_cv_00790.tif,C:\Users\YassineSBOUI\Downloads\NON_CV\form\2074593258.tif,.tif
non_cv_00791,non_cv,invoice,raw/non_cv/invoice/non_cv_00791.tif,C:\Users\YassineSBOUI\Downloads\NON_CV\invoice\2084020268.tif,.tif
non_cv_00792,non_cv,resume,raw/non_cv/resume/non_cv_00792.tif,C:\Users\YassineSBOUI\Downloads\NON_CV\resume\50581136-1138.tif,.tif
non_cv_00793,non_cv,resume,raw/non_cv/resume/non_cv_00793.tif,C:\Users\YassineSBOUI\Downloads\NON_CV\resume\50506800-6801.tif,.tif
non_cv_00794,non_cv,budget,raw/non_cv/budget/non_cv_00794.tif,C:\Users\YassineSBOUI\Downloads\NON_CV\budget\tcal0392196.tif,.tif
non_cv_00795,non_cv,resume,raw/non_cv/resume/non_cv_00795.tif,C:\Users\YassineSBOUI\Downloads\NON_CV\resume\50529680-9681.tif,.tif
non_cv_00796,non_cv,news_article,raw/non_cv/news_article/non_cv_00796.tif,C:\Users\YassineSBOUI\Downloads\NON_CV\news_article\1002403171.tif,.tif
non_cv_00797,non_cv,file_folder,raw/non_cv/file_folder/non_cv_00797.tif,C:\Users\YassineSBOUI\Downloads\NON_CV\file_folder\2063692852.tif,.tif
non_cv_00798,non_cv,resume,raw/non_cv/resume/non_cv_00798.tif,C:\Users\YassineSBOUI\Downloads\NON_CV\resume\50610849-0854.tif,.tif
non_cv_00799,non_cv,handwritten,raw/non_cv/handwritten/non_cv_00799.tif,C:\Users\YassineSBOUI\Downloads\NON_CV\handwritten\521376255+-6257.tif,.tif
non_cv_00800,non_cv,advertisement,raw/non_cv/advertisement/non_cv_00800.tif,C:\Users\YassineSBOUI\Downloads\NON_CV\advertisement\71388165.tif,.tif
non_cv_00801,non_cv,advertisement,raw/non_cv/advertisement/non_cv_00801.tif,C:\Users\YassineSBOUI\Downloads\NON_CV\advertisement\932318.tif,.tif
non_cv_00802,non_cv,email,raw/non_cv/email/non_cv_00802.tif,C:\Users\YassineSBOUI\Downloads\NON_CV\email\2505516030.tif,.tif
non_cv_00803,non_cv,handwritten,raw/non_cv/handwritten/non_cv_00803.tif,C:\Users\YassineSBOUI\Downloads\NON_CV\handwritten\518140220+-0221.tif,.tif
non_cv_00804,non_cv,invoice,raw/non_cv/invoice/non_cv_00804.tif,C:\Users\YassineSBOUI\Downloads\NON_CV\invoice\2084061374.tif,.tif
non_cv_00805,non_cv,news_article,raw/non_cv/news_article/non_cv_00805.tif,C:\Users\YassineSBOUI\Downloads\NON_CV\news_article\tob11428.79.tif,.tif
non_cv_00806,non_cv,invoice,raw/non_cv/invoice/non_cv_00806.tif,C:\Users\YassineSBOUI\Downloads\NON_CV\invoice\2029377237.tif,.tif
non_cv_00807,non_cv,memo,raw/non_cv/memo/non_cv_00807.tif,C:\Users\YassineSBOUI\Downloads\NON_CV\memo\50437541-7541.tif,.tif
non_cv_00808,non_cv,scientific_report,raw/non_cv/scientific_report/non_cv_00808.tif,C:\Users\YassineSBOUI\Downloads\NON_CV\scientific_report\2505627034.tif,.tif
non_cv_00809,non_cv,specification,raw/non_cv/specification/non_cv_00809.tif,C:\Users\YassineSBOUI\Downloads\NON_CV\specification\504544950.tif,.tif
non_cv_00810,non_cv,resume,raw/non_cv/resume/non_cv_00810.tif,C:\Users\YassineSBOUI\Downloads\NON_CV\resume\50611185-1186.tif,.tif
non_cv_00811,non_cv,memo,raw/non_cv/memo/non_cv_00811.tif,C:\Users\YassineSBOUI\Downloads\NON_CV\memo\94375002.tif,.tif
non_cv_00812,non_cv,file_folder,raw/non_cv/file_folder/non_cv_00812.tif,C:\Users\YassineSBOUI\Downloads\NON_CV\file_folder\2071005086.tif,.tif
non_cv_00813,non_cv,handwritten,raw/non_cv/handwritten/non_cv_00813.tif,C:\Users\YassineSBOUI\Downloads\NON_CV\handwritten\509144911+-4912.tif,.tif
non_cv_00814,non_cv,news_article,raw/non_cv/news_article/non_cv_00814.tif,C:\Users\YassineSBOUI\Downloads\NON_CV\news_article\2080718785_8786.tif,.tif
non_cv_00815,non_cv,scientific_publication,raw/non_cv/scientific_publication/non_cv_00815.tif,C:\Users\YassineSBOUI\Downloads\NON_CV\scientific_publication\2024835384_2024835386.tif,.tif
non_cv_00816,non_cv,specification,raw/non_cv/specification/non_cv_00816.tif,C:\Users\YassineSBOUI\Downloads\NON_CV\specification\2031296603.tif,.tif
non_cv_00817,non_cv,scientific_publication,raw/non_cv/scientific_publication/non_cv_00817.tif,C:\Users\YassineSBOUI\Downloads\NON_CV\scientific_publication\87122697_2700.tif,.tif
non_cv_00818,non_cv,specification,raw/non_cv/specification/non_cv_00818.tif,C:\Users\YassineSBOUI\Downloads\NON_CV\specification\512451264_512451265.tif,.tif
non_cv_00819,non_cv,news_article,raw/non_cv/news_article/non_cv_00819.tif,C:\Users\YassineSBOUI\Downloads\NON_CV\news_article\2046725836.tif,.tif
non_cv_00820,non_cv,memo,raw/non_cv/memo/non_cv_00820.tif,C:\Users\YassineSBOUI\Downloads\NON_CV\memo\2074880379_0380.tif,.tif
non_cv_00821,non_cv,invoice,raw/non_cv/invoice/non_cv_00821.tif,C:\Users\YassineSBOUI\Downloads\NON_CV\invoice\89001674.tif,.tif
non_cv_00822,non_cv,news_article,raw/non_cv/news_article/non_cv_00822.tif,C:\Users\YassineSBOUI\Downloads\NON_CV\news_article\2046532807d.tif,.tif
non_cv_00823,non_cv,memo,raw/non_cv/memo/non_cv_00823.tif,C:\Users\YassineSBOUI\Downloads\NON_CV\memo\1003202007.tif,.tif
non_cv_00824,non_cv,resume,raw/non_cv/resume/non_cv_00824.tif,C:\Users\YassineSBOUI\Downloads\NON_CV\resume\50578635-8636.tif,.tif
non_cv_00825,non_cv,scientific_report,raw/non_cv/scientific_report/non_cv_00825.tif,C:\Users\YassineSBOUI\Downloads\NON_CV\scientific_report\1001757834_1001757840.tif,.tif
non_cv_00826,non_cv,presentation,raw/non_cv/presentation/non_cv_00826.tif,C:\Users\YassineSBOUI\Downloads\NON_CV\presentation\2080293170.tif,.tif
non_cv_00827,non_cv,specification,raw/non_cv/specification/non_cv_00827.tif,C:\Users\YassineSBOUI\Downloads\NON_CV\specification\513093013_513093021.tif,.tif
non_cv_00828,non_cv,invoice,raw/non_cv/invoice/non_cv_00828.tif,C:\Users\YassineSBOUI\Downloads\NON_CV\invoice\1002385044.tif,.tif
non_cv_00829,non_cv,scientific_report,raw/non_cv/scientific_report/non_cv_00829.tif,C:\Users\YassineSBOUI\Downloads\NON_CV\scientific_report\2076372836.tif,.tif
non_cv_00830,non_cv,presentation,raw/non_cv/presentation/non_cv_00830.tif,C:\Users\YassineSBOUI\Downloads\NON_CV\presentation\2073202185_2192.tif,.tif
non_cv_00831,non_cv,presentation,raw/non_cv/presentation/non_cv_00831.tif,C:\Users\YassineSBOUI\Downloads\NON_CV\presentation\2085219372_9404.tif,.tif
non_cv_00832,non_cv,memo,raw/non_cv/memo/non_cv_00832.tif,C:\Users\YassineSBOUI\Downloads\NON_CV\memo\2040790807.tif,.tif
non_cv_00833,non_cv,scientific_publication,raw/non_cv/scientific_publication/non_cv_00833.tif,C:\Users\YassineSBOUI\Downloads\NON_CV\scientific_publication\50527368-7368.tif,.tif
non_cv_00834,non_cv,news_article,raw/non_cv/news_article/non_cv_00834.tif,C:\Users\YassineSBOUI\Downloads\NON_CV\news_article\2500017051.tif,.tif
non_cv_00835,non_cv,budget,raw/non_cv/budget/non_cv_00835.tif,C:\Users\YassineSBOUI\Downloads\NON_CV\budget\2073008360.tif,.tif
non_cv_00836,non_cv,questionnaire,raw/non_cv/questionnaire/non_cv_00836.tif,C:\Users\YassineSBOUI\Downloads\NON_CV\questionnaire\2045600985_2045600986.tif,.tif
non_cv_00837,non_cv,resume,raw/non_cv/resume/non_cv_00837.tif,C:\Users\YassineSBOUI\Downloads\NON_CV\resume\50636826-6827.tif,.tif
non_cv_00838,non_cv,advertisement,raw/non_cv/advertisement/non_cv_00838.tif,C:\Users\YassineSBOUI\Downloads\NON_CV\advertisement\502595115.tif,.tif
non_cv_00839,non_cv,handwritten,raw/non_cv/handwritten/non_cv_00839.tif,C:\Users\YassineSBOUI\Downloads\NON_CV\handwritten\518227499+-7501.tif,.tif
non_cv_00840,non_cv,scientific_report,raw/non_cv/scientific_report/non_cv_00840.tif,C:\Users\YassineSBOUI\Downloads\NON_CV\scientific_report\2025815905_2025815912.tif,.tif
non_cv_00841,non_cv,letter,raw/non_cv/letter/non_cv_00841.tif,C:\Users\YassineSBOUI\Downloads\NON_CV\letter\0012717465.tif,.tif
non_cv_00842,non_cv,specification,raw/non_cv/specification/non_cv_00842.tif,C:\Users\YassineSBOUI\Downloads\NON_CV\specification\0000057608.tif,.tif
non_cv_00843,non_cv,invoice,raw/non_cv/invoice/non_cv_00843.tif,C:\Users\YassineSBOUI\Downloads\NON_CV\invoice\2028708836.tif,.tif
non_cv_00844,non_cv,presentation,raw/non_cv/presentation/non_cv_00844.tif,C:\Users\YassineSBOUI\Downloads\NON_CV\presentation\2501076141.tif,.tif
non_cv_00845,non_cv,advertisement,raw/non_cv/advertisement/non_cv_00845.tif,C:\Users\YassineSBOUI\Downloads\NON_CV\advertisement\33003454_33003455.tif,.tif
non_cv_00846,non_cv,scientific_report,raw/non_cv/scientific_report/non_cv_00846.tif,C:\Users\YassineSBOUI\Downloads\NON_CV\scientific_report\2031513110.tif,.tif
non_cv_00847,non_cv,letter,raw/non_cv/letter/non_cv_00847.tif,C:\Users\YassineSBOUI\Downloads\NON_CV\letter\502239774_502239780.tif,.tif
non_cv_00848,non_cv,scientific_publication,raw/non_cv/scientific_publication/non_cv_00848.tif,C:\Users\YassineSBOUI\Downloads\NON_CV\scientific_publication\2023522752_2023522757.tif,.tif
non_cv_00849,non_cv,advertisement,raw/non_cv/advertisement/non_cv_00849.tif,C:\Users\YassineSBOUI\Downloads\NON_CV\advertisement\2021311166.tif,.tif
non_cv_00850,non_cv,form,raw/non_cv/form/non_cv_00850.tif,C:\Users\YassineSBOUI\Downloads\NON_CV\form\03308474.tif,.tif
non_cv_00851,non_cv,email,raw/non_cv/email/non_cv_00851.tif,C:\Users\YassineSBOUI\Downloads\NON_CV\email\2080174717a_4718.tif,.tif
non_cv_00852,non_cv,scientific_report,raw/non_cv/scientific_report/non_cv_00852.tif,C:\Users\YassineSBOUI\Downloads\NON_CV\scientific_report\2024552379.tif,.tif
non_cv_00853,non_cv,budget,raw/non_cv/budget/non_cv_00853.tif,C:\Users\YassineSBOUI\Downloads\NON_CV\budget\2040962845.tif,.tif
non_cv_00854,non_cv,file_folder,raw/non_cv/file_folder/non_cv_00854.tif,C:\Users\YassineSBOUI\Downloads\NON_CV\file_folder\2063870407.tif,.tif
non_cv_00855,non_cv,specification,raw/non_cv/specification/non_cv_00855.tif,C:\Users\YassineSBOUI\Downloads\NON_CV\specification\2023106187.tif,.tif
non_cv_00856,non_cv,file_folder,raw/non_cv/file_folder/non_cv_00856.tif,C:\Users\YassineSBOUI\Downloads\NON_CV\file_folder\2076557873.tif,.tif
non_cv_00857,non_cv,presentation,raw/non_cv/presentation/non_cv_00857.tif,C:\Users\YassineSBOUI\Downloads\NON_CV\presentation\2071620949_0991.tif,.tif
non_cv_00858,non_cv,advertisement,raw/non_cv/advertisement/non_cv_00858.tif,C:\Users\YassineSBOUI\Downloads\NON_CV\advertisement\85072427.tif,.tif
non_cv_00859,non_cv,scientific_report,raw/non_cv/scientific_report/non_cv_00859.tif,C:\Users\YassineSBOUI\Downloads\NON_CV\scientific_report\2501485188.tif,.tif
non_cv_00860,non_cv,handwritten,raw/non_cv/handwritten/non_cv_00860.tif,C:\Users\YassineSBOUI\Downloads\NON_CV\handwritten\515559341+-9343.tif,.tif
non_cv_00861,non_cv,letter,raw/non_cv/letter/non_cv_00861.tif,C:\Users\YassineSBOUI\Downloads\NON_CV\letter\2046412151.tif,.tif
non_cv_00862,non_cv,advertisement,raw/non_cv/advertisement/non_cv_00862.tif,C:\Users\YassineSBOUI\Downloads\NON_CV\advertisement\2063675232.tif,.tif
non_cv_00863,non_cv,file_folder,raw/non_cv/file_folder/non_cv_00863.tif,C:\Users\YassineSBOUI\Downloads\NON_CV\file_folder\2046304945.tif,.tif
non_cv_00864,non_cv,advertisement,raw/non_cv/advertisement/non_cv_00864.tif,C:\Users\YassineSBOUI\Downloads\NON_CV\advertisement\03567877.tif,.tif
non_cv_00865,non_cv,budget,raw/non_cv/budget/non_cv_00865.tif,C:\Users\YassineSBOUI\Downloads\NON_CV\budget\2051285314_2051285363.tif,.tif
non_cv_00866,non_cv,specification,raw/non_cv/specification/non_cv_00866.tif,C:\Users\YassineSBOUI\Downloads\NON_CV\specification\504525531.tif,.tif
non_cv_00867,non_cv,budget,raw/non_cv/budget/non_cv_00867.tif,C:\Users\YassineSBOUI\Downloads\NON_CV\budget\01408999.tif,.tif
non_cv_00868,non_cv,specification,raw/non_cv/specification/non_cv_00868.tif,C:\Users\YassineSBOUI\Downloads\NON_CV\specification\2057435175_2057435178.tif,.tif
non_cv_00869,non_cv,scientific_publication,raw/non_cv/scientific_publication/non_cv_00869.tif,C:\Users\YassineSBOUI\Downloads\NON_CV\scientific_publication\50617190-7190.tif,.tif
non_cv_00870,non_cv,scientific_publication,raw/non_cv/scientific_publication/non_cv_00870.tif,C:\Users\YassineSBOUI\Downloads\NON_CV\scientific_publication\2021619883_2021619886.tif,.tif
non_cv_00871,non_cv,handwritten,raw/non_cv/handwritten/non_cv_00871.tif,C:\Users\YassineSBOUI\Downloads\NON_CV\handwritten\500328162+-8162.tif,.tif
non_cv_00872,non_cv,news_article,raw/non_cv/news_article/non_cv_00872.tif,C:\Users\YassineSBOUI\Downloads\NON_CV\news_article\1002402274-a.tif,.tif
non_cv_00873,non_cv,resume,raw/non_cv/resume/non_cv_00873.tif,C:\Users\YassineSBOUI\Downloads\NON_CV\resume\50639254-9255.tif,.tif
non_cv_00874,non_cv,scientific_report,raw/non_cv/scientific_report/non_cv_00874.tif,C:\Users\YassineSBOUI\Downloads\NON_CV\scientific_report\1000357726_1000357754.tif,.tif
non_cv_00875,non_cv,invoice,raw/non_cv/invoice/non_cv_00875.tif,C:\Users\YassineSBOUI\Downloads\NON_CV\invoice\93117874.tif,.tif
non_cv_00876,non_cv,news_article,raw/non_cv/news_article/non_cv_00876.tif,C:\Users\YassineSBOUI\Downloads\NON_CV\news_article\2073011262.tif,.tif
non_cv_00877,non_cv,handwritten,raw/non_cv/handwritten/non_cv_00877.tif,C:\Users\YassineSBOUI\Downloads\NON_CV\handwritten\514874223+-4229.tif,.tif
non_cv_00878,non_cv,memo,raw/non_cv/memo/non_cv_00878.tif,C:\Users\YassineSBOUI\Downloads\NON_CV\memo\2075681736_1737.tif,.tif
non_cv_00879,non_cv,questionnaire,raw/non_cv/questionnaire/non_cv_00879.tif,C:\Users\YassineSBOUI\Downloads\NON_CV\questionnaire\514052865q-2892.tif,.tif
non_cv_00880,non_cv,scientific_report,raw/non_cv/scientific_report/non_cv_00880.tif,C:\Users\YassineSBOUI\Downloads\NON_CV\scientific_report\2028826945.tif,.tif
non_cv_00881,non_cv,news_article,raw/non_cv/news_article/non_cv_00881.tif,C:\Users\YassineSBOUI\Downloads\NON_CV\news_article\2025028954.tif,.tif
non_cv_00882,non_cv,advertisement,raw/non_cv/advertisement/non_cv_00882.tif,C:\Users\YassineSBOUI\Downloads\NON_CV\advertisement\2070716688_6689.tif,.tif
non_cv_00883,non_cv,form,raw/non_cv/form/non_cv_00883.tif,C:\Users\YassineSBOUI\Downloads\NON_CV\form\98040195.tif,.tif
non_cv_00884,non_cv,email,raw/non_cv/email/non_cv_00884.tif,C:\Users\YassineSBOUI\Downloads\NON_CV\email\530905773+-5774.tif,.tif
non_cv_00885,non_cv,advertisement,raw/non_cv/advertisement/non_cv_00885.tif,C:\Users\YassineSBOUI\Downloads\NON_CV\advertisement\92184309_4310.tif,.tif
non_cv_00886,non_cv,scientific_publication,raw/non_cv/scientific_publication/non_cv_00886.tif,C:\Users\YassineSBOUI\Downloads\NON_CV\scientific_publication\60003426_60003432.tif,.tif
non_cv_00887,non_cv,resume,raw/non_cv/resume/non_cv_00887.tif,C:\Users\YassineSBOUI\Downloads\NON_CV\resume\0001489550.tif,.tif
non_cv_00888,non_cv,invoice,raw/non_cv/invoice/non_cv_00888.tif,C:\Users\YassineSBOUI\Downloads\NON_CV\invoice\92679791.tif,.tif
non_cv_00889,non_cv,file_folder,raw/non_cv/file_folder/non_cv_00889.tif,C:\Users\YassineSBOUI\Downloads\NON_CV\file_folder\2085000666.tif,.tif
non_cv_00890,non_cv,email,raw/non_cv/email/non_cv_00890.tif,C:\Users\YassineSBOUI\Downloads\NON_CV\email\2085777897e_7898.tif,.tif
non_cv_00891,non_cv,budget,raw/non_cv/budget/non_cv_00891.tif,C:\Users\YassineSBOUI\Downloads\NON_CV\budget\01409447.tif,.tif
non_cv_00892,non_cv,memo,raw/non_cv/memo/non_cv_00892.tif,C:\Users\YassineSBOUI\Downloads\NON_CV\memo\0001489420.tif,.tif
non_cv_00893,non_cv,file_folder,raw/non_cv/file_folder/non_cv_00893.tif,C:\Users\YassineSBOUI\Downloads\NON_CV\file_folder\11312247.tif,.tif
non_cv_00894,non_cv,scientific_report,raw/non_cv/scientific_report/non_cv_00894.tif,C:\Users\YassineSBOUI\Downloads\NON_CV\scientific_report\2000783154_2000783156.tif,.tif
non_cv_00895,non_cv,memo,raw/non_cv/memo/non_cv_00895.tif,C:\Users\YassineSBOUI\Downloads\NON_CV\memo\ti12570574.tif,.tif
non_cv_00896,non_cv,presentation,raw/non_cv/presentation/non_cv_00896.tif,C:\Users\YassineSBOUI\Downloads\NON_CV\presentation\2078278082_8092.tif,.tif
non_cv_00897,non_cv,form,raw/non_cv/form/non_cv_00897.tif,C:\Users\YassineSBOUI\Downloads\NON_CV\form\2065063657_3658.tif,.tif
non_cv_00898,non_cv,questionnaire,raw/non_cv/questionnaire/non_cv_00898.tif,C:\Users\YassineSBOUI\Downloads\NON_CV\questionnaire\2083716298_6302.tif,.tif
non_cv_00899,non_cv,email,raw/non_cv/email/non_cv_00899.tif,C:\Users\YassineSBOUI\Downloads\NON_CV\email\2078801083.tif,.tif
non_cv_00900,non_cv,advertisement,raw/non_cv/advertisement/non_cv_00900.tif,C:\Users\YassineSBOUI\Downloads\NON_CV\advertisement\96323886.tif,.tif
non_cv_00901,non_cv,questionnaire,raw/non_cv/questionnaire/non_cv_00901.tif,C:\Users\YassineSBOUI\Downloads\NON_CV\questionnaire\0000176600.tif,.tif
non_cv_00902,non_cv,advertisement,raw/non_cv/advertisement/non_cv_00902.tif,C:\Users\YassineSBOUI\Downloads\NON_CV\advertisement\514765427+-5427.tif,.tif
non_cv_00903,non_cv,questionnaire,raw/non_cv/questionnaire/non_cv_00903.tif,C:\Users\YassineSBOUI\Downloads\NON_CV\questionnaire\0001233100.tif,.tif
non_cv_00904,non_cv,questionnaire,raw/non_cv/questionnaire/non_cv_00904.tif,C:\Users\YassineSBOUI\Downloads\NON_CV\questionnaire\0000176519.tif,.tif
non_cv_00905,non_cv,questionnaire,raw/non_cv/questionnaire/non_cv_00905.tif,C:\Users\YassineSBOUI\Downloads\NON_CV\questionnaire\1000367764_1000367767.tif,.tif
non_cv_00906,non_cv,resume,raw/non_cv/resume/non_cv_00906.tif,C:\Users\YassineSBOUI\Downloads\NON_CV\resume\11289584_11289586.tif,.tif
non_cv_00907,non_cv,handwritten,raw/non_cv/handwritten/non_cv_00907.tif,C:\Users\YassineSBOUI\Downloads\NON_CV\handwritten\505438483_505438486.tif,.tif
non_cv_00908,non_cv,resume,raw/non_cv/resume/non_cv_00908.tif,C:\Users\YassineSBOUI\Downloads\NON_CV\resume\50488965-8966.tif,.tif
non_cv_00909,non_cv,scientific_publication,raw/non_cv/scientific_publication/non_cv_00909.tif,C:\Users\YassineSBOUI\Downloads\NON_CV\scientific_publication\50424149-4149.tif,.tif
non_cv_00910,non_cv,news_article,raw/non_cv/news_article/non_cv_00910.tif,C:\Users\YassineSBOUI\Downloads\NON_CV\news_article\2082845737_5738.tif,.tif
non_cv_00911,non_cv,resume,raw/non_cv/resume/non_cv_00911.tif,C:\Users\YassineSBOUI\Downloads\NON_CV\resume\50403154-3155.tif,.tif
non_cv_00912,non_cv,memo,raw/non_cv/memo/non_cv_00912.tif,C:\Users\YassineSBOUI\Downloads\NON_CV\memo\1002400425.tif,.tif
non_cv_00913,non_cv,budget,raw/non_cv/budget/non_cv_00913.tif,C:\Users\YassineSBOUI\Downloads\NON_CV\budget\2040965000.tif,.tif
non_cv_00914,non_cv,email,raw/non_cv/email/non_cv_00914.tif,C:\Users\YassineSBOUI\Downloads\NON_CV\email\2505165508.tif,.tif
non_cv_00915,non_cv,questionnaire,raw/non_cv/questionnaire/non_cv_00915.tif,C:\Users\YassineSBOUI\Downloads\NON_CV\questionnaire\1001755095_1001755101.tif,.tif
non_cv_00916,non_cv,email,raw/non_cv/email/non_cv_00916.tif,C:\Users\YassineSBOUI\Downloads\NON_CV\email\2085122040a.tif,.tif
non_cv_00917,non_cv,presentation,raw/non_cv/presentation/non_cv_00917.tif,C:\Users\YassineSBOUI\Downloads\NON_CV\presentation\2063531926_1942.tif,.tif
non_cv_00918,non_cv,news_article,raw/non_cv/news_article/non_cv_00918.tif,C:\Users\YassineSBOUI\Downloads\NON_CV\news_article\2083790253.tif,.tif
non_cv_00919,non_cv,questionnaire,raw/non_cv/questionnaire/non_cv_00919.tif,C:\Users\YassineSBOUI\Downloads\NON_CV\questionnaire\505526678_505526692.tif,.tif
non_cv_00920,non_cv,email,raw/non_cv/email/non_cv_00920.tif,C:\Users\YassineSBOUI\Downloads\NON_CV\email\529291955+-1955.tif,.tif
non_cv_00921,non_cv,handwritten,raw/non_cv/handwritten/non_cv_00921.tif,C:\Users\YassineSBOUI\Downloads\NON_CV\handwritten\522755340+-5344.tif,.tif
non_cv_00922,non_cv,specification,raw/non_cv/specification/non_cv_00922.tif,C:\Users\YassineSBOUI\Downloads\NON_CV\specification\0000080824.tif,.tif
non_cv_00923,non_cv,invoice,raw/non_cv/invoice/non_cv_00923.tif,C:\Users\YassineSBOUI\Downloads\NON_CV\invoice\2028723463.tif,.tif
non_cv_00924,non_cv,scientific_report,raw/non_cv/scientific_report/non_cv_00924.tif,C:\Users\YassineSBOUI\Downloads\NON_CV\scientific_report\2072171424.tif,.tif
non_cv_00925,non_cv,advertisement,raw/non_cv/advertisement/non_cv_00925.tif,C:\Users\YassineSBOUI\Downloads\NON_CV\advertisement\509131673a-1674.tif,.tif
non_cv_00926,non_cv,memo,raw/non_cv/memo/non_cv_00926.tif,C:\Users\YassineSBOUI\Downloads\NON_CV\memo\0001178156.tif,.tif
non_cv_00927,non_cv,news_article,raw/non_cv/news_article/non_cv_00927.tif,C:\Users\YassineSBOUI\Downloads\NON_CV\news_article\tob00719.74.tif,.tif
non_cv_00928,non_cv,specification,raw/non_cv/specification/non_cv_00928.tif,C:\Users\YassineSBOUI\Downloads\NON_CV\specification\2057475589_2057475590.tif,.tif
non_cv_00929,non_cv,handwritten,raw/non_cv/handwritten/non_cv_00929.tif,C:\Users\YassineSBOUI\Downloads\NON_CV\handwritten\505998423.tif,.tif
non_cv_00930,non_cv,news_article,raw/non_cv/news_article/non_cv_00930.tif,C:\Users\YassineSBOUI\Downloads\NON_CV\news_article\2057789746.tif,.tif
non_cv_00931,non_cv,memo,raw/non_cv/memo/non_cv_00931.tif,C:\Users\YassineSBOUI\Downloads\NON_CV\memo\2000512927.tif,.tif
non_cv_00932,non_cv,budget,raw/non_cv/budget/non_cv_00932.tif,C:\Users\YassineSBOUI\Downloads\NON_CV\budget\2024418959.tif,.tif
non_cv_00933,non_cv,memo,raw/non_cv/memo/non_cv_00933.tif,C:\Users\YassineSBOUI\Downloads\NON_CV\memo\83926214.tif,.tif
non_cv_00934,non_cv,scientific_report,raw/non_cv/scientific_report/non_cv_00934.tif,C:\Users\YassineSBOUI\Downloads\NON_CV\scientific_report\81305282.tif,.tif
non_cv_00935,non_cv,invoice,raw/non_cv/invoice/non_cv_00935.tif,C:\Users\YassineSBOUI\Downloads\NON_CV\invoice\502221726+-1749.tif,.tif
non_cv_00936,non_cv,questionnaire,raw/non_cv/questionnaire/non_cv_00936.tif,C:\Users\YassineSBOUI\Downloads\NON_CV\questionnaire\01835630_5634.tif,.tif
non_cv_00937,non_cv,email,raw/non_cv/email/non_cv_00937.tif,C:\Users\YassineSBOUI\Downloads\NON_CV\email\0011834351.tif,.tif
non_cv_00938,non_cv,presentation,raw/non_cv/presentation/non_cv_00938.tif,C:\Users\YassineSBOUI\Downloads\NON_CV\presentation\2025853402_2025853403.tif,.tif
non_cv_00939,non_cv,budget,raw/non_cv/budget/non_cv_00939.tif,C:\Users\YassineSBOUI\Downloads\NON_CV\budget\2041371485.tif,.tif
non_cv_00940,non_cv,budget,raw/non_cv/budget/non_cv_00940.tif,C:\Users\YassineSBOUI\Downloads\NON_CV\budget\tob18708.59.tif,.tif
non_cv_00941,non_cv,scientific_publication,raw/non_cv/scientific_publication/non_cv_00941.tif,C:\Users\YassineSBOUI\Downloads\NON_CV\scientific_publication\94613492_3499.tif,.tif
non_cv_00942,non_cv,news_article,raw/non_cv/news_article/non_cv_00942.tif,C:\Users\YassineSBOUI\Downloads\NON_CV\news_article\ti17181779.tif,.tif
non_cv_00943,non_cv,file_folder,raw/non_cv/file_folder/non_cv_00943.tif,C:\Users\YassineSBOUI\Downloads\NON_CV\file_folder\2043599920.tif,.tif
non_cv_00944,non_cv,letter,raw/non_cv/letter/non_cv_00944.tif,C:\Users\YassineSBOUI\Downloads\NON_CV\letter\518206349+-6350.tif,.tif
non_cv_00945,non_cv,form,raw/non_cv/form/non_cv_00945.tif,C:\Users\YassineSBOUI\Downloads\NON_CV\form\525460282+-0282.tif,.tif
non_cv_00946,non_cv,form,raw/non_cv/form/non_cv_00946.tif,C:\Users\YassineSBOUI\Downloads\NON_CV\form\2026493263.tif,.tif
non_cv_00947,non_cv,news_article,raw/non_cv/news_article/non_cv_00947.tif,C:\Users\YassineSBOUI\Downloads\NON_CV\news_article\1003727246_1003727249.tif,.tif
non_cv_00948,non_cv,advertisement,raw/non_cv/advertisement/non_cv_00948.tif,C:\Users\YassineSBOUI\Downloads\NON_CV\advertisement\0000558029.tif,.tif
non_cv_00949,non_cv,advertisement,raw/non_cv/advertisement/non_cv_00949.tif,C:\Users\YassineSBOUI\Downloads\NON_CV\advertisement\0000322446.tif,.tif
non_cv_00950,non_cv,letter,raw/non_cv/letter/non_cv_00950.tif,C:\Users\YassineSBOUI\Downloads\NON_CV\letter\1005046793.tif,.tif
non_cv_00951,non_cv,scientific_publication,raw/non_cv/scientific_publication/non_cv_00951.tif,C:\Users\YassineSBOUI\Downloads\NON_CV\scientific_publication\2072795487_5494.tif,.tif
non_cv_00952,non_cv,handwritten,raw/non_cv/handwritten/non_cv_00952.tif,C:\Users\YassineSBOUI\Downloads\NON_CV\handwritten\517727177+-7183.tif,.tif
non_cv_00953,non_cv,scientific_publication,raw/non_cv/scientific_publication/non_cv_00953.tif,C:\Users\YassineSBOUI\Downloads\NON_CV\scientific_publication\2501885569_5587.tif,.tif
non_cv_00954,non_cv,file_folder,raw/non_cv/file_folder/non_cv_00954.tif,C:\Users\YassineSBOUI\Downloads\NON_CV\file_folder\2079139588.tif,.tif
non_cv_00955,non_cv,handwritten,raw/non_cv/handwritten/non_cv_00955.tif,C:\Users\YassineSBOUI\Downloads\NON_CV\handwritten\522853297+-3301.tif,.tif
non_cv_00956,non_cv,resume,raw/non_cv/resume/non_cv_00956.tif,C:\Users\YassineSBOUI\Downloads\NON_CV\resume\10122524_10122525.tif,.tif
non_cv_00957,non_cv,invoice,raw/non_cv/invoice/non_cv_00957.tif,C:\Users\YassineSBOUI\Downloads\NON_CV\invoice\89001134.tif,.tif
non_cv_00958,non_cv,file_folder,raw/non_cv/file_folder/non_cv_00958.tif,C:\Users\YassineSBOUI\Downloads\NON_CV\file_folder\0060027750.tif,.tif
non_cv_00959,non_cv,specification,raw/non_cv/specification/non_cv_00959.tif,C:\Users\YassineSBOUI\Downloads\NON_CV\specification\2057423888_2057423890.tif,.tif
non_cv_00960,non_cv,advertisement,raw/non_cv/advertisement/non_cv_00960.tif,C:\Users\YassineSBOUI\Downloads\NON_CV\advertisement\87688480.tif,.tif
non_cv_00961,non_cv,presentation,raw/non_cv/presentation/non_cv_00961.tif,C:\Users\YassineSBOUI\Downloads\NON_CV\presentation\0000960334.tif,.tif
non_cv_00962,non_cv,advertisement,raw/non_cv/advertisement/non_cv_00962.tif,C:\Users\YassineSBOUI\Downloads\NON_CV\advertisement\502592236.tif,.tif
non_cv_00963,non_cv,file_folder,raw/non_cv/file_folder/non_cv_00963.tif,C:\Users\YassineSBOUI\Downloads\NON_CV\file_folder\2030213310.tif,.tif
non_cv_00964,non_cv,letter,raw/non_cv/letter/non_cv_00964.tif,C:\Users\YassineSBOUI\Downloads\NON_CV\letter\502420223.tif,.tif
non_cv_00965,non_cv,email,raw/non_cv/email/non_cv_00965.tif,C:\Users\YassineSBOUI\Downloads\NON_CV\email\2085696642.tif,.tif
non_cv_00966,non_cv,invoice,raw/non_cv/invoice/non_cv_00966.tif,C:\Users\YassineSBOUI\Downloads\NON_CV\invoice\2028743150_2028743151.tif,.tif
non_cv_00967,non_cv,budget,raw/non_cv/budget/non_cv_00967.tif,C:\Users\YassineSBOUI\Downloads\NON_CV\budget\tob07917.42.tif,.tif
non_cv_00968,non_cv,email,raw/non_cv/email/non_cv_00968.tif,C:\Users\YassineSBOUI\Downloads\NON_CV\email\528790254+-0260.tif,.tif
non_cv_00969,non_cv,scientific_publication,raw/non_cv/scientific_publication/non_cv_00969.tif,C:\Users\YassineSBOUI\Downloads\NON_CV\scientific_publication\11295764.tif,.tif
non_cv_00970,non_cv,letter,raw/non_cv/letter/non_cv_00970.tif,C:\Users\YassineSBOUI\Downloads\NON_CV\letter\2062856725_2062856727.tif,.tif
non_cv_00971,non_cv,resume,raw/non_cv/resume/non_cv_00971.tif,C:\Users\YassineSBOUI\Downloads\NON_CV\resume\40038593-8593.tif,.tif
non_cv_00972,non_cv,form,raw/non_cv/form/non_cv_00972.tif,C:\Users\YassineSBOUI\Downloads\NON_CV\form\500079115.tif,.tif
non_cv_00973,non_cv,questionnaire,raw/non_cv/questionnaire/non_cv_00973.tif,C:\Users\YassineSBOUI\Downloads\NON_CV\questionnaire\0060282164.tif,.tif
non_cv_00974,non_cv,specification,raw/non_cv/specification/non_cv_00974.tif,C:\Users\YassineSBOUI\Downloads\NON_CV\specification\2031308399.tif,.tif
non_cv_00975,non_cv,handwritten,raw/non_cv/handwritten/non_cv_00975.tif,C:\Users\YassineSBOUI\Downloads\NON_CV\handwritten\505956026_505956028.tif,.tif
non_cv_00976,non_cv,budget,raw/non_cv/budget/non_cv_00976.tif,C:\Users\YassineSBOUI\Downloads\NON_CV\budget\2021649804.tif,.tif
non_cv_00977,non_cv,email,raw/non_cv/email/non_cv_00977.tif,C:\Users\YassineSBOUI\Downloads\NON_CV\email\2067286651.tif,.tif
non_cv_00978,non_cv,handwritten,raw/non_cv/handwritten/non_cv_00978.tif,C:\Users\YassineSBOUI\Downloads\NON_CV\handwritten\504645006_504645008.tif,.tif
non_cv_00979,non_cv,invoice,raw/non_cv/invoice/non_cv_00979.tif,C:\Users\YassineSBOUI\Downloads\NON_CV\invoice\91696127.tif,.tif
non_cv_00980,non_cv,questionnaire,raw/non_cv/questionnaire/non_cv_00980.tif,C:\Users\YassineSBOUI\Downloads\NON_CV\questionnaire\0000244582.tif,.tif
non_cv_00981,non_cv,presentation,raw/non_cv/presentation/non_cv_00981.tif,C:\Users\YassineSBOUI\Downloads\NON_CV\presentation\2048277029_7045.tif,.tif
non_cv_00982,non_cv,scientific_report,raw/non_cv/scientific_report/non_cv_00982.tif,C:\Users\YassineSBOUI\Downloads\NON_CV\scientific_report\2062574017.tif,.tif
non_cv_00983,non_cv,scientific_publication,raw/non_cv/scientific_publication/non_cv_00983.tif,C:\Users\YassineSBOUI\Downloads\NON_CV\scientific_publication\87489294.tif,.tif
non_cv_00984,non_cv,questionnaire,raw/non_cv/questionnaire/non_cv_00984.tif,C:\Users\YassineSBOUI\Downloads\NON_CV\questionnaire\502836774.tif,.tif
non_cv_00985,non_cv,advertisement,raw/non_cv/advertisement/non_cv_00985.tif,C:\Users\YassineSBOUI\Downloads\NON_CV\advertisement\2072024417_4417a.tif,.tif
non_cv_00986,non_cv,budget,raw/non_cv/budget/non_cv_00986.tif,C:\Users\YassineSBOUI\Downloads\NON_CV\budget\96331017.tif,.tif
non_cv_00987,non_cv,advertisement,raw/non_cv/advertisement/non_cv_00987.tif,C:\Users\YassineSBOUI\Downloads\NON_CV\advertisement\503973789+-3789.tif,.tif
non_cv_00988,non_cv,advertisement,raw/non_cv/advertisement/non_cv_00988.tif,C:\Users\YassineSBOUI\Downloads\NON_CV\advertisement\502597439.tif,.tif
non_cv_00989,non_cv,form,raw/non_cv/form/non_cv_00989.tif,C:\Users\YassineSBOUI\Downloads\NON_CV\form\2083856478.tif,.tif
non_cv_00990,non_cv,presentation,raw/non_cv/presentation/non_cv_00990.tif,C:\Users\YassineSBOUI\Downloads\NON_CV\presentation\tob00721.37.tif,.tif
non_cv_00991,non_cv,news_article,raw/non_cv/news_article/non_cv_00991.tif,C:\Users\YassineSBOUI\Downloads\NON_CV\news_article\2084473805.tif,.tif
non_cv_00992,non_cv,scientific_publication,raw/non_cv/scientific_publication/non_cv_00992.tif,C:\Users\YassineSBOUI\Downloads\NON_CV\scientific_publication\2021567033.tif,.tif
non_cv_00993,non_cv,scientific_report,raw/non_cv/scientific_report/non_cv_00993.tif,C:\Users\YassineSBOUI\Downloads\NON_CV\scientific_report\2057239530.tif,.tif
non_cv_00994,non_cv,handwritten,raw/non_cv/handwritten/non_cv_00994.tif,C:\Users\YassineSBOUI\Downloads\NON_CV\handwritten\522738478+-8481.tif,.tif
non_cv_00995,non_cv,questionnaire,raw/non_cv/questionnaire/non_cv_00995.tif,C:\Users\YassineSBOUI\Downloads\NON_CV\questionnaire\2077082791_2794.tif,.tif
non_cv_00996,non_cv,questionnaire,raw/non_cv/questionnaire/non_cv_00996.tif,C:\Users\YassineSBOUI\Downloads\NON_CV\questionnaire\2071323828.tif,.tif
non_cv_00997,non_cv,handwritten,raw/non_cv/handwritten/non_cv_00997.tif,C:\Users\YassineSBOUI\Downloads\NON_CV\handwritten\518113654.tif,.tif
non_cv_00998,non_cv,specification,raw/non_cv/specification/non_cv_00998.tif,C:\Users\YassineSBOUI\Downloads\NON_CV\specification\0060010664.tif,.tif
non_cv_00999,non_cv,news_article,raw/non_cv/news_article/non_cv_00999.tif,C:\Users\YassineSBOUI\Downloads\NON_CV\news_article\83631701.tif,.tif
non_cv_01000,non_cv,specification,raw/non_cv/specification/non_cv_01000.tif,C:\Users\YassineSBOUI\Downloads\NON_CV\specification\2057854077_2057854080.tif,.tif
non_cv_01001,non_cv,scientific_report,raw/non_cv/scientific_report/non_cv_01001.tif,C:\Users\YassineSBOUI\Downloads\NON_CV\scientific_report\2029117542.tif,.tif
non_cv_01002,non_cv,resume,raw/non_cv/resume/non_cv_01002.tif,C:\Users\YassineSBOUI\Downloads\NON_CV\resume\50664550-4550.tif,.tif
non_cv_01003,non_cv,scientific_report,raw/non_cv/scientific_report/non_cv_01003.tif,C:\Users\YassineSBOUI\Downloads\NON_CV\scientific_report\2050627797.tif,.tif
non_cv_01004,non_cv,budget,raw/non_cv/budget/non_cv_01004.tif,C:\Users\YassineSBOUI\Downloads\NON_CV\budget\98642719_2730.tif,.tif
non_cv_01005,non_cv,questionnaire,raw/non_cv/questionnaire/non_cv_01005.tif,C:\Users\YassineSBOUI\Downloads\NON_CV\questionnaire\2021504287_2021504294.tif,.tif
non_cv_01006,non_cv,invoice,raw/non_cv/invoice/non_cv_01006.tif,C:\Users\YassineSBOUI\Downloads\NON_CV\invoice\0013231727.tif,.tif
non_cv_01007,non_cv,letter,raw/non_cv/letter/non_cv_01007.tif,C:\Users\YassineSBOUI\Downloads\NON_CV\letter\503868115_503868117.tif,.tif
non_cv_01008,non_cv,news_article,raw/non_cv/news_article/non_cv_01008.tif,C:\Users\YassineSBOUI\Downloads\NON_CV\news_article\ti31299060.tif,.tif
non_cv_01009,non_cv,scientific_report,raw/non_cv/scientific_report/non_cv_01009.tif,C:\Users\YassineSBOUI\Downloads\NON_CV\scientific_report\2001290029_2001290068.tif,.tif
non_cv_01010,non_cv,memo,raw/non_cv/memo/non_cv_01010.tif,C:\Users\YassineSBOUI\Downloads\NON_CV\memo\0000495428.tif,.tif
non_cv_01011,non_cv,scientific_publication,raw/non_cv/scientific_publication/non_cv_01011.tif,C:\Users\YassineSBOUI\Downloads\NON_CV\scientific_publication\2023129212_2023129218.tif,.tif
non_cv_01012,non_cv,scientific_report,raw/non_cv/scientific_report/non_cv_01012.tif,C:\Users\YassineSBOUI\Downloads\NON_CV\scientific_report\2064386417_6454.tif,.tif
non_cv_01013,non_cv,advertisement,raw/non_cv/advertisement/non_cv_01013.tif,C:\Users\YassineSBOUI\Downloads\NON_CV\advertisement\71389954.tif,.tif
non_cv_01014,non_cv,resume,raw/non_cv/resume/non_cv_01014.tif,C:\Users\YassineSBOUI\Downloads\NON_CV\resume\50650170-0171.tif,.tif
non_cv_01015,non_cv,invoice,raw/non_cv/invoice/non_cv_01015.tif,C:\Users\YassineSBOUI\Downloads\NON_CV\invoice\2050763069.tif,.tif
non_cv_01016,non_cv,file_folder,raw/non_cv/file_folder/non_cv_01016.tif,C:\Users\YassineSBOUI\Downloads\NON_CV\file_folder\2030015282.tif,.tif
non_cv_01017,non_cv,file_folder,raw/non_cv/file_folder/non_cv_01017.tif,C:\Users\YassineSBOUI\Downloads\NON_CV\file_folder\89582840.tif,.tif
non_cv_01018,non_cv,resume,raw/non_cv/resume/non_cv_01018.tif,C:\Users\YassineSBOUI\Downloads\NON_CV\resume\40013213-3214.tif,.tif
non_cv_01019,non_cv,resume,raw/non_cv/resume/non_cv_01019.tif,C:\Users\YassineSBOUI\Downloads\NON_CV\resume\50114183-4186.tif,.tif
non_cv_01020,non_cv,budget,raw/non_cv/budget/non_cv_01020.tif,C:\Users\YassineSBOUI\Downloads\NON_CV\budget\93475419_93475420.tif,.tif
non_cv_01021,non_cv,invoice,raw/non_cv/invoice/non_cv_01021.tif,C:\Users\YassineSBOUI\Downloads\NON_CV\invoice\1000130819_1000130822.tif,.tif
non_cv_01022,non_cv,advertisement,raw/non_cv/advertisement/non_cv_01022.tif,C:\Users\YassineSBOUI\Downloads\NON_CV\advertisement\502592990.tif,.tif
non_cv_01023,non_cv,presentation,raw/non_cv/presentation/non_cv_01023.tif,C:\Users\YassineSBOUI\Downloads\NON_CV\presentation\2048345600_5607.tif,.tif
non_cv_01024,non_cv,letter,raw/non_cv/letter/non_cv_01024.tif,C:\Users\YassineSBOUI\Downloads\NON_CV\letter\0001141682.tif,.tif
non_cv_01025,non_cv,scientific_report,raw/non_cv/scientific_report/non_cv_01025.tif,C:\Users\YassineSBOUI\Downloads\NON_CV\scientific_report\1003225022_1003225065.tif,.tif
non_cv_01026,non_cv,resume,raw/non_cv/resume/non_cv_01026.tif,C:\Users\YassineSBOUI\Downloads\NON_CV\resume\50555866-5866.tif,.tif
non_cv_01027,non_cv,invoice,raw/non_cv/invoice/non_cv_01027.tif,C:\Users\YassineSBOUI\Downloads\NON_CV\invoice\03724966.tif,.tif
non_cv_01028,non_cv,specification,raw/non_cv/specification/non_cv_01028.tif,C:\Users\YassineSBOUI\Downloads\NON_CV\specification\508046953+-6955.tif,.tif
non_cv_01029,non_cv,letter,raw/non_cv/letter/non_cv_01029.tif,C:\Users\YassineSBOUI\Downloads\NON_CV\letter\50057141.tif,.tif
non_cv_01030,non_cv,questionnaire,raw/non_cv/questionnaire/non_cv_01030.tif,C:\Users\YassineSBOUI\Downloads\NON_CV\questionnaire\2041139225_2041139261.tif,.tif
non_cv_01031,non_cv,presentation,raw/non_cv/presentation/non_cv_01031.tif,C:\Users\YassineSBOUI\Downloads\NON_CV\presentation\0000952288.tif,.tif
non_cv_01032,non_cv,presentation,raw/non_cv/presentation/non_cv_01032.tif,C:\Users\YassineSBOUI\Downloads\NON_CV\presentation\2501046687_6692.tif,.tif
non_cv_01033,non_cv,invoice,raw/non_cv/invoice/non_cv_01033.tif,C:\Users\YassineSBOUI\Downloads\NON_CV\invoice\2028696444.tif,.tif
non_cv_01034,non_cv,presentation,raw/non_cv/presentation/non_cv_01034.tif,C:\Users\YassineSBOUI\Downloads\NON_CV\presentation\2046323153_2046323156.tif,.tif
non_cv_01035,non_cv,news_article,raw/non_cv/news_article/non_cv_01035.tif,C:\Users\YassineSBOUI\Downloads\NON_CV\news_article\2022850245.tif,.tif
non_cv_01036,non_cv,scientific_report,raw/non_cv/scientific_report/non_cv_01036.tif,C:\Users\YassineSBOUI\Downloads\NON_CV\scientific_report\2073516164.tif,.tif
non_cv_01037,non_cv,scientific_publication,raw/non_cv/scientific_publication/non_cv_01037.tif,C:\Users\YassineSBOUI\Downloads\NON_CV\scientific_publication\2501093874-g_2501093874-i.tif,.tif
non_cv_01038,non_cv,scientific_report,raw/non_cv/scientific_report/non_cv_01038.tif,C:\Users\YassineSBOUI\Downloads\NON_CV\scientific_report\2001287749_7750.tif,.tif
non_cv_01039,non_cv,invoice,raw/non_cv/invoice/non_cv_01039.tif,C:\Users\YassineSBOUI\Downloads\NON_CV\invoice\01254373a.tif,.tif
non_cv_01040,non_cv,form,raw/non_cv/form/non_cv_01040.tif,C:\Users\YassineSBOUI\Downloads\NON_CV\form\2030354150_2030354151.tif,.tif
non_cv_01041,non_cv,budget,raw/non_cv/budget/non_cv_01041.tif,C:\Users\YassineSBOUI\Downloads\NON_CV\budget\tnwl0009471.tif,.tif
non_cv_01042,non_cv,scientific_publication,raw/non_cv/scientific_publication/non_cv_01042.tif,C:\Users\YassineSBOUI\Downloads\NON_CV\scientific_publication\50481502-1502.tif,.tif
non_cv_01043,non_cv,scientific_report,raw/non_cv/scientific_report/non_cv_01043.tif,C:\Users\YassineSBOUI\Downloads\NON_CV\scientific_report\CTRCONTRACTS000870-0.tif,.tif
non_cv_01044,non_cv,resume,raw/non_cv/resume/non_cv_01044.tif,C:\Users\YassineSBOUI\Downloads\NON_CV\resume\50442882-2882.tif,.tif
non_cv_01045,non_cv,questionnaire,raw/non_cv/questionnaire/non_cv_01045.tif,C:\Users\YassineSBOUI\Downloads\NON_CV\questionnaire\84411554_1560.tif,.tif
non_cv_01046,non_cv,presentation,raw/non_cv/presentation/non_cv_01046.tif,C:\Users\YassineSBOUI\Downloads\NON_CV\presentation\2043746892.tif,.tif
non_cv_01047,non_cv,email,raw/non_cv/email/non_cv_01047.tif,C:\Users\YassineSBOUI\Downloads\NON_CV\email\2085113248a.tif,.tif
non_cv_01048,non_cv,scientific_publication,raw/non_cv/scientific_publication/non_cv_01048.tif,C:\Users\YassineSBOUI\Downloads\NON_CV\scientific_publication\10349374_10349377.tif,.tif
non_cv_01049,non_cv,memo,raw/non_cv/memo/non_cv_01049.tif,C:\Users\YassineSBOUI\Downloads\NON_CV\memo\0060207644.tif,.tif
non_cv_01050,non_cv,invoice,raw/non_cv/invoice/non_cv_01050.tif,C:\Users\YassineSBOUI\Downloads\NON_CV\invoice\0060121960.tif,.tif
non_cv_01051,non_cv,presentation,raw/non_cv/presentation/non_cv_01051.tif,C:\Users\YassineSBOUI\Downloads\NON_CV\presentation\2070318097_8099.tif,.tif
non_cv_01052,non_cv,specification,raw/non_cv/specification/non_cv_01052.tif,C:\Users\YassineSBOUI\Downloads\NON_CV\specification\2057442686_2057442688.tif,.tif
non_cv_01053,non_cv,scientific_report,raw/non_cv/scientific_report/non_cv_01053.tif,C:\Users\YassineSBOUI\Downloads\NON_CV\scientific_report\2024983703_2024983709.tif,.tif
non_cv_01054,non_cv,scientific_report,raw/non_cv/scientific_report/non_cv_01054.tif,C:\Users\YassineSBOUI\Downloads\NON_CV\scientific_report\2025473869_2025473880.tif,.tif
non_cv_01055,non_cv,budget,raw/non_cv/budget/non_cv_01055.tif,C:\Users\YassineSBOUI\Downloads\NON_CV\budget\93475624_93475625.tif,.tif
non_cv_01056,non_cv,scientific_publication,raw/non_cv/scientific_publication/non_cv_01056.tif,C:\Users\YassineSBOUI\Downloads\NON_CV\scientific_publication\50400355-0355.tif,.tif
non_cv_01057,non_cv,form,raw/non_cv/form/non_cv_01057.tif,C:\Users\YassineSBOUI\Downloads\NON_CV\form\514013569_514013571.tif,.tif
non_cv_01058,non_cv,handwritten,raw/non_cv/handwritten/non_cv_01058.tif,C:\Users\YassineSBOUI\Downloads\NON_CV\handwritten\503404525.tif,.tif
non_cv_01059,non_cv,email,raw/non_cv/email/non_cv_01059.tif,C:\Users\YassineSBOUI\Downloads\NON_CV\email\530480743+-0746.tif,.tif
non_cv_01060,non_cv,advertisement,raw/non_cv/advertisement/non_cv_01060.tif,C:\Users\YassineSBOUI\Downloads\NON_CV\advertisement\2042276519.tif,.tif
non_cv_01061,non_cv,budget,raw/non_cv/budget/non_cv_01061.tif,C:\Users\YassineSBOUI\Downloads\NON_CV\budget\2040964531_2040964592.tif,.tif
non_cv_01062,non_cv,advertisement,raw/non_cv/advertisement/non_cv_01062.tif,C:\Users\YassineSBOUI\Downloads\NON_CV\advertisement\71123721.tif,.tif
non_cv_01063,non_cv,scientific_publication,raw/non_cv/scientific_publication/non_cv_01063.tif,C:\Users\YassineSBOUI\Downloads\NON_CV\scientific_publication\50374819-4819.tif,.tif
non_cv_01064,non_cv,advertisement,raw/non_cv/advertisement/non_cv_01064.tif,C:\Users\YassineSBOUI\Downloads\NON_CV\advertisement\94538084.tif,.tif
non_cv_01065,non_cv,email,raw/non_cv/email/non_cv_01065.tif,C:\Users\YassineSBOUI\Downloads\NON_CV\email\2085108803d_8804.tif,.tif
non_cv_01066,non_cv,news_article,raw/non_cv/news_article/non_cv_01066.tif,C:\Users\YassineSBOUI\Downloads\NON_CV\news_article\2082956174.tif,.tif
non_cv_01067,non_cv,file_folder,raw/non_cv/file_folder/non_cv_01067.tif,C:\Users\YassineSBOUI\Downloads\NON_CV\file_folder\2071718378.tif,.tif
non_cv_01068,non_cv,letter,raw/non_cv/letter/non_cv_01068.tif,C:\Users\YassineSBOUI\Downloads\NON_CV\letter\500084711_500084713.tif,.tif
non_cv_01069,non_cv,handwritten,raw/non_cv/handwritten/non_cv_01069.tif,C:\Users\YassineSBOUI\Downloads\NON_CV\handwritten\505873245_505873252.tif,.tif
non_cv_01070,non_cv,invoice,raw/non_cv/invoice/non_cv_01070.tif,C:\Users\YassineSBOUI\Downloads\NON_CV\invoice\0071033191.tif,.tif
non_cv_01071,non_cv,questionnaire,raw/non_cv/questionnaire/non_cv_01071.tif,C:\Users\YassineSBOUI\Downloads\NON_CV\questionnaire\0000244406.tif,.tif
non_cv_01072,non_cv,news_article,raw/non_cv/news_article/non_cv_01072.tif,C:\Users\YassineSBOUI\Downloads\NON_CV\news_article\ti01512696_2700.tif,.tif
non_cv_01073,non_cv,form,raw/non_cv/form/non_cv_01073.tif,C:\Users\YassineSBOUI\Downloads\NON_CV\form\2072522715.tif,.tif
non_cv_01074,non_cv,presentation,raw/non_cv/presentation/non_cv_01074.tif,C:\Users\YassineSBOUI\Downloads\NON_CV\presentation\2048458016_8017.tif,.tif
non_cv_01075,non_cv,specification,raw/non_cv/specification/non_cv_01075.tif,C:\Users\YassineSBOUI\Downloads\NON_CV\specification\2051555050.tif,.tif
non_cv_01076,non_cv,specification,raw/non_cv/specification/non_cv_01076.tif,C:\Users\YassineSBOUI\Downloads\NON_CV\specification\0000410298.tif,.tif
non_cv_01077,non_cv,scientific_report,raw/non_cv/scientific_report/non_cv_01077.tif,C:\Users\YassineSBOUI\Downloads\NON_CV\scientific_report\2501570938_2501570943.tif,.tif
non_cv_01078,non_cv,advertisement,raw/non_cv/advertisement/non_cv_01078.tif,C:\Users\YassineSBOUI\Downloads\NON_CV\advertisement\0000895935.tif,.tif
non_cv_01079,non_cv,specification,raw/non_cv/specification/non_cv_01079.tif,C:\Users\YassineSBOUI\Downloads\NON_CV\specification\2076270288.tif,.tif
non_cv_01080,non_cv,specification,raw/non_cv/specification/non_cv_01080.tif,C:\Users\YassineSBOUI\Downloads\NON_CV\specification\2069724076.tif,.tif
non_cv_01081,non_cv,resume,raw/non_cv/resume/non_cv_01081.tif,C:\Users\YassineSBOUI\Downloads\NON_CV\resume\50522167-2168.tif,.tif
non_cv_01082,non_cv,presentation,raw/non_cv/presentation/non_cv_01082.tif,C:\Users\YassineSBOUI\Downloads\NON_CV\presentation\0001210869.tif,.tif
non_cv_01083,non_cv,budget,raw/non_cv/budget/non_cv_01083.tif,C:\Users\YassineSBOUI\Downloads\NON_CV\budget\96652988.tif,.tif
non_cv_01084,non_cv,invoice,raw/non_cv/invoice/non_cv_01084.tif,C:\Users\YassineSBOUI\Downloads\NON_CV\invoice\500234675+-4675.tif,.tif
non_cv_01085,non_cv,letter,raw/non_cv/letter/non_cv_01085.tif,C:\Users\YassineSBOUI\Downloads\NON_CV\letter\508452624.tif,.tif
non_cv_01086,non_cv,memo,raw/non_cv/memo/non_cv_01086.tif,C:\Users\YassineSBOUI\Downloads\NON_CV\memo\2501443741-i.tif,.tif
non_cv_01087,non_cv,scientific_publication,raw/non_cv/scientific_publication/non_cv_01087.tif,C:\Users\YassineSBOUI\Downloads\NON_CV\scientific_publication\10404824_10404831.tif,.tif
non_cv_01088,non_cv,letter,raw/non_cv/letter/non_cv_01088.tif,C:\Users\YassineSBOUI\Downloads\NON_CV\letter\505108067.tif,.tif
non_cv_01089,non_cv,questionnaire,raw/non_cv/questionnaire/non_cv_01089.tif,C:\Users\YassineSBOUI\Downloads\NON_CV\questionnaire\12118546.tif,.tif
non_cv_01090,non_cv,handwritten,raw/non_cv/handwritten/non_cv_01090.tif,C:\Users\YassineSBOUI\Downloads\NON_CV\handwritten\506434854.tif,.tif
non_cv_01091,non_cv,file_folder,raw/non_cv/file_folder/non_cv_01091.tif,C:\Users\YassineSBOUI\Downloads\NON_CV\file_folder\50366051-6051.tif,.tif
non_cv_01092,non_cv,news_article,raw/non_cv/news_article/non_cv_01092.tif,C:\Users\YassineSBOUI\Downloads\NON_CV\news_article\91809329.tif,.tif
non_cv_01093,non_cv,invoice,raw/non_cv/invoice/non_cv_01093.tif,C:\Users\YassineSBOUI\Downloads\NON_CV\invoice\83565600.tif,.tif
non_cv_01094,non_cv,presentation,raw/non_cv/presentation/non_cv_01094.tif,C:\Users\YassineSBOUI\Downloads\NON_CV\presentation\2076799254_9264.tif,.tif
non_cv_01095,non_cv,file_folder,raw/non_cv/file_folder/non_cv_01095.tif,C:\Users\YassineSBOUI\Downloads\NON_CV\file_folder\2067540451.tif,.tif
non_cv_01096,non_cv,letter,raw/non_cv/letter/non_cv_01096.tif,C:\Users\YassineSBOUI\Downloads\NON_CV\letter\511505980+-5980.tif,.tif
non_cv_01097,non_cv,scientific_report,raw/non_cv/scientific_report/non_cv_01097.tif,C:\Users\YassineSBOUI\Downloads\NON_CV\scientific_report\88994119_88994139.tif,.tif
non_cv_01098,non_cv,letter,raw/non_cv/letter/non_cv_01098.tif,C:\Users\YassineSBOUI\Downloads\NON_CV\letter\82247448.tif,.tif
non_cv_01099,non_cv,scientific_publication,raw/non_cv/scientific_publication/non_cv_01099.tif,C:\Users\YassineSBOUI\Downloads\NON_CV\scientific_publication\50645098-5098.tif,.tif
non_cv_01100,non_cv,scientific_report,raw/non_cv/scientific_report/non_cv_01100.tif,C:\Users\YassineSBOUI\Downloads\NON_CV\scientific_report\2501541856.tif,.tif
non_cv_01101,non_cv,specification,raw/non_cv/specification/non_cv_01101.tif,C:\Users\YassineSBOUI\Downloads\NON_CV\specification\521513445+-3466.tif,.tif
non_cv_01102,non_cv,scientific_report,raw/non_cv/scientific_report/non_cv_01102.tif,C:\Users\YassineSBOUI\Downloads\NON_CV\scientific_report\1001762513_1001762515.tif,.tif
non_cv_01103,non_cv,handwritten,raw/non_cv/handwritten/non_cv_01103.tif,C:\Users\YassineSBOUI\Downloads\NON_CV\handwritten\501877971_501877972.tif,.tif
non_cv_01104,non_cv,specification,raw/non_cv/specification/non_cv_01104.tif,C:\Users\YassineSBOUI\Downloads\NON_CV\specification\2069711004.tif,.tif
non_cv_01105,non_cv,email,raw/non_cv/email/non_cv_01105.tif,C:\Users\YassineSBOUI\Downloads\NON_CV\email\2078871665.tif,.tif
non_cv_01106,non_cv,email,raw/non_cv/email/non_cv_01106.tif,C:\Users\YassineSBOUI\Downloads\NON_CV\email\2075601032b.tif,.tif
non_cv_01107,non_cv,form,raw/non_cv/form/non_cv_01107.tif,C:\Users\YassineSBOUI\Downloads\NON_CV\form\512981448.tif,.tif
non_cv_01108,non_cv,letter,raw/non_cv/letter/non_cv_01108.tif,C:\Users\YassineSBOUI\Downloads\NON_CV\letter\2021173547_2021173549.tif,.tif
non_cv_01109,non_cv,form,raw/non_cv/form/non_cv_01109.tif,C:\Users\YassineSBOUI\Downloads\NON_CV\form\2025998880.tif,.tif
non_cv_01110,non_cv,email,raw/non_cv/email/non_cv_01110.tif,C:\Users\YassineSBOUI\Downloads\NON_CV\email\2072746970d_6971.tif,.tif
non_cv_01111,non_cv,scientific_publication,raw/non_cv/scientific_publication/non_cv_01111.tif,C:\Users\YassineSBOUI\Downloads\NON_CV\scientific_publication\2505415023.tif,.tif
non_cv_01112,non_cv,questionnaire,raw/non_cv/questionnaire/non_cv_01112.tif,C:\Users\YassineSBOUI\Downloads\NON_CV\questionnaire\507323635+-3643.tif,.tif
non_cv_01113,non_cv,handwritten,raw/non_cv/handwritten/non_cv_01113.tif,C:\Users\YassineSBOUI\Downloads\NON_CV\handwritten\509305911.tif,.tif
non_cv_01114,non_cv,presentation,raw/non_cv/presentation/non_cv_01114.tif,C:\Users\YassineSBOUI\Downloads\NON_CV\presentation\2023148958_2023148972.tif,.tif
non_cv_01115,non_cv,questionnaire,raw/non_cv/questionnaire/non_cv_01115.tif,C:\Users\YassineSBOUI\Downloads\NON_CV\questionnaire\50021554.tif,.tif
non_cv_01116,non_cv,memo,raw/non_cv/memo/non_cv_01116.tif,C:\Users\YassineSBOUI\Downloads\NON_CV\memo\2061643050.tif,.tif
non_cv_01117,non_cv,specification,raw/non_cv/specification/non_cv_01117.tif,C:\Users\YassineSBOUI\Downloads\NON_CV\specification\2031316522.tif,.tif
non_cv_01118,non_cv,scientific_publication,raw/non_cv/scientific_publication/non_cv_01118.tif,C:\Users\YassineSBOUI\Downloads\NON_CV\scientific_publication\2028356860_2028356867.tif,.tif
non_cv_01119,non_cv,questionnaire,raw/non_cv/questionnaire/non_cv_01119.tif,C:\Users\YassineSBOUI\Downloads\NON_CV\questionnaire\2045620315_2045620317.tif,.tif
non_cv_01120,non_cv,specification,raw/non_cv/specification/non_cv_01120.tif,C:\Users\YassineSBOUI\Downloads\NON_CV\specification\2069712419.tif,.tif
non_cv_01121,non_cv,handwritten,raw/non_cv/handwritten/non_cv_01121.tif,C:\Users\YassineSBOUI\Downloads\NON_CV\handwritten\505901544.tif,.tif
non_cv_01122,non_cv,invoice,raw/non_cv/invoice/non_cv_01122.tif,C:\Users\YassineSBOUI\Downloads\NON_CV\invoice\2028697397.tif,.tif
non_cv_01123,non_cv,questionnaire,raw/non_cv/questionnaire/non_cv_01123.tif,C:\Users\YassineSBOUI\Downloads\NON_CV\questionnaire\0000176638.tif,.tif
non_cv_01124,non_cv,advertisement,raw/non_cv/advertisement/non_cv_01124.tif,C:\Users\YassineSBOUI\Downloads\NON_CV\advertisement\516643014+-3014.tif,.tif
non_cv_01125,non_cv,advertisement,raw/non_cv/advertisement/non_cv_01125.tif,C:\Users\YassineSBOUI\Downloads\NON_CV\advertisement\2045726547.tif,.tif
non_cv_01126,non_cv,budget,raw/non_cv/budget/non_cv_01126.tif,C:\Users\YassineSBOUI\Downloads\NON_CV\budget\2040799864.tif,.tif
non_cv_01127,non_cv,questionnaire,raw/non_cv/questionnaire/non_cv_01127.tif,C:\Users\YassineSBOUI\Downloads\NON_CV\questionnaire\0060187719.tif,.tif
non_cv_01128,non_cv,handwritten,raw/non_cv/handwritten/non_cv_01128.tif,C:\Users\YassineSBOUI\Downloads\NON_CV\handwritten\501043698+-3748.tif,.tif
non_cv_01129,non_cv,file_folder,raw/non_cv/file_folder/non_cv_01129.tif,C:\Users\YassineSBOUI\Downloads\NON_CV\file_folder\2023599688.tif,.tif
non_cv_01130,non_cv,budget,raw/non_cv/budget/non_cv_01130.tif,C:\Users\YassineSBOUI\Downloads\NON_CV\budget\89691396_1397.tif,.tif
non_cv_01131,non_cv,email,raw/non_cv/email/non_cv_01131.tif,C:\Users\YassineSBOUI\Downloads\NON_CV\email\2076167670.tif,.tif
non_cv_01132,non_cv,resume,raw/non_cv/resume/non_cv_01132.tif,C:\Users\YassineSBOUI\Downloads\NON_CV\resume\50406930-6931.tif,.tif
non_cv_01133,non_cv,file_folder,raw/non_cv/file_folder/non_cv_01133.tif,C:\Users\YassineSBOUI\Downloads\NON_CV\file_folder\2085131058.tif,.tif
non_cv_01134,non_cv,invoice,raw/non_cv/invoice/non_cv_01134.tif,C:\Users\YassineSBOUI\Downloads\NON_CV\invoice\95602764.tif,.tif
non_cv_01135,non_cv,memo,raw/non_cv/memo/non_cv_01135.tif,C:\Users\YassineSBOUI\Downloads\NON_CV\memo\1003396839_1003396842.tif,.tif
non_cv_01136,non_cv,form,raw/non_cv/form/non_cv_01136.tif,C:\Users\YassineSBOUI\Downloads\NON_CV\form\2505163123.tif,.tif
non_cv_01137,non_cv,email,raw/non_cv/email/non_cv_01137.tif,C:\Users\YassineSBOUI\Downloads\NON_CV\email\2085116467.tif,.tif
non_cv_01138,non_cv,invoice,raw/non_cv/invoice/non_cv_01138.tif,C:\Users\YassineSBOUI\Downloads\NON_CV\invoice\80702715.tif,.tif
non_cv_01139,non_cv,resume,raw/non_cv/resume/non_cv_01139.tif,C:\Users\YassineSBOUI\Downloads\NON_CV\resume\50581820-1821.tif,.tif
non_cv_01140,non_cv,presentation,raw/non_cv/presentation/non_cv_01140.tif,C:\Users\YassineSBOUI\Downloads\NON_CV\presentation\2080731438_1439.tif,.tif
non_cv_01141,non_cv,scientific_report,raw/non_cv/scientific_report/non_cv_01141.tif,C:\Users\YassineSBOUI\Downloads\NON_CV\scientific_report\2057764514_4516.tif,.tif
non_cv_01142,non_cv,handwritten,raw/non_cv/handwritten/non_cv_01142.tif,C:\Users\YassineSBOUI\Downloads\NON_CV\handwritten\522812644+-2645.tif,.tif
non_cv_01143,non_cv,scientific_publication,raw/non_cv/scientific_publication/non_cv_01143.tif,C:\Users\YassineSBOUI\Downloads\NON_CV\scientific_publication\2047219923_9928.tif,.tif
non_cv_01144,non_cv,scientific_publication,raw/non_cv/scientific_publication/non_cv_01144.tif,C:\Users\YassineSBOUI\Downloads\NON_CV\scientific_publication\83855904_5928.tif,.tif
non_cv_01145,non_cv,invoice,raw/non_cv/invoice/non_cv_01145.tif,C:\Users\YassineSBOUI\Downloads\NON_CV\invoice\2063780011.tif,.tif
non_cv_01146,non_cv,email,raw/non_cv/email/non_cv_01146.tif,C:\Users\YassineSBOUI\Downloads\NON_CV\email\2085134139b.tif,.tif
non_cv_01147,non_cv,news_article,raw/non_cv/news_article/non_cv_01147.tif,C:\Users\YassineSBOUI\Downloads\NON_CV\news_article\0000162018.tif,.tif
non_cv_01148,non_cv,handwritten,raw/non_cv/handwritten/non_cv_01148.tif,C:\Users\YassineSBOUI\Downloads\NON_CV\handwritten\506294163+-4164.tif,.tif
non_cv_01149,non_cv,resume,raw/non_cv/resume/non_cv_01149.tif,C:\Users\YassineSBOUI\Downloads\NON_CV\resume\2023714156.tif,.tif
non_cv_01150,non_cv,memo,raw/non_cv/memo/non_cv_01150.tif,C:\Users\YassineSBOUI\Downloads\NON_CV\memo\0060311759.tif,.tif
non_cv_01151,non_cv,file_folder,raw/non_cv/file_folder/non_cv_01151.tif,C:\Users\YassineSBOUI\Downloads\NON_CV\file_folder\2053454096.tif,.tif
non_cv_01152,non_cv,letter,raw/non_cv/letter/non_cv_01152.tif,C:\Users\YassineSBOUI\Downloads\NON_CV\letter\523233857+-3857.tif,.tif
non_cv_01153,non_cv,file_folder,raw/non_cv/file_folder/non_cv_01153.tif,C:\Users\YassineSBOUI\Downloads\NON_CV\file_folder\2024945347.tif,.tif
non_cv_01154,non_cv,specification,raw/non_cv/specification/non_cv_01154.tif,C:\Users\YassineSBOUI\Downloads\NON_CV\specification\2051531022_2051531030.tif,.tif
non_cv_01155,non_cv,form,raw/non_cv/form/non_cv_01155.tif,C:\Users\YassineSBOUI\Downloads\NON_CV\form\522399638+-9641.tif,.tif
non_cv_01156,non_cv,presentation,raw/non_cv/presentation/non_cv_01156.tif,C:\Users\YassineSBOUI\Downloads\NON_CV\presentation\1002975868.tif,.tif
non_cv_01157,non_cv,file_folder,raw/non_cv/file_folder/non_cv_01157.tif,C:\Users\YassineSBOUI\Downloads\NON_CV\file_folder\2046922639.tif,.tif
non_cv_01158,non_cv,memo,raw/non_cv/memo/non_cv_01158.tif,C:\Users\YassineSBOUI\Downloads\NON_CV\memo\98405473_5475.tif,.tif
non_cv_01159,non_cv,resume,raw/non_cv/resume/non_cv_01159.tif,C:\Users\YassineSBOUI\Downloads\NON_CV\resume\50401639-1640.tif,.tif
non_cv_01160,non_cv,invoice,raw/non_cv/invoice/non_cv_01160.tif,C:\Users\YassineSBOUI\Downloads\NON_CV\invoice\2085531595.tif,.tif
non_cv_01161,non_cv,scientific_publication,raw/non_cv/scientific_publication/non_cv_01161.tif,C:\Users\YassineSBOUI\Downloads\NON_CV\scientific_publication\1000117063.tif,.tif
non_cv_01162,non_cv,scientific_report,raw/non_cv/scientific_report/non_cv_01162.tif,C:\Users\YassineSBOUI\Downloads\NON_CV\scientific_report\2063126125_2063126128.tif,.tif
non_cv_01163,non_cv,budget,raw/non_cv/budget/non_cv_01163.tif,C:\Users\YassineSBOUI\Downloads\NON_CV\budget\2073821192_1193.tif,.tif
non_cv_01164,non_cv,advertisement,raw/non_cv/advertisement/non_cv_01164.tif,C:\Users\YassineSBOUI\Downloads\NON_CV\advertisement\503960054.tif,.tif
non_cv_01165,non_cv,advertisement,raw/non_cv/advertisement/non_cv_01165.tif,C:\Users\YassineSBOUI\Downloads\NON_CV\advertisement\501201378+-1379.tif,.tif
non_cv_01166,non_cv,form,raw/non_cv/form/non_cv_01166.tif,C:\Users\YassineSBOUI\Downloads\NON_CV\form\2075970824.tif,.tif
non_cv_01167,non_cv,letter,raw/non_cv/letter/non_cv_01167.tif,C:\Users\YassineSBOUI\Downloads\NON_CV\letter\2049403300.tif,.tif
non_cv_01168,non_cv,form,raw/non_cv/form/non_cv_01168.tif,C:\Users\YassineSBOUI\Downloads\NON_CV\form\2029179401_2029179402.tif,.tif
non_cv_01169,non_cv,letter,raw/non_cv/letter/non_cv_01169.tif,C:\Users\YassineSBOUI\Downloads\NON_CV\letter\0001136045.tif,.tif
non_cv_01170,non_cv,specification,raw/non_cv/specification/non_cv_01170.tif,C:\Users\YassineSBOUI\Downloads\NON_CV\specification\2031311871.tif,.tif
non_cv_01171,non_cv,letter,raw/non_cv/letter/non_cv_01171.tif,C:\Users\YassineSBOUI\Downloads\NON_CV\letter\50210171-0171.tif,.tif
non_cv_01172,non_cv,news_article,raw/non_cv/news_article/non_cv_01172.tif,C:\Users\YassineSBOUI\Downloads\NON_CV\news_article\tob10701.18.tif,.tif
non_cv_01173,non_cv,scientific_publication,raw/non_cv/scientific_publication/non_cv_01173.tif,C:\Users\YassineSBOUI\Downloads\NON_CV\scientific_publication\10381027.tif,.tif
non_cv_01174,non_cv,scientific_publication,raw/non_cv/scientific_publication/non_cv_01174.tif,C:\Users\YassineSBOUI\Downloads\NON_CV\scientific_publication\2015015263.tif,.tif
non_cv_01175,non_cv,invoice,raw/non_cv/invoice/non_cv_01175.tif,C:\Users\YassineSBOUI\Downloads\NON_CV\invoice\2026368745.tif,.tif
non_cv_01176,non_cv,specification,raw/non_cv/specification/non_cv_01176.tif,C:\Users\YassineSBOUI\Downloads\NON_CV\specification\0000056745.tif,.tif
non_cv_01177,non_cv,letter,raw/non_cv/letter/non_cv_01177.tif,C:\Users\YassineSBOUI\Downloads\NON_CV\letter\515121612+-1613.tif,.tif
non_cv_01178,non_cv,file_folder,raw/non_cv/file_folder/non_cv_01178.tif,C:\Users\YassineSBOUI\Downloads\NON_CV\file_folder\0013270734.tif,.tif
non_cv_01179,non_cv,scientific_report,raw/non_cv/scientific_report/non_cv_01179.tif,C:\Users\YassineSBOUI\Downloads\NON_CV\scientific_report\2501918995.tif,.tif
non_cv_01180,non_cv,questionnaire,raw/non_cv/questionnaire/non_cv_01180.tif,C:\Users\YassineSBOUI\Downloads\NON_CV\questionnaire\0000446160.tif,.tif
non_cv_01181,non_cv,email,raw/non_cv/email/non_cv_01181.tif,C:\Users\YassineSBOUI\Downloads\NON_CV\email\2085109714b.tif,.tif
non_cv_01182,non_cv,form,raw/non_cv/form/non_cv_01182.tif,C:\Users\YassineSBOUI\Downloads\NON_CV\form\512873930.tif,.tif
non_cv_01183,non_cv,resume,raw/non_cv/resume/non_cv_01183.tif,C:\Users\YassineSBOUI\Downloads\NON_CV\resume\50441105-1106.tif,.tif
non_cv_01184,non_cv,scientific_publication,raw/non_cv/scientific_publication/non_cv_01184.tif,C:\Users\YassineSBOUI\Downloads\NON_CV\scientific_publication\50420490-0502.tif,.tif
non_cv_01185,non_cv,questionnaire,raw/non_cv/questionnaire/non_cv_01185.tif,C:\Users\YassineSBOUI\Downloads\NON_CV\questionnaire\1002394832_1002394846.tif,.tif
non_cv_01186,non_cv,news_article,raw/non_cv/news_article/non_cv_01186.tif,C:\Users\YassineSBOUI\Downloads\NON_CV\news_article\2070343063.tif,.tif
non_cv_01187,non_cv,form,raw/non_cv/form/non_cv_01187.tif,C:\Users\YassineSBOUI\Downloads\NON_CV\form\98710438.tif,.tif
non_cv_01188,non_cv,scientific_publication,raw/non_cv/scientific_publication/non_cv_01188.tif,C:\Users\YassineSBOUI\Downloads\NON_CV\scientific_publication\1003801167_1169.tif,.tif
non_cv_01189,non_cv,memo,raw/non_cv/memo/non_cv_01189.tif,C:\Users\YassineSBOUI\Downloads\NON_CV\memo\0060277237.tif,.tif
non_cv_01190,non_cv,memo,raw/non_cv/memo/non_cv_01190.tif,C:\Users\YassineSBOUI\Downloads\NON_CV\memo\0000264280.tif,.tif
non_cv_01191,non_cv,letter,raw/non_cv/letter/non_cv_01191.tif,C:\Users\YassineSBOUI\Downloads\NON_CV\letter\50382699-2699.tif,.tif
non_cv_01192,non_cv,news_article,raw/non_cv/news_article/non_cv_01192.tif,C:\Users\YassineSBOUI\Downloads\NON_CV\news_article\2021257159.tif,.tif
non_cv_01193,non_cv,budget,raw/non_cv/budget/non_cv_01193.tif,C:\Users\YassineSBOUI\Downloads\NON_CV\budget\2025855255_2025855259.tif,.tif
non_cv_01194,non_cv,form,raw/non_cv/form/non_cv_01194.tif,C:\Users\YassineSBOUI\Downloads\NON_CV\form\522387989+-8001.tif,.tif
non_cv_01195,non_cv,invoice,raw/non_cv/invoice/non_cv_01195.tif,C:\Users\YassineSBOUI\Downloads\NON_CV\invoice\0001136649.tif,.tif
non_cv_01196,non_cv,scientific_publication,raw/non_cv/scientific_publication/non_cv_01196.tif,C:\Users\YassineSBOUI\Downloads\NON_CV\scientific_publication\91017483_91017490.tif,.tif
non_cv_01197,non_cv,letter,raw/non_cv/letter/non_cv_01197.tif,C:\Users\YassineSBOUI\Downloads\NON_CV\letter\2501327339_2501327340.tif,.tif
non_cv_01198,non_cv,file_folder,raw/non_cv/file_folder/non_cv_01198.tif,C:\Users\YassineSBOUI\Downloads\NON_CV\file_folder\2047860512.tif,.tif
non_cv_01199,non_cv,invoice,raw/non_cv/invoice/non_cv_01199.tif,C:\Users\YassineSBOUI\Downloads\NON_CV\invoice\0013027589.tif,.tif
non_cv_01200,non_cv,form,raw/non_cv/form/non_cv_01200.tif,C:\Users\YassineSBOUI\Downloads\NON_CV\form\2040758689.tif,.tif
non_cv_01201,non_cv,email,raw/non_cv/email/non_cv_01201.tif,C:\Users\YassineSBOUI\Downloads\NON_CV\email\2505107580a.tif,.tif
non_cv_01202,non_cv,questionnaire,raw/non_cv/questionnaire/non_cv_01202.tif,C:\Users\YassineSBOUI\Downloads\NON_CV\questionnaire\2043342807_2043342832.tif,.tif
non_cv_01203,non_cv,presentation,raw/non_cv/presentation/non_cv_01203.tif,C:\Users\YassineSBOUI\Downloads\NON_CV\presentation\0000468562.tif,.tif
non_cv_01204,non_cv,resume,raw/non_cv/resume/non_cv_01204.tif,C:\Users\YassineSBOUI\Downloads\NON_CV\resume\40043731-3732.tif,.tif
non_cv_01205,non_cv,presentation,raw/non_cv/presentation/non_cv_01205.tif,C:\Users\YassineSBOUI\Downloads\NON_CV\presentation\2075733081_3085.tif,.tif
non_cv_01206,non_cv,form,raw/non_cv/form/non_cv_01206.tif,C:\Users\YassineSBOUI\Downloads\NON_CV\form\2072612102.tif,.tif
non_cv_01207,non_cv,specification,raw/non_cv/specification/non_cv_01207.tif,C:\Users\YassineSBOUI\Downloads\NON_CV\specification\2051475412_2051475418.tif,.tif
non_cv_01208,non_cv,advertisement,raw/non_cv/advertisement/non_cv_01208.tif,C:\Users\YassineSBOUI\Downloads\NON_CV\advertisement\517507735+-7737.tif,.tif
non_cv_01209,non_cv,scientific_publication,raw/non_cv/scientific_publication/non_cv_01209.tif,C:\Users\YassineSBOUI\Downloads\NON_CV\scientific_publication\11314214.tif,.tif
non_cv_01210,non_cv,email,raw/non_cv/email/non_cv_01210.tif,C:\Users\YassineSBOUI\Downloads\NON_CV\email\527805280+-5280.tif,.tif
non_cv_01211,non_cv,specification,raw/non_cv/specification/non_cv_01211.tif,C:\Users\YassineSBOUI\Downloads\NON_CV\specification\2057451537_2057451539.tif,.tif
non_cv_01212,non_cv,memo,raw/non_cv/memo/non_cv_01212.tif,C:\Users\YassineSBOUI\Downloads\NON_CV\memo\0060324076.tif,.tif
non_cv_01213,non_cv,form,raw/non_cv/form/non_cv_01213.tif,C:\Users\YassineSBOUI\Downloads\NON_CV\form\2040773043_2040773044.tif,.tif
non_cv_01214,non_cv,file_folder,raw/non_cv/file_folder/non_cv_01214.tif,C:\Users\YassineSBOUI\Downloads\NON_CV\file_folder\60015813.tif,.tif
non_cv_01215,non_cv,budget,raw/non_cv/budget/non_cv_01215.tif,C:\Users\YassineSBOUI\Downloads\NON_CV\budget\2041379205_2041379208.tif,.tif
non_cv_01216,non_cv,handwritten,raw/non_cv/handwritten/non_cv_01216.tif,C:\Users\YassineSBOUI\Downloads\NON_CV\handwritten\500002030.tif,.tif
non_cv_01217,non_cv,scientific_report,raw/non_cv/scientific_report/non_cv_01217.tif,C:\Users\YassineSBOUI\Downloads\NON_CV\scientific_report\2075972594_2599.tif,.tif
non_cv_01218,non_cv,form,raw/non_cv/form/non_cv_01218.tif,C:\Users\YassineSBOUI\Downloads\NON_CV\form\2086086547.tif,.tif
non_cv_01219,non_cv,email,raw/non_cv/email/non_cv_01219.tif,C:\Users\YassineSBOUI\Downloads\NON_CV\email\2083705622.tif,.tif
non_cv_01220,non_cv,handwritten,raw/non_cv/handwritten/non_cv_01220.tif,C:\Users\YassineSBOUI\Downloads\NON_CV\handwritten\524268550+-8550.tif,.tif
non_cv_01221,non_cv,email,raw/non_cv/email/non_cv_01221.tif,C:\Users\YassineSBOUI\Downloads\NON_CV\email\2067687276_2067687277.tif,.tif
non_cv_01222,non_cv,invoice,raw/non_cv/invoice/non_cv_01222.tif,C:\Users\YassineSBOUI\Downloads\NON_CV\invoice\2028705503.tif,.tif
non_cv_01223,non_cv,form,raw/non_cv/form/non_cv_01223.tif,C:\Users\YassineSBOUI\Downloads\NON_CV\form\2076160516.tif,.tif
non_cv_01224,non_cv,resume,raw/non_cv/resume/non_cv_01224.tif,C:\Users\YassineSBOUI\Downloads\NON_CV\resume\50534262-4263.tif,.tif
non_cv_01225,non_cv,form,raw/non_cv/form/non_cv_01225.tif,C:\Users\YassineSBOUI\Downloads\NON_CV\form\2073624414.tif,.tif
non_cv_01226,non_cv,email,raw/non_cv/email/non_cv_01226.tif,C:\Users\YassineSBOUI\Downloads\NON_CV\email\2085111514a.tif,.tif
non_cv_01227,non_cv,budget,raw/non_cv/budget/non_cv_01227.tif,C:\Users\YassineSBOUI\Downloads\NON_CV\budget\2074075272_5275.tif,.tif
non_cv_01228,non_cv,invoice,raw/non_cv/invoice/non_cv_01228.tif,C:\Users\YassineSBOUI\Downloads\NON_CV\invoice\86610837.tif,.tif
non_cv_01229,non_cv,file_folder,raw/non_cv/file_folder/non_cv_01229.tif,C:\Users\YassineSBOUI\Downloads\NON_CV\file_folder\2043676330.tif,.tif
non_cv_01230,non_cv,letter,raw/non_cv/letter/non_cv_01230.tif,C:\Users\YassineSBOUI\Downloads\NON_CV\letter\0060174018.tif,.tif
non_cv_01231,non_cv,presentation,raw/non_cv/presentation/non_cv_01231.tif,C:\Users\YassineSBOUI\Downloads\NON_CV\presentation\2080270186_0194.tif,.tif
non_cv_01232,non_cv,handwritten,raw/non_cv/handwritten/non_cv_01232.tif,C:\Users\YassineSBOUI\Downloads\NON_CV\handwritten\514482383+-2398.tif,.tif
non_cv_01233,non_cv,presentation,raw/non_cv/presentation/non_cv_01233.tif,C:\Users\YassineSBOUI\Downloads\NON_CV\presentation\2012610279.tif,.tif
non_cv_01234,non_cv,specification,raw/non_cv/specification/non_cv_01234.tif,C:\Users\YassineSBOUI\Downloads\NON_CV\specification\2076355025.tif,.tif
non_cv_01235,non_cv,memo,raw/non_cv/memo/non_cv_01235.tif,C:\Users\YassineSBOUI\Downloads\NON_CV\memo\2057314908.tif,.tif
non_cv_01236,non_cv,resume,raw/non_cv/resume/non_cv_01236.tif,C:\Users\YassineSBOUI\Downloads\NON_CV\resume\50534567-4568.tif,.tif
non_cv_01237,non_cv,questionnaire,raw/non_cv/questionnaire/non_cv_01237.tif,C:\Users\YassineSBOUI\Downloads\NON_CV\questionnaire\2043344178_2043344207.tif,.tif
non_cv_01238,non_cv,email,raw/non_cv/email/non_cv_01238.tif,C:\Users\YassineSBOUI\Downloads\NON_CV\email\2085316289.tif,.tif
non_cv_01239,non_cv,memo,raw/non_cv/memo/non_cv_01239.tif,C:\Users\YassineSBOUI\Downloads\NON_CV\memo\94775871_5901.tif,.tif
non_cv_01240,non_cv,letter,raw/non_cv/letter/non_cv_01240.tif,C:\Users\YassineSBOUI\Downloads\NON_CV\letter\0060274090.tif,.tif
non_cv_01241,non_cv,form,raw/non_cv/form/non_cv_01241.tif,C:\Users\YassineSBOUI\Downloads\NON_CV\form\2023298821.tif,.tif
non_cv_01242,non_cv,letter,raw/non_cv/letter/non_cv_01242.tif,C:\Users\YassineSBOUI\Downloads\NON_CV\letter\83611174.tif,.tif
non_cv_01243,non_cv,invoice,raw/non_cv/invoice/non_cv_01243.tif,C:\Users\YassineSBOUI\Downloads\NON_CV\invoice\87285541_5542.tif,.tif
non_cv_01244,non_cv,advertisement,raw/non_cv/advertisement/non_cv_01244.tif,C:\Users\YassineSBOUI\Downloads\NON_CV\advertisement\1000325836_1000325840.tif,.tif
non_cv_01245,non_cv,file_folder,raw/non_cv/file_folder/non_cv_01245.tif,C:\Users\YassineSBOUI\Downloads\NON_CV\file_folder\0071003741.tif,.tif
non_cv_01246,non_cv,invoice,raw/non_cv/invoice/non_cv_01246.tif,C:\Users\YassineSBOUI\Downloads\NON_CV\invoice\0001140927.tif,.tif
non_cv_01247,non_cv,letter,raw/non_cv/letter/non_cv_01247.tif,C:\Users\YassineSBOUI\Downloads\NON_CV\letter\501477555.tif,.tif
non_cv_01248,non_cv,specification,raw/non_cv/specification/non_cv_01248.tif,C:\Users\YassineSBOUI\Downloads\NON_CV\specification\2031305209.tif,.tif
non_cv_01249,non_cv,file_folder,raw/non_cv/file_folder/non_cv_01249.tif,C:\Users\YassineSBOUI\Downloads\NON_CV\file_folder\2501423947.tif,.tif
non_cv_01250,non_cv,questionnaire,raw/non_cv/questionnaire/non_cv_01250.tif,C:\Users\YassineSBOUI\Downloads\NON_CV\questionnaire\503490688.tif,.tif
non_cv_01251,non_cv,invoice,raw/non_cv/invoice/non_cv_01251.tif,C:\Users\YassineSBOUI\Downloads\NON_CV\invoice\2049404765.tif,.tif
non_cv_01252,non_cv,file_folder,raw/non_cv/file_folder/non_cv_01252.tif,C:\Users\YassineSBOUI\Downloads\NON_CV\file_folder\50630959-0959.tif,.tif
non_cv_01253,non_cv,memo,raw/non_cv/memo/non_cv_01253.tif,C:\Users\YassineSBOUI\Downloads\NON_CV\memo\89552967_89552968.tif,.tif
non_cv_01254,non_cv,memo,raw/non_cv/memo/non_cv_01254.tif,C:\Users\YassineSBOUI\Downloads\NON_CV\memo\2073940141.tif,.tif
non_cv_01255,non_cv,email,raw/non_cv/email/non_cv_01255.tif,C:\Users\YassineSBOUI\Downloads\NON_CV\email\2073258085d_8086.tif,.tif
non_cv_01256,non_cv,handwritten,raw/non_cv/handwritten/non_cv_01256.tif,C:\Users\YassineSBOUI\Downloads\NON_CV\handwritten\501065833.tif,.tif
non_cv_01257,non_cv,memo,raw/non_cv/memo/non_cv_01257.tif,C:\Users\YassineSBOUI\Downloads\NON_CV\memo\tcal0367322.tif,.tif
non_cv_01258,non_cv,letter,raw/non_cv/letter/non_cv_01258.tif,C:\Users\YassineSBOUI\Downloads\NON_CV\letter\517295939+-5939.tif,.tif
non_cv_01259,non_cv,specification,raw/non_cv/specification/non_cv_01259.tif,C:\Users\YassineSBOUI\Downloads\NON_CV\specification\508582277.tif,.tif
non_cv_01260,non_cv,memo,raw/non_cv/memo/non_cv_01260.tif,C:\Users\YassineSBOUI\Downloads\NON_CV\memo\0000085691.tif,.tif
non_cv_01261,non_cv,advertisement,raw/non_cv/advertisement/non_cv_01261.tif,C:\Users\YassineSBOUI\Downloads\NON_CV\advertisement\71427669.tif,.tif
non_cv_01262,non_cv,resume,raw/non_cv/resume/non_cv_01262.tif,C:\Users\YassineSBOUI\Downloads\NON_CV\resume\50630512-0513.tif,.tif
non_cv_01263,non_cv,presentation,raw/non_cv/presentation/non_cv_01263.tif,C:\Users\YassineSBOUI\Downloads\NON_CV\presentation\2031046039.tif,.tif
non_cv_01264,non_cv,news_article,raw/non_cv/news_article/non_cv_01264.tif,C:\Users\YassineSBOUI\Downloads\NON_CV\news_article\2501374289.tif,.tif
non_cv_01265,non_cv,handwritten,raw/non_cv/handwritten/non_cv_01265.tif,C:\Users\YassineSBOUI\Downloads\NON_CV\handwritten\522714276+-4278.tif,.tif
non_cv_01266,non_cv,memo,raw/non_cv/memo/non_cv_01266.tif,C:\Users\YassineSBOUI\Downloads\NON_CV\memo\0060335299.tif,.tif
non_cv_01267,non_cv,presentation,raw/non_cv/presentation/non_cv_01267.tif,C:\Users\YassineSBOUI\Downloads\NON_CV\presentation\2054407775.tif,.tif
non_cv_01268,non_cv,resume,raw/non_cv/resume/non_cv_01268.tif,C:\Users\YassineSBOUI\Downloads\NON_CV\resume\40048312-8313.tif,.tif
non_cv_01269,non_cv,invoice,raw/non_cv/invoice/non_cv_01269.tif,C:\Users\YassineSBOUI\Downloads\NON_CV\invoice\94066653.tif,.tif
non_cv_01270,non_cv,questionnaire,raw/non_cv/questionnaire/non_cv_01270.tif,C:\Users\YassineSBOUI\Downloads\NON_CV\questionnaire\2049259715_9717.tif,.tif
non_cv_01271,non_cv,letter,raw/non_cv/letter/non_cv_01271.tif,C:\Users\YassineSBOUI\Downloads\NON_CV\letter\510357448+-7450.tif,.tif
non_cv_01272,non_cv,budget,raw/non_cv/budget/non_cv_01272.tif,C:\Users\YassineSBOUI\Downloads\NON_CV\budget\2049420059.tif,.tif
non_cv_01273,non_cv,presentation,raw/non_cv/presentation/non_cv_01273.tif,C:\Users\YassineSBOUI\Downloads\NON_CV\presentation\2081653185.tif,.tif
non_cv_01274,non_cv,news_article,raw/non_cv/news_article/non_cv_01274.tif,C:\Users\YassineSBOUI\Downloads\NON_CV\news_article\tob08303.20.tif,.tif
non_cv_01275,non_cv,email,raw/non_cv/email/non_cv_01275.tif,C:\Users\YassineSBOUI\Downloads\NON_CV\email\2083647686b_7687.tif,.tif
non_cv_01276,non_cv,budget,raw/non_cv/budget/non_cv_01276.tif,C:\Users\YassineSBOUI\Downloads\NON_CV\budget\2048759608.tif,.tif
non_cv_01277,non_cv,resume,raw/non_cv/resume/non_cv_01277.tif,C:\Users\YassineSBOUI\Downloads\NON_CV\resume\85685350_85685366.tif,.tif
non_cv_01278,non_cv,resume,raw/non_cv/resume/non_cv_01278.tif,C:\Users\YassineSBOUI\Downloads\NON_CV\resume\50528576-8577.tif,.tif
non_cv_01279,non_cv,budget,raw/non_cv/budget/non_cv_01279.tif,C:\Users\YassineSBOUI\Downloads\NON_CV\budget\04238734.tif,.tif
non_cv_01280,non_cv,invoice,raw/non_cv/invoice/non_cv_01280.tif,C:\Users\YassineSBOUI\Downloads\NON_CV\invoice\2043631610.tif,.tif
non_cv_01281,non_cv,letter,raw/non_cv/letter/non_cv_01281.tif,C:\Users\YassineSBOUI\Downloads\NON_CV\letter\2026514620.tif,.tif
non_cv_01282,non_cv,questionnaire,raw/non_cv/questionnaire/non_cv_01282.tif,C:\Users\YassineSBOUI\Downloads\NON_CV\questionnaire\2073888637_8638.tif,.tif
non_cv_01283,non_cv,invoice,raw/non_cv/invoice/non_cv_01283.tif,C:\Users\YassineSBOUI\Downloads\NON_CV\invoice\0001224220.tif,.tif
non_cv_01284,non_cv,scientific_report,raw/non_cv/scientific_report/non_cv_01284.tif,C:\Users\YassineSBOUI\Downloads\NON_CV\scientific_report\2024835572_2024835573.tif,.tif
non_cv_01285,non_cv,letter,raw/non_cv/letter/non_cv_01285.tif,C:\Users\YassineSBOUI\Downloads\NON_CV\letter\508615373.tif,.tif
non_cv_01286,non_cv,scientific_publication,raw/non_cv/scientific_publication/non_cv_01286.tif,C:\Users\YassineSBOUI\Downloads\NON_CV\scientific_publication\2028716296.tif,.tif
non_cv_01287,non_cv,memo,raw/non_cv/memo/non_cv_01287.tif,C:\Users\YassineSBOUI\Downloads\NON_CV\memo\tob10915.31.tif,.tif
non_cv_01288,non_cv,presentation,raw/non_cv/presentation/non_cv_01288.tif,C:\Users\YassineSBOUI\Downloads\NON_CV\presentation\2043043082_2043043084.tif,.tif
non_cv_01289,non_cv,advertisement,raw/non_cv/advertisement/non_cv_01289.tif,C:\Users\YassineSBOUI\Downloads\NON_CV\advertisement\502610352+-0352.tif,.tif
non_cv_01290,non_cv,budget,raw/non_cv/budget/non_cv_01290.tif,C:\Users\YassineSBOUI\Downloads\NON_CV\budget\tcal0470212.tif,.tif
non_cv_01291,non_cv,news_article,raw/non_cv/news_article/non_cv_01291.tif,C:\Users\YassineSBOUI\Downloads\NON_CV\news_article\2028345333.tif,.tif
non_cv_01292,non_cv,resume,raw/non_cv/resume/non_cv_01292.tif,C:\Users\YassineSBOUI\Downloads\NON_CV\resume\50579379-9380.tif,.tif
non_cv_01293,non_cv,memo,raw/non_cv/memo/non_cv_01293.tif,C:\Users\YassineSBOUI\Downloads\NON_CV\memo\2023789357.tif,.tif
non_cv_01294,non_cv,presentation,raw/non_cv/presentation/non_cv_01294.tif,C:\Users\YassineSBOUI\Downloads\NON_CV\presentation\2040752208_2040752281.tif,.tif
non_cv_01295,non_cv,handwritten,raw/non_cv/handwritten/non_cv_01295.tif,C:\Users\YassineSBOUI\Downloads\NON_CV\handwritten\509132739+-2739.tif,.tif
non_cv_01296,non_cv,form,raw/non_cv/form/non_cv_01296.tif,C:\Users\YassineSBOUI\Downloads\NON_CV\form\2065126045.tif,.tif
non_cv_01297,non_cv,form,raw/non_cv/form/non_cv_01297.tif,C:\Users\YassineSBOUI\Downloads\NON_CV\form\505998360.tif,.tif
non_cv_01298,non_cv,file_folder,raw/non_cv/file_folder/non_cv_01298.tif,C:\Users\YassineSBOUI\Downloads\NON_CV\file_folder\0060031420.tif,.tif
non_cv_01299,non_cv,budget,raw/non_cv/budget/non_cv_01299.tif,C:\Users\YassineSBOUI\Downloads\NON_CV\budget\2046523550_3552.tif,.tif
non_cv_01300,non_cv,resume,raw/non_cv/resume/non_cv_01300.tif,C:\Users\YassineSBOUI\Downloads\NON_CV\resume\50291221-1222.tif,.tif
non_cv_01301,non_cv,letter,raw/non_cv/letter/non_cv_01301.tif,C:\Users\YassineSBOUI\Downloads\NON_CV\letter\509697266.tif,.tif
non_cv_01302,non_cv,handwritten,raw/non_cv/handwritten/non_cv_01302.tif,C:\Users\YassineSBOUI\Downloads\NON_CV\handwritten\524035055+-5058.tif,.tif
non_cv_01303,non_cv,resume,raw/non_cv/resume/non_cv_01303.tif,C:\Users\YassineSBOUI\Downloads\NON_CV\resume\40005965-5966.tif,.tif
non_cv_01304,non_cv,news_article,raw/non_cv/news_article/non_cv_01304.tif,C:\Users\YassineSBOUI\Downloads\NON_CV\news_article\1003041142-b.tif,.tif
non_cv_01305,non_cv,memo,raw/non_cv/memo/non_cv_01305.tif,C:\Users\YassineSBOUI\Downloads\NON_CV\memo\2504002652.tif,.tif
non_cv_01306,non_cv,news_article,raw/non_cv/news_article/non_cv_01306.tif,C:\Users\YassineSBOUI\Downloads\NON_CV\news_article\2046527640_2046527649.tif,.tif
non_cv_01307,non_cv,advertisement,raw/non_cv/advertisement/non_cv_01307.tif,C:\Users\YassineSBOUI\Downloads\NON_CV\advertisement\502470946.tif,.tif
non_cv_01308,non_cv,news_article,raw/non_cv/news_article/non_cv_01308.tif,C:\Users\YassineSBOUI\Downloads\NON_CV\news_article\2024271712.tif,.tif
non_cv_01309,non_cv,presentation,raw/non_cv/presentation/non_cv_01309.tif,C:\Users\YassineSBOUI\Downloads\NON_CV\presentation\2041737116.tif,.tif
non_cv_01310,non_cv,handwritten,raw/non_cv/handwritten/non_cv_01310.tif,C:\Users\YassineSBOUI\Downloads\NON_CV\handwritten\522866058+-6058.tif,.tif
non_cv_01311,non_cv,scientific_report,raw/non_cv/scientific_report/non_cv_01311.tif,C:\Users\YassineSBOUI\Downloads\NON_CV\scientific_report\50305638-5643.tif,.tif
non_cv_01312,non_cv,news_article,raw/non_cv/news_article/non_cv_01312.tif,C:\Users\YassineSBOUI\Downloads\NON_CV\news_article\2072737113_7114.tif,.tif
non_cv_01313,non_cv,specification,raw/non_cv/specification/non_cv_01313.tif,C:\Users\YassineSBOUI\Downloads\NON_CV\specification\2069720003.tif,.tif
non_cv_01314,non_cv,letter,raw/non_cv/letter/non_cv_01314.tif,C:\Users\YassineSBOUI\Downloads\NON_CV\letter\515181999+-1999.tif,.tif
non_cv_01315,non_cv,resume,raw/non_cv/resume/non_cv_01315.tif,C:\Users\YassineSBOUI\Downloads\NON_CV\resume\50357605-7606.tif,.tif
non_cv_01316,non_cv,budget,raw/non_cv/budget/non_cv_01316.tif,C:\Users\YassineSBOUI\Downloads\NON_CV\budget\2020281239_2020281242.tif,.tif
non_cv_01317,non_cv,presentation,raw/non_cv/presentation/non_cv_01317.tif,C:\Users\YassineSBOUI\Downloads\NON_CV\presentation\2501917538_7553.tif,.tif
non_cv_01318,non_cv,presentation,raw/non_cv/presentation/non_cv_01318.tif,C:\Users\YassineSBOUI\Downloads\NON_CV\presentation\2082840645_0672.tif,.tif
non_cv_01319,non_cv,form,raw/non_cv/form/non_cv_01319.tif,C:\Users\YassineSBOUI\Downloads\NON_CV\form\2071239651.tif,.tif
non_cv_01320,non_cv,scientific_publication,raw/non_cv/scientific_publication/non_cv_01320.tif,C:\Users\YassineSBOUI\Downloads\NON_CV\scientific_publication\2029194036.tif,.tif
non_cv_01321,non_cv,file_folder,raw/non_cv/file_folder/non_cv_01321.tif,C:\Users\YassineSBOUI\Downloads\NON_CV\file_folder\2043612016.tif,.tif
non_cv_01322,non_cv,scientific_report,raw/non_cv/scientific_report/non_cv_01322.tif,C:\Users\YassineSBOUI\Downloads\NON_CV\scientific_report\1003157443.tif,.tif
non_cv_01323,non_cv,file_folder,raw/non_cv/file_folder/non_cv_01323.tif,C:\Users\YassineSBOUI\Downloads\NON_CV\file_folder\2062406432.tif,.tif
non_cv_01324,non_cv,scientific_report,raw/non_cv/scientific_report/non_cv_01324.tif,C:\Users\YassineSBOUI\Downloads\NON_CV\scientific_report\2078638657_8658.tif,.tif
non_cv_01325,non_cv,resume,raw/non_cv/resume/non_cv_01325.tif,C:\Users\YassineSBOUI\Downloads\NON_CV\resume\2085797177.tif,.tif
non_cv_01326,non_cv,advertisement,raw/non_cv/advertisement/non_cv_01326.tif,C:\Users\YassineSBOUI\Downloads\NON_CV\advertisement\91667973.tif,.tif
non_cv_01327,non_cv,specification,raw/non_cv/specification/non_cv_01327.tif,C:\Users\YassineSBOUI\Downloads\NON_CV\specification\2069710700.tif,.tif
non_cv_01328,non_cv,budget,raw/non_cv/budget/non_cv_01328.tif,C:\Users\YassineSBOUI\Downloads\NON_CV\budget\ti14862487.tif,.tif
non_cv_01329,non_cv,email,raw/non_cv/email/non_cv_01329.tif,C:\Users\YassineSBOUI\Downloads\NON_CV\email\2085697034c_7035.tif,.tif
non_cv_01330,non_cv,handwritten,raw/non_cv/handwritten/non_cv_01330.tif,C:\Users\YassineSBOUI\Downloads\NON_CV\handwritten\524125908+-5910.tif,.tif
non_cv_01331,non_cv,email,raw/non_cv/email/non_cv_01331.tif,C:\Users\YassineSBOUI\Downloads\NON_CV\email\2082921074a.tif,.tif
non_cv_01332,non_cv,budget,raw/non_cv/budget/non_cv_01332.tif,C:\Users\YassineSBOUI\Downloads\NON_CV\budget\2063239928.tif,.tif
non_cv_01333,non_cv,presentation,raw/non_cv/presentation/non_cv_01333.tif,C:\Users\YassineSBOUI\Downloads\NON_CV\presentation\2073870844_0849.tif,.tif
non_cv_01334,non_cv,scientific_publication,raw/non_cv/scientific_publication/non_cv_01334.tif,C:\Users\YassineSBOUI\Downloads\NON_CV\scientific_publication\50102025-2025.tif,.tif
non_cv_01335,non_cv,presentation,raw/non_cv/presentation/non_cv_01335.tif,C:\Users\YassineSBOUI\Downloads\NON_CV\presentation\2064233475_3477.tif,.tif
non_cv_01336,non_cv,presentation,raw/non_cv/presentation/non_cv_01336.tif,C:\Users\YassineSBOUI\Downloads\NON_CV\presentation\86570040_0044.tif,.tif
non_cv_01337,non_cv,invoice,raw/non_cv/invoice/non_cv_01337.tif,C:\Users\YassineSBOUI\Downloads\NON_CV\invoice\2028725808.tif,.tif
non_cv_01338,non_cv,form,raw/non_cv/form/non_cv_01338.tif,C:\Users\YassineSBOUI\Downloads\NON_CV\form\2029244209.tif,.tif
non_cv_01339,non_cv,news_article,raw/non_cv/news_article/non_cv_01339.tif,C:\Users\YassineSBOUI\Downloads\NON_CV\news_article\2021194225.tif,.tif
non_cv_01340,non_cv,questionnaire,raw/non_cv/questionnaire/non_cv_01340.tif,C:\Users\YassineSBOUI\Downloads\NON_CV\questionnaire\0011566635.tif,.tif
non_cv_01341,non_cv,specification,raw/non_cv/specification/non_cv_01341.tif,C:\Users\YassineSBOUI\Downloads\NON_CV\specification\0000969231.tif,.tif
non_cv_01342,non_cv,advertisement,raw/non_cv/advertisement/non_cv_01342.tif,C:\Users\YassineSBOUI\Downloads\NON_CV\advertisement\2061190146.tif,.tif
non_cv_01343,non_cv,scientific_report,raw/non_cv/scientific_report/non_cv_01343.tif,C:\Users\YassineSBOUI\Downloads\NON_CV\scientific_report\1003701751_1003701753.tif,.tif
non_cv_01344,non_cv,advertisement,raw/non_cv/advertisement/non_cv_01344.tif,C:\Users\YassineSBOUI\Downloads\NON_CV\advertisement\87688517.tif,.tif
non_cv_01345,non_cv,handwritten,raw/non_cv/handwritten/non_cv_01345.tif,C:\Users\YassineSBOUI\Downloads\NON_CV\handwritten\500706563+-6565.tif,.tif
non_cv_01346,non_cv,resume,raw/non_cv/resume/non_cv_01346.tif,C:\Users\YassineSBOUI\Downloads\NON_CV\resume\50400298-0299.tif,.tif
non_cv_01347,non_cv,email,raw/non_cv/email/non_cv_01347.tif,C:\Users\YassineSBOUI\Downloads\NON_CV\email\2074468452f_8453.tif,.tif
non_cv_01348,non_cv,email,raw/non_cv/email/non_cv_01348.tif,C:\Users\YassineSBOUI\Downloads\NON_CV\email\2072437619.tif,.tif
non_cv_01349,non_cv,budget,raw/non_cv/budget/non_cv_01349.tif,C:\Users\YassineSBOUI\Downloads\NON_CV\budget\0000011677.tif,.tif
non_cv_01350,non_cv,scientific_publication,raw/non_cv/scientific_publication/non_cv_01350.tif,C:\Users\YassineSBOUI\Downloads\NON_CV\scientific_publication\60007086.tif,.tif
non_cv_01351,non_cv,news_article,raw/non_cv/news_article/non_cv_01351.tif,C:\Users\YassineSBOUI\Downloads\NON_CV\news_article\2064812137.tif,.tif
non_cv_01352,non_cv,invoice,raw/non_cv/invoice/non_cv_01352.tif,C:\Users\YassineSBOUI\Downloads\NON_CV\invoice\2023592541_2023592542.tif,.tif
non_cv_01353,non_cv,file_folder,raw/non_cv/file_folder/non_cv_01353.tif,C:\Users\YassineSBOUI\Downloads\NON_CV\file_folder\0060040573.tif,.tif
non_cv_01354,non_cv,letter,raw/non_cv/letter/non_cv_01354.tif,C:\Users\YassineSBOUI\Downloads\NON_CV\letter\2026440629_2026440633.tif,.tif
non_cv_01355,non_cv,handwritten,raw/non_cv/handwritten/non_cv_01355.tif,C:\Users\YassineSBOUI\Downloads\NON_CV\handwritten\518113624.tif,.tif
non_cv_01356,non_cv,invoice,raw/non_cv/invoice/non_cv_01356.tif,C:\Users\YassineSBOUI\Downloads\NON_CV\invoice\ti17120567.tif,.tif
non_cv_01357,non_cv,handwritten,raw/non_cv/handwritten/non_cv_01357.tif,C:\Users\YassineSBOUI\Downloads\NON_CV\handwritten\517543488+-3491.tif,.tif
non_cv_01358,non_cv,file_folder,raw/non_cv/file_folder/non_cv_01358.tif,C:\Users\YassineSBOUI\Downloads\NON_CV\file_folder\2023032334.tif,.tif
non_cv_01359,non_cv,news_article,raw/non_cv/news_article/non_cv_01359.tif,C:\Users\YassineSBOUI\Downloads\NON_CV\news_article\2043747192.tif,.tif
non_cv_01360,non_cv,advertisement,raw/non_cv/advertisement/non_cv_01360.tif,C:\Users\YassineSBOUI\Downloads\NON_CV\advertisement\500032121.tif,.tif
non_cv_01361,non_cv,scientific_report,raw/non_cv/scientific_report/non_cv_01361.tif,C:\Users\YassineSBOUI\Downloads\NON_CV\scientific_report\2028875022.tif,.tif
non_cv_01362,non_cv,presentation,raw/non_cv/presentation/non_cv_01362.tif,C:\Users\YassineSBOUI\Downloads\NON_CV\presentation\2041787758_2041787815.tif,.tif
non_cv_01363,non_cv,scientific_publication,raw/non_cv/scientific_publication/non_cv_01363.tif,C:\Users\YassineSBOUI\Downloads\NON_CV\scientific_publication\50458056-8056.tif,.tif
non_cv_01364,non_cv,letter,raw/non_cv/letter/non_cv_01364.tif,C:\Users\YassineSBOUI\Downloads\NON_CV\letter\2063935866_5867.tif,.tif
non_cv_01365,non_cv,budget,raw/non_cv/budget/non_cv_01365.tif,C:\Users\YassineSBOUI\Downloads\NON_CV\budget\2058114037_2058114045.tif,.tif
non_cv_01366,non_cv,invoice,raw/non_cv/invoice/non_cv_01366.tif,C:\Users\YassineSBOUI\Downloads\NON_CV\invoice\87064443-a_87064443.tif,.tif
non_cv_01367,non_cv,news_article,raw/non_cv/news_article/non_cv_01367.tif,C:\Users\YassineSBOUI\Downloads\NON_CV\news_article\0001184723.tif,.tif
non_cv_01368,non_cv,memo,raw/non_cv/memo/non_cv_01368.tif,C:\Users\YassineSBOUI\Downloads\NON_CV\memo\2051882976.tif,.tif
non_cv_01369,non_cv,handwritten,raw/non_cv/handwritten/non_cv_01369.tif,C:\Users\YassineSBOUI\Downloads\NON_CV\handwritten\515581706+-1706.tif,.tif
non_cv_01370,non_cv,scientific_report,raw/non_cv/scientific_report/non_cv_01370.tif,C:\Users\YassineSBOUI\Downloads\NON_CV\scientific_report\81305443.tif,.tif
non_cv_01371,non_cv,presentation,raw/non_cv/presentation/non_cv_01371.tif,C:\Users\YassineSBOUI\Downloads\NON_CV\presentation\2073206511_6588.tif,.tif
non_cv_01372,non_cv,file_folder,raw/non_cv/file_folder/non_cv_01372.tif,C:\Users\YassineSBOUI\Downloads\NON_CV\file_folder\0060158157.tif,.tif
non_cv_01373,non_cv,presentation,raw/non_cv/presentation/non_cv_01373.tif,C:\Users\YassineSBOUI\Downloads\NON_CV\presentation\92736414_92736418.tif,.tif
non_cv_01374,non_cv,email,raw/non_cv/email/non_cv_01374.tif,C:\Users\YassineSBOUI\Downloads\NON_CV\email\2075574320a_4326.tif,.tif
non_cv_01375,non_cv,news_article,raw/non_cv/news_article/non_cv_01375.tif,C:\Users\YassineSBOUI\Downloads\NON_CV\news_article\2042848123.tif,.tif
non_cv_01376,non_cv,memo,raw/non_cv/memo/non_cv_01376.tif,C:\Users\YassineSBOUI\Downloads\NON_CV\memo\610583.tif,.tif
non_cv_01377,non_cv,invoice,raw/non_cv/invoice/non_cv_01377.tif,C:\Users\YassineSBOUI\Downloads\NON_CV\invoice\0012617635.tif,.tif
non_cv_01378,non_cv,form,raw/non_cv/form/non_cv_01378.tif,C:\Users\YassineSBOUI\Downloads\NON_CV\form\2078637086_7087.tif,.tif
non_cv_01379,non_cv,letter,raw/non_cv/letter/non_cv_01379.tif,C:\Users\YassineSBOUI\Downloads\NON_CV\letter\503065061_503065066.tif,.tif
non_cv_01380,non_cv,handwritten,raw/non_cv/handwritten/non_cv_01380.tif,C:\Users\YassineSBOUI\Downloads\NON_CV\handwritten\524124648+-4649.tif,.tif
non_cv_01381,non_cv,invoice,raw/non_cv/invoice/non_cv_01381.tif,C:\Users\YassineSBOUI\Downloads\NON_CV\invoice\80211497.tif,.tif
non_cv_01382,non_cv,questionnaire,raw/non_cv/questionnaire/non_cv_01382.tif,C:\Users\YassineSBOUI\Downloads\NON_CV\questionnaire\0060130903.tif,.tif
non_cv_01383,non_cv,specification,raw/non_cv/specification/non_cv_01383.tif,C:\Users\YassineSBOUI\Downloads\NON_CV\specification\2055013907.tif,.tif
non_cv_01384,non_cv,advertisement,raw/non_cv/advertisement/non_cv_01384.tif,C:\Users\YassineSBOUI\Downloads\NON_CV\advertisement\1002761525.tif,.tif
non_cv_01385,non_cv,resume,raw/non_cv/resume/non_cv_01385.tif,C:\Users\YassineSBOUI\Downloads\NON_CV\resume\50536276-6277.tif,.tif
non_cv_01386,non_cv,file_folder,raw/non_cv/file_folder/non_cv_01386.tif,C:\Users\YassineSBOUI\Downloads\NON_CV\file_folder\2040340655.tif,.tif
non_cv_01387,non_cv,scientific_report,raw/non_cv/scientific_report/non_cv_01387.tif,C:\Users\YassineSBOUI\Downloads\NON_CV\scientific_report\2057983534_2057983543.tif,.tif
non_cv_01388,non_cv,scientific_report,raw/non_cv/scientific_report/non_cv_01388.tif,C:\Users\YassineSBOUI\Downloads\NON_CV\scientific_report\2022149430.tif,.tif
non_cv_01389,non_cv,questionnaire,raw/non_cv/questionnaire/non_cv_01389.tif,C:\Users\YassineSBOUI\Downloads\NON_CV\questionnaire\01839037_9041.tif,.tif
non_cv_01390,non_cv,news_article,raw/non_cv/news_article/non_cv_01390.tif,C:\Users\YassineSBOUI\Downloads\NON_CV\news_article\92735755.tif,.tif
non_cv_01391,non_cv,budget,raw/non_cv/budget/non_cv_01391.tif,C:\Users\YassineSBOUI\Downloads\NON_CV\budget\2040740377_2040740392.tif,.tif
non_cv_01392,non_cv,email,raw/non_cv/email/non_cv_01392.tif,C:\Users\YassineSBOUI\Downloads\NON_CV\email\527792930+-2930.tif,.tif
non_cv_01393,non_cv,letter,raw/non_cv/letter/non_cv_01393.tif,C:\Users\YassineSBOUI\Downloads\NON_CV\letter\2065335306_5308.tif,.tif
non_cv_01394,non_cv,letter,raw/non_cv/letter/non_cv_01394.tif,C:\Users\YassineSBOUI\Downloads\NON_CV\letter\504267889_504267890.tif,.tif
non_cv_01395,non_cv,memo,raw/non_cv/memo/non_cv_01395.tif,C:\Users\YassineSBOUI\Downloads\NON_CV\memo\2001243419.tif,.tif
non_cv_01396,non_cv,news_article,raw/non_cv/news_article/non_cv_01396.tif,C:\Users\YassineSBOUI\Downloads\NON_CV\news_article\2065214943.tif,.tif
non_cv_01397,non_cv,specification,raw/non_cv/specification/non_cv_01397.tif,C:\Users\YassineSBOUI\Downloads\NON_CV\specification\2069719264.tif,.tif
non_cv_01398,non_cv,specification,raw/non_cv/specification/non_cv_01398.tif,C:\Users\YassineSBOUI\Downloads\NON_CV\specification\11237585_11237625.tif,.tif
non_cv_01399,non_cv,questionnaire,raw/non_cv/questionnaire/non_cv_01399.tif,C:\Users\YassineSBOUI\Downloads\NON_CV\questionnaire\0000176403.tif,.tif
non_cv_01400,non_cv,handwritten,raw/non_cv/handwritten/non_cv_01400.tif,C:\Users\YassineSBOUI\Downloads\NON_CV\handwritten\506711911.tif,.tif
non_cv_01401,non_cv,scientific_publication,raw/non_cv/scientific_publication/non_cv_01401.tif,C:\Users\YassineSBOUI\Downloads\NON_CV\scientific_publication\2050240673.tif,.tif
non_cv_01402,non_cv,form,raw/non_cv/form/non_cv_01402.tif,C:\Users\YassineSBOUI\Downloads\NON_CV\form\0001246132.tif,.tif
non_cv_01403,non_cv,budget,raw/non_cv/budget/non_cv_01403.tif,C:\Users\YassineSBOUI\Downloads\NON_CV\budget\2063216025_6027.tif,.tif
non_cv_01404,non_cv,memo,raw/non_cv/memo/non_cv_01404.tif,C:\Users\YassineSBOUI\Downloads\NON_CV\memo\98275062.tif,.tif
non_cv_01405,non_cv,letter,raw/non_cv/letter/non_cv_01405.tif,C:\Users\YassineSBOUI\Downloads\NON_CV\letter\91880685.tif,.tif
non_cv_01406,non_cv,scientific_publication,raw/non_cv/scientific_publication/non_cv_01406.tif,C:\Users\YassineSBOUI\Downloads\NON_CV\scientific_publication\50578660-8670.tif,.tif
non_cv_01407,non_cv,presentation,raw/non_cv/presentation/non_cv_01407.tif,C:\Users\YassineSBOUI\Downloads\NON_CV\presentation\2083794250.tif,.tif
non_cv_01408,non_cv,scientific_report,raw/non_cv/scientific_report/non_cv_01408.tif,C:\Users\YassineSBOUI\Downloads\NON_CV\scientific_report\2505119676.tif,.tif
non_cv_01409,non_cv,advertisement,raw/non_cv/advertisement/non_cv_01409.tif,C:\Users\YassineSBOUI\Downloads\NON_CV\advertisement\502612653a-2654.tif,.tif
non_cv_01410,non_cv,scientific_report,raw/non_cv/scientific_report/non_cv_01410.tif,C:\Users\YassineSBOUI\Downloads\NON_CV\scientific_report\1001511315_1001511317.tif,.tif
non_cv_01411,non_cv,questionnaire,raw/non_cv/questionnaire/non_cv_01411.tif,C:\Users\YassineSBOUI\Downloads\NON_CV\questionnaire\0000738412.tif,.tif
non_cv_01412,non_cv,advertisement,raw/non_cv/advertisement/non_cv_01412.tif,C:\Users\YassineSBOUI\Downloads\NON_CV\advertisement\0001248565.tif,.tif
non_cv_01413,non_cv,scientific_publication,raw/non_cv/scientific_publication/non_cv_01413.tif,C:\Users\YassineSBOUI\Downloads\NON_CV\scientific_publication\50407741-7741.tif,.tif
non_cv_01414,non_cv,advertisement,raw/non_cv/advertisement/non_cv_01414.tif,C:\Users\YassineSBOUI\Downloads\NON_CV\advertisement\2070514608.tif,.tif
non_cv_01415,non_cv,scientific_publication,raw/non_cv/scientific_publication/non_cv_01415.tif,C:\Users\YassineSBOUI\Downloads\NON_CV\scientific_publication\2056447891.tif,.tif
non_cv_01416,non_cv,handwritten,raw/non_cv/handwritten/non_cv_01416.tif,C:\Users\YassineSBOUI\Downloads\NON_CV\handwritten\501066032.tif,.tif
non_cv_01417,non_cv,specification,raw/non_cv/specification/non_cv_01417.tif,C:\Users\YassineSBOUI\Downloads\NON_CV\specification\504571407+-1407.tif,.tif
non_cv_01418,non_cv,scientific_report,raw/non_cv/scientific_report/non_cv_01418.tif,C:\Users\YassineSBOUI\Downloads\NON_CV\scientific_report\2062201420_2062201453.tif,.tif
non_cv_01419,non_cv,scientific_report,raw/non_cv/scientific_report/non_cv_01419.tif,C:\Users\YassineSBOUI\Downloads\NON_CV\scientific_report\1003095440.tif,.tif
non_cv_01420,non_cv,letter,raw/non_cv/letter/non_cv_01420.tif,C:\Users\YassineSBOUI\Downloads\NON_CV\letter\515013271+-3273.tif,.tif
non_cv_01421,non_cv,letter,raw/non_cv/letter/non_cv_01421.tif,C:\Users\YassineSBOUI\Downloads\NON_CV\letter\50496314-6314.tif,.tif
non_cv_01422,non_cv,file_folder,raw/non_cv/file_folder/non_cv_01422.tif,C:\Users\YassineSBOUI\Downloads\NON_CV\file_folder\2047864045.tif,.tif
non_cv_01423,non_cv,file_folder,raw/non_cv/file_folder/non_cv_01423.tif,C:\Users\YassineSBOUI\Downloads\NON_CV\file_folder\2075736791.tif,.tif
non_cv_01424,non_cv,advertisement,raw/non_cv/advertisement/non_cv_01424.tif,C:\Users\YassineSBOUI\Downloads\NON_CV\advertisement\91381711.tif,.tif
non_cv_01425,non_cv,specification,raw/non_cv/specification/non_cv_01425.tif,C:\Users\YassineSBOUI\Downloads\NON_CV\specification\2031311391.tif,.tif
non_cv_01426,non_cv,invoice,raw/non_cv/invoice/non_cv_01426.tif,C:\Users\YassineSBOUI\Downloads\NON_CV\invoice\2029370078.tif,.tif
non_cv_01427,non_cv,invoice,raw/non_cv/invoice/non_cv_01427.tif,C:\Users\YassineSBOUI\Downloads\NON_CV\invoice\00921616.tif,.tif
non_cv_01428,non_cv,news_article,raw/non_cv/news_article/non_cv_01428.tif,C:\Users\YassineSBOUI\Downloads\NON_CV\news_article\1003050170_1003050175.tif,.tif
non_cv_01429,non_cv,budget,raw/non_cv/budget/non_cv_01429.tif,C:\Users\YassineSBOUI\Downloads\NON_CV\budget\2040767970.tif,.tif
non_cv_01430,non_cv,form,raw/non_cv/form/non_cv_01430.tif,C:\Users\YassineSBOUI\Downloads\NON_CV\form\2075049722.tif,.tif
non_cv_01431,non_cv,invoice,raw/non_cv/invoice/non_cv_01431.tif,C:\Users\YassineSBOUI\Downloads\NON_CV\invoice\0001139827.tif,.tif
non_cv_01432,non_cv,resume,raw/non_cv/resume/non_cv_01432.tif,C:\Users\YassineSBOUI\Downloads\NON_CV\resume\50451098-1099.tif,.tif
non_cv_01433,non_cv,presentation,raw/non_cv/presentation/non_cv_01433.tif,C:\Users\YassineSBOUI\Downloads\NON_CV\presentation\2024270096_2024270098.tif,.tif
non_cv_01434,non_cv,resume,raw/non_cv/resume/non_cv_01434.tif,C:\Users\YassineSBOUI\Downloads\NON_CV\resume\2015046065_6067.tif,.tif
non_cv_01435,non_cv,scientific_publication,raw/non_cv/scientific_publication/non_cv_01435.tif,C:\Users\YassineSBOUI\Downloads\NON_CV\scientific_publication\1000117029_1000117041.tif,.tif
non_cv_01436,non_cv,file_folder,raw/non_cv/file_folder/non_cv_01436.tif,C:\Users\YassineSBOUI\Downloads\NON_CV\file_folder\2069533389.tif,.tif
non_cv_01437,non_cv,budget,raw/non_cv/budget/non_cv_01437.tif,C:\Users\YassineSBOUI\Downloads\NON_CV\budget\96652824_2826.tif,.tif
non_cv_01438,non_cv,questionnaire,raw/non_cv/questionnaire/non_cv_01438.tif,C:\Users\YassineSBOUI\Downloads\NON_CV\questionnaire\2045620683_2045620685.tif,.tif
non_cv_01439,non_cv,scientific_report,raw/non_cv/scientific_report/non_cv_01439.tif,C:\Users\YassineSBOUI\Downloads\NON_CV\scientific_report\2023699821_9822.tif,.tif
non_cv_01440,non_cv,advertisement,raw/non_cv/advertisement/non_cv_01440.tif,C:\Users\YassineSBOUI\Downloads\NON_CV\advertisement\2061190766.tif,.tif
non_cv_01441,non_cv,memo,raw/non_cv/memo/non_cv_01441.tif,C:\Users\YassineSBOUI\Downloads\NON_CV\memo\1003396731.tif,.tif
non_cv_01442,non_cv,memo,raw/non_cv/memo/non_cv_01442.tif,C:\Users\YassineSBOUI\Downloads\NON_CV\memo\tob14208.53.tif,.tif
non_cv_01443,non_cv,presentation,raw/non_cv/presentation/non_cv_01443.tif,C:\Users\YassineSBOUI\Downloads\NON_CV\presentation\2024847516_2024847541.tif,.tif
non_cv_01444,non_cv,news_article,raw/non_cv/news_article/non_cv_01444.tif,C:\Users\YassineSBOUI\Downloads\NON_CV\news_article\2070059244.tif,.tif
non_cv_01445,non_cv,email,raw/non_cv/email/non_cv_01445.tif,C:\Users\YassineSBOUI\Downloads\NON_CV\email\2074853115b_3116.tif,.tif
non_cv_01446,non_cv,budget,raw/non_cv/budget/non_cv_01446.tif,C:\Users\YassineSBOUI\Downloads\NON_CV\budget\24013201.tif,.tif
non_cv_01447,non_cv,resume,raw/non_cv/resume/non_cv_01447.tif,C:\Users\YassineSBOUI\Downloads\NON_CV\resume\2074977969_7972.tif,.tif
non_cv_01448,non_cv,presentation,raw/non_cv/presentation/non_cv_01448.tif,C:\Users\YassineSBOUI\Downloads\NON_CV\presentation\2080160352_0372.tif,.tif
non_cv_01449,non_cv,questionnaire,raw/non_cv/questionnaire/non_cv_01449.tif,C:\Users\YassineSBOUI\Downloads\NON_CV\questionnaire\512559711.tif,.tif
non_cv_01450,non_cv,news_article,raw/non_cv/news_article/non_cv_01450.tif,C:\Users\YassineSBOUI\Downloads\NON_CV\news_article\2078144843_4848.tif,.tif
non_cv_01451,non_cv,scientific_report,raw/non_cv/scientific_report/non_cv_01451.tif,C:\Users\YassineSBOUI\Downloads\NON_CV\scientific_report\88175808.tif,.tif
non_cv_01452,non_cv,letter,raw/non_cv/letter/non_cv_01452.tif,C:\Users\YassineSBOUI\Downloads\NON_CV\letter\50349278-9278.tif,.tif
non_cv_01453,non_cv,letter,raw/non_cv/letter/non_cv_01453.tif,C:\Users\YassineSBOUI\Downloads\NON_CV\letter\508230906.tif,.tif
non_cv_01454,non_cv,memo,raw/non_cv/memo/non_cv_01454.tif,C:\Users\YassineSBOUI\Downloads\NON_CV\memo\ti17520957.tif,.tif
non_cv_01455,non_cv,advertisement,raw/non_cv/advertisement/non_cv_01455.tif,C:\Users\YassineSBOUI\Downloads\NON_CV\advertisement\2081145368.tif,.tif
non_cv_01456,non_cv,questionnaire,raw/non_cv/questionnaire/non_cv_01456.tif,C:\Users\YassineSBOUI\Downloads\NON_CV\questionnaire\2083716248_6252.tif,.tif
non_cv_01457,non_cv,budget,raw/non_cv/budget/non_cv_01457.tif,C:\Users\YassineSBOUI\Downloads\NON_CV\budget\tim00320.43.tif,.tif
non_cv_01458,non_cv,letter,raw/non_cv/letter/non_cv_01458.tif,C:\Users\YassineSBOUI\Downloads\NON_CV\letter\899585.tif,.tif
non_cv_01459,non_cv,specification,raw/non_cv/specification/non_cv_01459.tif,C:\Users\YassineSBOUI\Downloads\NON_CV\specification\2030059917_2030059920.tif,.tif
non_cv_01460,non_cv,budget,raw/non_cv/budget/non_cv_01460.tif,C:\Users\YassineSBOUI\Downloads\NON_CV\budget\tcal0392268.tif,.tif
non_cv_01461,non_cv,form,raw/non_cv/form/non_cv_01461.tif,C:\Users\YassineSBOUI\Downloads\NON_CV\form\512016042+-6043.tif,.tif
non_cv_01462,non_cv,news_article,raw/non_cv/news_article/non_cv_01462.tif,C:\Users\YassineSBOUI\Downloads\NON_CV\news_article\2028347927.tif,.tif
non_cv_01463,non_cv,resume,raw/non_cv/resume/non_cv_01463.tif,C:\Users\YassineSBOUI\Downloads\NON_CV\resume\40026518-6519.tif,.tif
non_cv_01464,non_cv,file_folder,raw/non_cv/file_folder/non_cv_01464.tif,C:\Users\YassineSBOUI\Downloads\NON_CV\file_folder\0060182857.tif,.tif
non_cv_01465,non_cv,scientific_report,raw/non_cv/scientific_report/non_cv_01465.tif,C:\Users\YassineSBOUI\Downloads\NON_CV\scientific_report\2029155397.tif,.tif
non_cv_01466,non_cv,questionnaire,raw/non_cv/questionnaire/non_cv_01466.tif,C:\Users\YassineSBOUI\Downloads\NON_CV\questionnaire\2060047648.tif,.tif
non_cv_01467,non_cv,form,raw/non_cv/form/non_cv_01467.tif,C:\Users\YassineSBOUI\Downloads\NON_CV\form\81450688.tif,.tif
non_cv_01468,non_cv,handwritten,raw/non_cv/handwritten/non_cv_01468.tif,C:\Users\YassineSBOUI\Downloads\NON_CV\handwritten\515944614+-4616.tif,.tif
non_cv_01469,non_cv,budget,raw/non_cv/budget/non_cv_01469.tif,C:\Users\YassineSBOUI\Downloads\NON_CV\budget\2043250247_2043250249.tif,.tif
non_cv_01470,non_cv,letter,raw/non_cv/letter/non_cv_01470.tif,C:\Users\YassineSBOUI\Downloads\NON_CV\letter\506086239_506086240.tif,.tif
non_cv_01471,non_cv,form,raw/non_cv/form/non_cv_01471.tif,C:\Users\YassineSBOUI\Downloads\NON_CV\form\2064877422.tif,.tif
non_cv_01472,non_cv,form,raw/non_cv/form/non_cv_01472.tif,C:\Users\YassineSBOUI\Downloads\NON_CV\form\2076251462.tif,.tif
non_cv_01473,non_cv,scientific_report,raw/non_cv/scientific_report/non_cv_01473.tif,C:\Users\YassineSBOUI\Downloads\NON_CV\scientific_report\2051994371_4374.tif,.tif
non_cv_01474,non_cv,scientific_publication,raw/non_cv/scientific_publication/non_cv_01474.tif,C:\Users\YassineSBOUI\Downloads\NON_CV\scientific_publication\10360787_10360793.tif,.tif
non_cv_01475,non_cv,file_folder,raw/non_cv/file_folder/non_cv_01475.tif,C:\Users\YassineSBOUI\Downloads\NON_CV\file_folder\2049475699.tif,.tif
non_cv_01476,non_cv,handwritten,raw/non_cv/handwritten/non_cv_01476.tif,C:\Users\YassineSBOUI\Downloads\NON_CV\handwritten\517137782_517137783.tif,.tif
non_cv_01477,non_cv,resume,raw/non_cv/resume/non_cv_01477.tif,C:\Users\YassineSBOUI\Downloads\NON_CV\resume\2023646884.tif,.tif
non_cv_01478,non_cv,letter,raw/non_cv/letter/non_cv_01478.tif,C:\Users\YassineSBOUI\Downloads\NON_CV\letter\2022811003.tif,.tif
non_cv_01479,non_cv,letter,raw/non_cv/letter/non_cv_01479.tif,C:\Users\YassineSBOUI\Downloads\NON_CV\letter\50265921-5921.tif,.tif
non_cv_01480,non_cv,questionnaire,raw/non_cv/questionnaire/non_cv_01480.tif,C:\Users\YassineSBOUI\Downloads\NON_CV\questionnaire\517151929+-1931.tif,.tif
non_cv_01481,non_cv,budget,raw/non_cv/budget/non_cv_01481.tif,C:\Users\YassineSBOUI\Downloads\NON_CV\budget\89119085_9101.tif,.tif
non_cv_01482,non_cv,scientific_publication,raw/non_cv/scientific_publication/non_cv_01482.tif,C:\Users\YassineSBOUI\Downloads\NON_CV\scientific_publication\2501378163.tif,.tif
non_cv_01483,non_cv,advertisement,raw/non_cv/advertisement/non_cv_01483.tif,C:\Users\YassineSBOUI\Downloads\NON_CV\advertisement\2084395521_5522.tif,.tif
non_cv_01484,non_cv,questionnaire,raw/non_cv/questionnaire/non_cv_01484.tif,C:\Users\YassineSBOUI\Downloads\NON_CV\questionnaire\507224116_507224130.tif,.tif
non_cv_01485,non_cv,budget,raw/non_cv/budget/non_cv_01485.tif,C:\Users\YassineSBOUI\Downloads\NON_CV\budget\2040938220_2040938221.tif,.tif
non_cv_01486,non_cv,news_article,raw/non_cv/news_article/non_cv_01486.tif,C:\Users\YassineSBOUI\Downloads\NON_CV\news_article\2025888268.tif,.tif
non_cv_01487,non_cv,resume,raw/non_cv/resume/non_cv_01487.tif,C:\Users\YassineSBOUI\Downloads\NON_CV\resume\50359362-9363.tif,.tif
non_cv_01488,non_cv,scientific_report,raw/non_cv/scientific_report/non_cv_01488.tif,C:\Users\YassineSBOUI\Downloads\NON_CV\scientific_report\1001766844_1001766846.tif,.tif
non_cv_01489,non_cv,invoice,raw/non_cv/invoice/non_cv_01489.tif,C:\Users\YassineSBOUI\Downloads\NON_CV\invoice\87104373.tif,.tif
non_cv_01490,non_cv,news_article,raw/non_cv/news_article/non_cv_01490.tif,C:\Users\YassineSBOUI\Downloads\NON_CV\news_article\0000003583.tif,.tif
non_cv_01491,non_cv,advertisement,raw/non_cv/advertisement/non_cv_01491.tif,C:\Users\YassineSBOUI\Downloads\NON_CV\advertisement\502597605a.tif,.tif
non_cv_01492,non_cv,scientific_report,raw/non_cv/scientific_report/non_cv_01492.tif,C:\Users\YassineSBOUI\Downloads\NON_CV\scientific_report\2505289775_9776.tif,.tif
non_cv_01493,non_cv,invoice,raw/non_cv/invoice/non_cv_01493.tif,C:\Users\YassineSBOUI\Downloads\NON_CV\invoice\83093314.tif,.tif
non_cv_01494,non_cv,scientific_publication,raw/non_cv/scientific_publication/non_cv_01494.tif,C:\Users\YassineSBOUI\Downloads\NON_CV\scientific_publication\80540148_80540155.tif,.tif
non_cv_01495,non_cv,scientific_publication,raw/non_cv/scientific_publication/non_cv_01495.tif,C:\Users\YassineSBOUI\Downloads\NON_CV\scientific_publication\50534277-4285.tif,.tif
non_cv_01496,non_cv,form,raw/non_cv/form/non_cv_01496.tif,C:\Users\YassineSBOUI\Downloads\NON_CV\form\2049386489.tif,.tif
non_cv_01497,non_cv,handwritten,raw/non_cv/handwritten/non_cv_01497.tif,C:\Users\YassineSBOUI\Downloads\NON_CV\handwritten\513207555+-7556.tif,.tif
non_cv_01498,non_cv,scientific_publication,raw/non_cv/scientific_publication/non_cv_01498.tif,C:\Users\YassineSBOUI\Downloads\NON_CV\scientific_publication\2072238495_8516.tif,.tif
non_cv_01499,non_cv,advertisement,raw/non_cv/advertisement/non_cv_01499.tif,C:\Users\YassineSBOUI\Downloads\NON_CV\advertisement\2084512337.tif,.tif
non_cv_01500,non_cv,form,raw/non_cv/form/non_cv_01500.tif,C:\Users\YassineSBOUI\Downloads\NON_CV\form\2054516177_2054516179.tif,.tif
non_cv_01501,non_cv,resume,raw/non_cv/resume/non_cv_01501.tif,C:\Users\YassineSBOUI\Downloads\NON_CV\resume\03589652_03589656.tif,.tif
non_cv_01502,non_cv,letter,raw/non_cv/letter/non_cv_01502.tif,C:\Users\YassineSBOUI\Downloads\NON_CV\letter\0000106290.tif,.tif
non_cv_01503,non_cv,letter,raw/non_cv/letter/non_cv_01503.tif,C:\Users\YassineSBOUI\Downloads\NON_CV\letter\2072851553_1554.tif,.tif
non_cv_01504,non_cv,letter,raw/non_cv/letter/non_cv_01504.tif,C:\Users\YassineSBOUI\Downloads\NON_CV\letter\502101268.tif,.tif
non_cv_01505,non_cv,news_article,raw/non_cv/news_article/non_cv_01505.tif,C:\Users\YassineSBOUI\Downloads\NON_CV\news_article\2024205704.tif,.tif
non_cv_01506,non_cv,advertisement,raw/non_cv/advertisement/non_cv_01506.tif,C:\Users\YassineSBOUI\Downloads\NON_CV\advertisement\0001489919.tif,.tif
non_cv_01507,non_cv,email,raw/non_cv/email/non_cv_01507.tif,C:\Users\YassineSBOUI\Downloads\NON_CV\email\2085121163a.tif,.tif
non_cv_01508,non_cv,resume,raw/non_cv/resume/non_cv_01508.tif,C:\Users\YassineSBOUI\Downloads\NON_CV\resume\50456239-6242.tif,.tif
non_cv_01509,non_cv,invoice,raw/non_cv/invoice/non_cv_01509.tif,C:\Users\YassineSBOUI\Downloads\NON_CV\invoice\83545199_5200.tif,.tif
non_cv_01510,non_cv,news_article,raw/non_cv/news_article/non_cv_01510.tif,C:\Users\YassineSBOUI\Downloads\NON_CV\news_article\1003044199.tif,.tif
non_cv_01511,non_cv,presentation,raw/non_cv/presentation/non_cv_01511.tif,C:\Users\YassineSBOUI\Downloads\NON_CV\presentation\2044313707_3709.tif,.tif
non_cv_01512,non_cv,file_folder,raw/non_cv/file_folder/non_cv_01512.tif,C:\Users\YassineSBOUI\Downloads\NON_CV\file_folder\50651197-1197.tif,.tif
non_cv_01513,non_cv,advertisement,raw/non_cv/advertisement/non_cv_01513.tif,C:\Users\YassineSBOUI\Downloads\NON_CV\advertisement\2073164664.tif,.tif
non_cv_01514,non_cv,email,raw/non_cv/email/non_cv_01514.tif,C:\Users\YassineSBOUI\Downloads\NON_CV\email\2076179865a.tif,.tif
non_cv_01515,non_cv,letter,raw/non_cv/letter/non_cv_01515.tif,C:\Users\YassineSBOUI\Downloads\NON_CV\letter\60015120_60015121.tif,.tif
non_cv_01516,non_cv,news_article,raw/non_cv/news_article/non_cv_01516.tif,C:\Users\YassineSBOUI\Downloads\NON_CV\news_article\tob01316.92_tob01316.93.tif,.tif
non_cv_01517,non_cv,letter,raw/non_cv/letter/non_cv_01517.tif,C:\Users\YassineSBOUI\Downloads\NON_CV\letter\501359545.tif,.tif
non_cv_01518,non_cv,email,raw/non_cv/email/non_cv_01518.tif,C:\Users\YassineSBOUI\Downloads\NON_CV\email\2076143292a.tif,.tif
non_cv_01519,non_cv,scientific_publication,raw/non_cv/scientific_publication/non_cv_01519.tif,C:\Users\YassineSBOUI\Downloads\NON_CV\scientific_publication\2060460495_0496.tif,.tif
non_cv_01520,non_cv,memo,raw/non_cv/memo/non_cv_01520.tif,C:\Users\YassineSBOUI\Downloads\NON_CV\memo\2024841850.tif,.tif
non_cv_01521,non_cv,invoice,raw/non_cv/invoice/non_cv_01521.tif,C:\Users\YassineSBOUI\Downloads\NON_CV\invoice\2063250012.tif,.tif
non_cv_01522,non_cv,presentation,raw/non_cv/presentation/non_cv_01522.tif,C:\Users\YassineSBOUI\Downloads\NON_CV\presentation\2077633494_3495.tif,.tif
non_cv_01523,non_cv,resume,raw/non_cv/resume/non_cv_01523.tif,C:\Users\YassineSBOUI\Downloads\NON_CV\resume\50295502-5503.tif,.tif
non_cv_01524,non_cv,form,raw/non_cv/form/non_cv_01524.tif,C:\Users\YassineSBOUI\Downloads\NON_CV\form\2074221556.tif,.tif
non_cv_01525,non_cv,news_article,raw/non_cv/news_article/non_cv_01525.tif,C:\Users\YassineSBOUI\Downloads\NON_CV\news_article\2046407053.tif,.tif
non_cv_01526,non_cv,scientific_publication,raw/non_cv/scientific_publication/non_cv_01526.tif,C:\Users\YassineSBOUI\Downloads\NON_CV\scientific_publication\10413298_10413302.tif,.tif
non_cv_01527,non_cv,email,raw/non_cv/email/non_cv_01527.tif,C:\Users\YassineSBOUI\Downloads\NON_CV\email\2073864458.tif,.tif
non_cv_01528,non_cv,file_folder,raw/non_cv/file_folder/non_cv_01528.tif,C:\Users\YassineSBOUI\Downloads\NON_CV\file_folder\50421929-1929.tif,.tif
non_cv_01529,non_cv,handwritten,raw/non_cv/handwritten/non_cv_01529.tif,C:\Users\YassineSBOUI\Downloads\NON_CV\handwritten\515943293+-3294.tif,.tif
non_cv_01530,non_cv,email,raw/non_cv/email/non_cv_01530.tif,C:\Users\YassineSBOUI\Downloads\NON_CV\email\2085792575a.tif,.tif
non_cv_01531,non_cv,email,raw/non_cv/email/non_cv_01531.tif,C:\Users\YassineSBOUI\Downloads\NON_CV\email\2084581993.tif,.tif
non_cv_01532,non_cv,file_folder,raw/non_cv/file_folder/non_cv_01532.tif,C:\Users\YassineSBOUI\Downloads\NON_CV\file_folder\2079037314.tif,.tif
non_cv_01533,non_cv,invoice,raw/non_cv/invoice/non_cv_01533.tif,C:\Users\YassineSBOUI\Downloads\NON_CV\invoice\2028699930.tif,.tif
non_cv_01534,non_cv,file_folder,raw/non_cv/file_folder/non_cv_01534.tif,C:\Users\YassineSBOUI\Downloads\NON_CV\file_folder\2026189439.tif,.tif
non_cv_01535,non_cv,form,raw/non_cv/form/non_cv_01535.tif,C:\Users\YassineSBOUI\Downloads\NON_CV\form\500205014+-5014.tif,.tif
non_cv_01536,non_cv,specification,raw/non_cv/specification/non_cv_01536.tif,C:\Users\YassineSBOUI\Downloads\NON_CV\specification\2057457122_2057457127.tif,.tif
non_cv_01537,non_cv,form,raw/non_cv/form/non_cv_01537.tif,C:\Users\YassineSBOUI\Downloads\NON_CV\form\2072739268_9270.tif,.tif
non_cv_01538,non_cv,news_article,raw/non_cv/news_article/non_cv_01538.tif,C:\Users\YassineSBOUI\Downloads\NON_CV\news_article\2072460021.tif,.tif
non_cv_01539,non_cv,specification,raw/non_cv/specification/non_cv_01539.tif,C:\Users\YassineSBOUI\Downloads\NON_CV\specification\504259034.tif,.tif
non_cv_01540,non_cv,specification,raw/non_cv/specification/non_cv_01540.tif,C:\Users\YassineSBOUI\Downloads\NON_CV\specification\504542517+-2517.tif,.tif
non_cv_01541,non_cv,letter,raw/non_cv/letter/non_cv_01541.tif,C:\Users\YassineSBOUI\Downloads\NON_CV\letter\0000116898.tif,.tif
non_cv_01542,non_cv,questionnaire,raw/non_cv/questionnaire/non_cv_01542.tif,C:\Users\YassineSBOUI\Downloads\NON_CV\questionnaire\2072416468.tif,.tif
non_cv_01543,non_cv,invoice,raw/non_cv/invoice/non_cv_01543.tif,C:\Users\YassineSBOUI\Downloads\NON_CV\invoice\92203172.tif,.tif
non_cv_01544,non_cv,letter,raw/non_cv/letter/non_cv_01544.tif,C:\Users\YassineSBOUI\Downloads\NON_CV\letter\2015006956.tif,.tif
non_cv_01545,non_cv,memo,raw/non_cv/memo/non_cv_01545.tif,C:\Users\YassineSBOUI\Downloads\NON_CV\memo\2063352684.tif,.tif
non_cv_01546,non_cv,email,raw/non_cv/email/non_cv_01546.tif,C:\Users\YassineSBOUI\Downloads\NON_CV\email\2085794209.tif,.tif
non_cv_01547,non_cv,form,raw/non_cv/form/non_cv_01547.tif,C:\Users\YassineSBOUI\Downloads\NON_CV\form\2031407221.tif,.tif
non_cv_01548,non_cv,questionnaire,raw/non_cv/questionnaire/non_cv_01548.tif,C:\Users\YassineSBOUI\Downloads\NON_CV\questionnaire\0000176225.tif,.tif
non_cv_01549,non_cv,advertisement,raw/non_cv/advertisement/non_cv_01549.tif,C:\Users\YassineSBOUI\Downloads\NON_CV\advertisement\507422119+-2120.tif,.tif
non_cv_01550,non_cv,budget,raw/non_cv/budget/non_cv_01550.tif,C:\Users\YassineSBOUI\Downloads\NON_CV\budget\95508066.tif,.tif
non_cv_01551,non_cv,scientific_report,raw/non_cv/scientific_report/non_cv_01551.tif,C:\Users\YassineSBOUI\Downloads\NON_CV\scientific_report\91891178.tif,.tif
non_cv_01552,non_cv,news_article,raw/non_cv/news_article/non_cv_01552.tif,C:\Users\YassineSBOUI\Downloads\NON_CV\news_article\2500122761.tif,.tif
non_cv_01553,non_cv,form,raw/non_cv/form/non_cv_01553.tif,C:\Users\YassineSBOUI\Downloads\NON_CV\form\2077081814.tif,.tif
non_cv_01554,non_cv,questionnaire,raw/non_cv/questionnaire/non_cv_01554.tif,C:\Users\YassineSBOUI\Downloads\NON_CV\questionnaire\2083716719_6723.tif,.tif
non_cv_01555,non_cv,presentation,raw/non_cv/presentation/non_cv_01555.tif,C:\Users\YassineSBOUI\Downloads\NON_CV\presentation\2001227112_2001227130.tif,.tif
non_cv_01556,non_cv,specification,raw/non_cv/specification/non_cv_01556.tif,C:\Users\YassineSBOUI\Downloads\NON_CV\specification\2069736176.tif,.tif
non_cv_01557,non_cv,scientific_report,raw/non_cv/scientific_report/non_cv_01557.tif,C:\Users\YassineSBOUI\Downloads\NON_CV\scientific_report\2056304711.tif,.tif
non_cv_01558,non_cv,memo,raw/non_cv/memo/non_cv_01558.tif,C:\Users\YassineSBOUI\Downloads\NON_CV\memo\2021581105.tif,.tif
non_cv_01559,non_cv,resume,raw/non_cv/resume/non_cv_01559.tif,C:\Users\YassineSBOUI\Downloads\NON_CV\resume\50637534-7535.tif,.tif
non_cv_01560,non_cv,memo,raw/non_cv/memo/non_cv_01560.tif,C:\Users\YassineSBOUI\Downloads\NON_CV\memo\85284854_85284857.tif,.tif
non_cv_01561,non_cv,email,raw/non_cv/email/non_cv_01561.tif,C:\Users\YassineSBOUI\Downloads\NON_CV\email\2078313938.tif,.tif
non_cv_01562,non_cv,handwritten,raw/non_cv/handwritten/non_cv_01562.tif,C:\Users\YassineSBOUI\Downloads\NON_CV\handwritten\522720676+-0677.tif,.tif
non_cv_01563,non_cv,scientific_report,raw/non_cv/scientific_report/non_cv_01563.tif,C:\Users\YassineSBOUI\Downloads\NON_CV\scientific_report\2057044476_2057044477.tif,.tif
non_cv_01564,non_cv,news_article,raw/non_cv/news_article/non_cv_01564.tif,C:\Users\YassineSBOUI\Downloads\NON_CV\news_article\1005056740.tif,.tif
non_cv_01565,non_cv,form,raw/non_cv/form/non_cv_01565.tif,C:\Users\YassineSBOUI\Downloads\NON_CV\form\87148946_87148949.tif,.tif
non_cv_01566,non_cv,presentation,raw/non_cv/presentation/non_cv_01566.tif,C:\Users\YassineSBOUI\Downloads\NON_CV\presentation\2046467370_7375.tif,.tif
non_cv_01567,non_cv,specification,raw/non_cv/specification/non_cv_01567.tif,C:\Users\YassineSBOUI\Downloads\NON_CV\specification\2026057585.tif,.tif
non_cv_01568,non_cv,handwritten,raw/non_cv/handwritten/non_cv_01568.tif,C:\Users\YassineSBOUI\Downloads\NON_CV\handwritten\522658523+-8524.tif,.tif
non_cv_01569,non_cv,scientific_report,raw/non_cv/scientific_report/non_cv_01569.tif,C:\Users\YassineSBOUI\Downloads\NON_CV\scientific_report\98704055.tif,.tif
non_cv_01570,non_cv,email,raw/non_cv/email/non_cv_01570.tif,C:\Users\YassineSBOUI\Downloads\NON_CV\email\2084289047c_9048.tif,.tif
non_cv_01571,non_cv,specification,raw/non_cv/specification/non_cv_01571.tif,C:\Users\YassineSBOUI\Downloads\NON_CV\specification\2069728109.tif,.tif
non_cv_01572,non_cv,resume,raw/non_cv/resume/non_cv_01572.tif,C:\Users\YassineSBOUI\Downloads\NON_CV\resume\40005576-5577.tif,.tif
non_cv_01573,non_cv,scientific_report,raw/non_cv/scientific_report/non_cv_01573.tif,C:\Users\YassineSBOUI\Downloads\NON_CV\scientific_report\0000953856.tif,.tif
non_cv_01574,non_cv,budget,raw/non_cv/budget/non_cv_01574.tif,C:\Users\YassineSBOUI\Downloads\NON_CV\budget\2074110763_0765.tif,.tif
non_cv_01575,non_cv,letter,raw/non_cv/letter/non_cv_01575.tif,C:\Users\YassineSBOUI\Downloads\NON_CV\letter\507988681+-8681.tif,.tif
non_cv_01576,non_cv,email,raw/non_cv/email/non_cv_01576.tif,C:\Users\YassineSBOUI\Downloads\NON_CV\email\2077549167.tif,.tif
non_cv_01577,non_cv,budget,raw/non_cv/budget/non_cv_01577.tif,C:\Users\YassineSBOUI\Downloads\NON_CV\budget\0000222768.tif,.tif
non_cv_01578,non_cv,handwritten,raw/non_cv/handwritten/non_cv_01578.tif,C:\Users\YassineSBOUI\Downloads\NON_CV\handwritten\501599542_501599543.tif,.tif
non_cv_01579,non_cv,scientific_report,raw/non_cv/scientific_report/non_cv_01579.tif,C:\Users\YassineSBOUI\Downloads\NON_CV\scientific_report\2057373219_2057373220.tif,.tif
non_cv_01580,non_cv,news_article,raw/non_cv/news_article/non_cv_01580.tif,C:\Users\YassineSBOUI\Downloads\NON_CV\news_article\1002402620-a.tif,.tif
non_cv_01581,non_cv,form,raw/non_cv/form/non_cv_01581.tif,C:\Users\YassineSBOUI\Downloads\NON_CV\form\2086081037.tif,.tif
non_cv_01582,non_cv,resume,raw/non_cv/resume/non_cv_01582.tif,C:\Users\YassineSBOUI\Downloads\NON_CV\resume\50320517-0518.tif,.tif
non_cv_01583,non_cv,form,raw/non_cv/form/non_cv_01583.tif,C:\Users\YassineSBOUI\Downloads\NON_CV\form\2501910982.tif,.tif
non_cv_01584,non_cv,file_folder,raw/non_cv/file_folder/non_cv_01584.tif,C:\Users\YassineSBOUI\Downloads\NON_CV\file_folder\0060221987.tif,.tif
non_cv_01585,non_cv,letter,raw/non_cv/letter/non_cv_01585.tif,C:\Users\YassineSBOUI\Downloads\NON_CV\letter\2022223952.tif,.tif
non_cv_01586,non_cv,email,raw/non_cv/email/non_cv_01586.tif,C:\Users\YassineSBOUI\Downloads\NON_CV\email\2075808189.tif,.tif
non_cv_01587,non_cv,budget,raw/non_cv/budget/non_cv_01587.tif,C:\Users\YassineSBOUI\Downloads\NON_CV\budget\2040772468.tif,.tif
non_cv_01588,non_cv,form,raw/non_cv/form/non_cv_01588.tif,C:\Users\YassineSBOUI\Downloads\NON_CV\form\98618260.tif,.tif
non_cv_01589,non_cv,file_folder,raw/non_cv/file_folder/non_cv_01589.tif,C:\Users\YassineSBOUI\Downloads\NON_CV\file_folder\2048262140.tif,.tif
non_cv_01590,non_cv,scientific_report,raw/non_cv/scientific_report/non_cv_01590.tif,C:\Users\YassineSBOUI\Downloads\NON_CV\scientific_report\2505938806_8840.tif,.tif
non_cv_01591,non_cv,news_article,raw/non_cv/news_article/non_cv_01591.tif,C:\Users\YassineSBOUI\Downloads\NON_CV\news_article\2047871176.tif,.tif
non_cv_01592,non_cv,memo,raw/non_cv/memo/non_cv_01592.tif,C:\Users\YassineSBOUI\Downloads\NON_CV\memo\2021006373.tif,.tif
non_cv_01593,non_cv,scientific_publication,raw/non_cv/scientific_publication/non_cv_01593.tif,C:\Users\YassineSBOUI\Downloads\NON_CV\scientific_publication\87490102.tif,.tif
non_cv_01594,non_cv,email,raw/non_cv/email/non_cv_01594.tif,C:\Users\YassineSBOUI\Downloads\NON_CV\email\2078386678.tif,.tif
non_cv_01595,non_cv,news_article,raw/non_cv/news_article/non_cv_01595.tif,C:\Users\YassineSBOUI\Downloads\NON_CV\news_article\2072087992.tif,.tif
non_cv_01596,non_cv,advertisement,raw/non_cv/advertisement/non_cv_01596.tif,C:\Users\YassineSBOUI\Downloads\NON_CV\advertisement\tob08306.19.tif,.tif
non_cv_01597,non_cv,invoice,raw/non_cv/invoice/non_cv_01597.tif,C:\Users\YassineSBOUI\Downloads\NON_CV\invoice\87149191_87149194.tif,.tif
non_cv_01598,non_cv,invoice,raw/non_cv/invoice/non_cv_01598.tif,C:\Users\YassineSBOUI\Downloads\NON_CV\invoice\81617220.tif,.tif
non_cv_01599,non_cv,invoice,raw/non_cv/invoice/non_cv_01599.tif,C:\Users\YassineSBOUI\Downloads\NON_CV\invoice\2030169757.tif,.tif
non_cv_01600,non_cv,specification,raw/non_cv/specification/non_cv_01600.tif,C:\Users\YassineSBOUI\Downloads\NON_CV\specification\2069722542.tif,.tif
non_cv_01601,non_cv,scientific_publication,raw/non_cv/scientific_publication/non_cv_01601.tif,C:\Users\YassineSBOUI\Downloads\NON_CV\scientific_publication\2501203107.tif,.tif
non_cv_01602,non_cv,news_article,raw/non_cv/news_article/non_cv_01602.tif,C:\Users\YassineSBOUI\Downloads\NON_CV\news_article\tob10823.21.tif,.tif
non_cv_01603,non_cv,letter,raw/non_cv/letter/non_cv_01603.tif,C:\Users\YassineSBOUI\Downloads\NON_CV\letter\500487506.tif,.tif
non_cv_01604,non_cv,advertisement,raw/non_cv/advertisement/non_cv_01604.tif,C:\Users\YassineSBOUI\Downloads\NON_CV\advertisement\0071086709.tif,.tif
non_cv_01605,non_cv,letter,raw/non_cv/letter/non_cv_01605.tif,C:\Users\YassineSBOUI\Downloads\NON_CV\letter\1000047933.tif,.tif
non_cv_01606,non_cv,file_folder,raw/non_cv/file_folder/non_cv_01606.tif,C:\Users\YassineSBOUI\Downloads\NON_CV\file_folder\2077800665.tif,.tif
non_cv_01607,non_cv,form,raw/non_cv/form/non_cv_01607.tif,C:\Users\YassineSBOUI\Downloads\NON_CV\form\505403779_505403816.tif,.tif
non_cv_01608,non_cv,letter,raw/non_cv/letter/non_cv_01608.tif,C:\Users\YassineSBOUI\Downloads\NON_CV\letter\0000947709.tif,.tif
non_cv_01609,non_cv,email,raw/non_cv/email/non_cv_01609.tif,C:\Users\YassineSBOUI\Downloads\NON_CV\email\2078427563a_7565.tif,.tif
non_cv_01610,non_cv,form,raw/non_cv/form/non_cv_01610.tif,C:\Users\YassineSBOUI\Downloads\NON_CV\form\2048941043.tif,.tif
non_cv_01611,non_cv,presentation,raw/non_cv/presentation/non_cv_01611.tif,C:\Users\YassineSBOUI\Downloads\NON_CV\presentation\2050800938_2050800941.tif,.tif
non_cv_01612,non_cv,news_article,raw/non_cv/news_article/non_cv_01612.tif,C:\Users\YassineSBOUI\Downloads\NON_CV\news_article\2046976137_6141.tif,.tif
non_cv_01613,non_cv,letter,raw/non_cv/letter/non_cv_01613.tif,C:\Users\YassineSBOUI\Downloads\NON_CV\letter\501973000.tif,.tif
non_cv_01614,non_cv,file_folder,raw/non_cv/file_folder/non_cv_01614.tif,C:\Users\YassineSBOUI\Downloads\NON_CV\file_folder\0060200391.tif,.tif
non_cv_01615,non_cv,scientific_publication,raw/non_cv/scientific_publication/non_cv_01615.tif,C:\Users\YassineSBOUI\Downloads\NON_CV\scientific_publication\PUBLICATIONS002890-2.tif,.tif
non_cv_01616,non_cv,form,raw/non_cv/form/non_cv_01616.tif,C:\Users\YassineSBOUI\Downloads\NON_CV\form\71223202.tif,.tif
non_cv_01617,non_cv,presentation,raw/non_cv/presentation/non_cv_01617.tif,C:\Users\YassineSBOUI\Downloads\NON_CV\presentation\2051243931_2051243942.tif,.tif
non_cv_01618,non_cv,presentation,raw/non_cv/presentation/non_cv_01618.tif,C:\Users\YassineSBOUI\Downloads\NON_CV\presentation\0000408778.tif,.tif
non_cv_01619,non_cv,specification,raw/non_cv/specification/non_cv_01619.tif,C:\Users\YassineSBOUI\Downloads\NON_CV\specification\506501741+-1744.tif,.tif
non_cv_01620,non_cv,budget,raw/non_cv/budget/non_cv_01620.tif,C:\Users\YassineSBOUI\Downloads\NON_CV\budget\86001594_86001595.tif,.tif
non_cv_01621,non_cv,handwritten,raw/non_cv/handwritten/non_cv_01621.tif,C:\Users\YassineSBOUI\Downloads\NON_CV\handwritten\521797860+-7868.tif,.tif
non_cv_01622,non_cv,email,raw/non_cv/email/non_cv_01622.tif,C:\Users\YassineSBOUI\Downloads\NON_CV\email\2505335130b.tif,.tif
non_cv_01623,non_cv,form,raw/non_cv/form/non_cv_01623.tif,C:\Users\YassineSBOUI\Downloads\NON_CV\form\2074593780.tif,.tif
non_cv_01624,non_cv,advertisement,raw/non_cv/advertisement/non_cv_01624.tif,C:\Users\YassineSBOUI\Downloads\NON_CV\advertisement\2084408867_8868.tif,.tif
non_cv_01625,non_cv,email,raw/non_cv/email/non_cv_01625.tif,C:\Users\YassineSBOUI\Downloads\NON_CV\email\527891893+-1898.tif,.tif
non_cv_01626,non_cv,memo,raw/non_cv/memo/non_cv_01626.tif,C:\Users\YassineSBOUI\Downloads\NON_CV\memo\0060095408.tif,.tif
non_cv_01627,non_cv,file_folder,raw/non_cv/file_folder/non_cv_01627.tif,C:\Users\YassineSBOUI\Downloads\NON_CV\file_folder\2061688063.tif,.tif
non_cv_01628,non_cv,handwritten,raw/non_cv/handwritten/non_cv_01628.tif,C:\Users\YassineSBOUI\Downloads\NON_CV\handwritten\522813591+-3598.tif,.tif
non_cv_01629,non_cv,handwritten,raw/non_cv/handwritten/non_cv_01629.tif,C:\Users\YassineSBOUI\Downloads\NON_CV\handwritten\515956033+-6055.tif,.tif
non_cv_01630,non_cv,questionnaire,raw/non_cv/questionnaire/non_cv_01630.tif,C:\Users\YassineSBOUI\Downloads\NON_CV\questionnaire\1000730951.tif,.tif
non_cv_01631,non_cv,scientific_report,raw/non_cv/scientific_report/non_cv_01631.tif,C:\Users\YassineSBOUI\Downloads\NON_CV\scientific_report\1002977930_7934.tif,.tif
non_cv_01632,non_cv,memo,raw/non_cv/memo/non_cv_01632.tif,C:\Users\YassineSBOUI\Downloads\NON_CV\memo\0000252603.tif,.tif
non_cv_01633,non_cv,memo,raw/non_cv/memo/non_cv_01633.tif,C:\Users\YassineSBOUI\Downloads\NON_CV\memo\0000546155.tif,.tif
non_cv_01634,non_cv,news_article,raw/non_cv/news_article/non_cv_01634.tif,C:\Users\YassineSBOUI\Downloads\NON_CV\news_article\2025496046-a.tif,.tif
non_cv_01635,non_cv,news_article,raw/non_cv/news_article/non_cv_01635.tif,C:\Users\YassineSBOUI\Downloads\NON_CV\news_article\ti17180045.tif,.tif
non_cv_01636,non_cv,news_article,raw/non_cv/news_article/non_cv_01636.tif,C:\Users\YassineSBOUI\Downloads\NON_CV\news_article\2072301534.tif,.tif
non_cv_01637,non_cv,news_article,raw/non_cv/news_article/non_cv_01637.tif,C:\Users\YassineSBOUI\Downloads\NON_CV\news_article\88018390a.tif,.tif
non_cv_01638,non_cv,memo,raw/non_cv/memo/non_cv_01638.tif,C:\Users\YassineSBOUI\Downloads\NON_CV\memo\2043815002.tif,.tif
non_cv_01639,non_cv,specification,raw/non_cv/specification/non_cv_01639.tif,C:\Users\YassineSBOUI\Downloads\NON_CV\specification\516010537_516010579.tif,.tif
non_cv_01640,non_cv,memo,raw/non_cv/memo/non_cv_01640.tif,C:\Users\YassineSBOUI\Downloads\NON_CV\memo\tob18713.00.tif,.tif
non_cv_01641,non_cv,form,raw/non_cv/form/non_cv_01641.tif,C:\Users\YassineSBOUI\Downloads\NON_CV\form\2082710505.tif,.tif
non_cv_01642,non_cv,handwritten,raw/non_cv/handwritten/non_cv_01642.tif,C:\Users\YassineSBOUI\Downloads\NON_CV\handwritten\506389420_506389422.tif,.tif
non_cv_01643,non_cv,scientific_publication,raw/non_cv/scientific_publication/non_cv_01643.tif,C:\Users\YassineSBOUI\Downloads\NON_CV\scientific_publication\01195800_5805.tif,.tif
non_cv_01644,non_cv,budget,raw/non_cv/budget/non_cv_01644.tif,C:\Users\YassineSBOUI\Downloads\NON_CV\budget\0000223148.tif,.tif
non_cv_01645,non_cv,scientific_publication,raw/non_cv/scientific_publication/non_cv_01645.tif,C:\Users\YassineSBOUI\Downloads\NON_CV\scientific_publication\2050871045.tif,.tif
non_cv_01646,non_cv,advertisement,raw/non_cv/advertisement/non_cv_01646.tif,C:\Users\YassineSBOUI\Downloads\NON_CV\advertisement\502474585.tif,.tif
non_cv_01647,non_cv,scientific_report,raw/non_cv/scientific_report/non_cv_01647.tif,C:\Users\YassineSBOUI\Downloads\NON_CV\scientific_report\10134341_10134343.tif,.tif
non_cv_01648,non_cv,letter,raw/non_cv/letter/non_cv_01648.tif,C:\Users\YassineSBOUI\Downloads\NON_CV\letter\2083490294.tif,.tif
non_cv_01649,non_cv,specification,raw/non_cv/specification/non_cv_01649.tif,C:\Users\YassineSBOUI\Downloads\NON_CV\specification\0011833116.tif,.tif
non_cv_01650,non_cv,presentation,raw/non_cv/presentation/non_cv_01650.tif,C:\Users\YassineSBOUI\Downloads\NON_CV\presentation\0001250475.tif,.tif
non_cv_01651,non_cv,specification,raw/non_cv/specification/non_cv_01651.tif,C:\Users\YassineSBOUI\Downloads\NON_CV\specification\2031305160.tif,.tif
non_cv_01652,non_cv,budget,raw/non_cv/budget/non_cv_01652.tif,C:\Users\YassineSBOUI\Downloads\NON_CV\budget\2040798902.tif,.tif
non_cv_01653,non_cv,presentation,raw/non_cv/presentation/non_cv_01653.tif,C:\Users\YassineSBOUI\Downloads\NON_CV\presentation\2060347439.tif,.tif
non_cv_01654,non_cv,budget,raw/non_cv/budget/non_cv_01654.tif,C:\Users\YassineSBOUI\Downloads\NON_CV\budget\92603051_3052.tif,.tif
non_cv_01655,non_cv,file_folder,raw/non_cv/file_folder/non_cv_01655.tif,C:\Users\YassineSBOUI\Downloads\NON_CV\file_folder\2028598609.tif,.tif
non_cv_01656,non_cv,scientific_report,raw/non_cv/scientific_report/non_cv_01656.tif,C:\Users\YassineSBOUI\Downloads\NON_CV\scientific_report\2022160773_2022160774.tif,.tif
non_cv_01657,non_cv,resume,raw/non_cv/resume/non_cv_01657.tif,C:\Users\YassineSBOUI\Downloads\NON_CV\resume\50551132-1133.tif,.tif
non_cv_01658,non_cv,memo,raw/non_cv/memo/non_cv_01658.tif,C:\Users\YassineSBOUI\Downloads\NON_CV\memo\2023848007.tif,.tif
non_cv_01659,non_cv,scientific_publication,raw/non_cv/scientific_publication/non_cv_01659.tif,C:\Users\YassineSBOUI\Downloads\NON_CV\scientific_publication\2029133037.tif,.tif
non_cv_01660,non_cv,presentation,raw/non_cv/presentation/non_cv_01660.tif,C:\Users\YassineSBOUI\Downloads\NON_CV\presentation\2500076311_2500076330.tif,.tif
non_cv_01661,non_cv,resume,raw/non_cv/resume/non_cv_01661.tif,C:\Users\YassineSBOUI\Downloads\NON_CV\resume\50630880-0881.tif,.tif
non_cv_01662,non_cv,presentation,raw/non_cv/presentation/non_cv_01662.tif,C:\Users\YassineSBOUI\Downloads\NON_CV\presentation\2085655235_5237.tif,.tif
non_cv_01663,non_cv,invoice,raw/non_cv/invoice/non_cv_01663.tif,C:\Users\YassineSBOUI\Downloads\NON_CV\invoice\2028708321.tif,.tif
non_cv_01664,non_cv,form,raw/non_cv/form/non_cv_01664.tif,C:\Users\YassineSBOUI\Downloads\NON_CV\form\2075066999.tif,.tif
non_cv_01665,non_cv,questionnaire,raw/non_cv/questionnaire/non_cv_01665.tif,C:\Users\YassineSBOUI\Downloads\NON_CV\questionnaire\84189934_9938.tif,.tif
non_cv_01666,non_cv,scientific_publication,raw/non_cv/scientific_publication/non_cv_01666.tif,C:\Users\YassineSBOUI\Downloads\NON_CV\scientific_publication\50469210-9216.tif,.tif
non_cv_01667,non_cv,questionnaire,raw/non_cv/questionnaire/non_cv_01667.tif,C:\Users\YassineSBOUI\Downloads\NON_CV\questionnaire\505651320_505651329.tif,.tif
non_cv_01668,non_cv,advertisement,raw/non_cv/advertisement/non_cv_01668.tif,C:\Users\YassineSBOUI\Downloads\NON_CV\advertisement\503781298.tif,.tif
non_cv_01669,non_cv,presentation,raw/non_cv/presentation/non_cv_01669.tif,C:\Users\YassineSBOUI\Downloads\NON_CV\presentation\2078582175_2193.tif,.tif
non_cv_01670,non_cv,invoice,raw/non_cv/invoice/non_cv_01670.tif,C:\Users\YassineSBOUI\Downloads\NON_CV\invoice\2083197452.tif,.tif
non_cv_01671,non_cv,handwritten,raw/non_cv/handwritten/non_cv_01671.tif,C:\Users\YassineSBOUI\Downloads\NON_CV\handwritten\507705045+-5045.tif,.tif
non_cv_01672,non_cv,specification,raw/non_cv/specification/non_cv_01672.tif,C:\Users\YassineSBOUI\Downloads\NON_CV\specification\512204143.tif,.tif
non_cv_01673,non_cv,file_folder,raw/non_cv/file_folder/non_cv_01673.tif,C:\Users\YassineSBOUI\Downloads\NON_CV\file_folder\0060127635.tif,.tif
non_cv_01674,non_cv,scientific_report,raw/non_cv/scientific_report/non_cv_01674.tif,C:\Users\YassineSBOUI\Downloads\NON_CV\scientific_report\2076923495_3495a.tif,.tif
non_cv_01675,non_cv,presentation,raw/non_cv/presentation/non_cv_01675.tif,C:\Users\YassineSBOUI\Downloads\NON_CV\presentation\1005091269.tif,.tif
non_cv_01676,non_cv,file_folder,raw/non_cv/file_folder/non_cv_01676.tif,C:\Users\YassineSBOUI\Downloads\NON_CV\file_folder\2016000619.tif,.tif
non_cv_01677,non_cv,scientific_publication,raw/non_cv/scientific_publication/non_cv_01677.tif,C:\Users\YassineSBOUI\Downloads\NON_CV\scientific_publication\PUBLICATIONS006019-6.tif,.tif
non_cv_01678,non_cv,handwritten,raw/non_cv/handwritten/non_cv_01678.tif,C:\Users\YassineSBOUI\Downloads\NON_CV\handwritten\522769070+-9072.tif,.tif
non_cv_01679,non_cv,advertisement,raw/non_cv/advertisement/non_cv_01679.tif,C:\Users\YassineSBOUI\Downloads\NON_CV\advertisement\03588006.tif,.tif
non_cv_01680,non_cv,news_article,raw/non_cv/news_article/non_cv_01680.tif,C:\Users\YassineSBOUI\Downloads\NON_CV\news_article\2056132481.tif,.tif
non_cv_01681,non_cv,form,raw/non_cv/form/non_cv_01681.tif,C:\Users\YassineSBOUI\Downloads\NON_CV\form\2030289010.tif,.tif
non_cv_01682,non_cv,specification,raw/non_cv/specification/non_cv_01682.tif,C:\Users\YassineSBOUI\Downloads\NON_CV\specification\2074868202.tif,.tif
non_cv_01683,non_cv,questionnaire,raw/non_cv/questionnaire/non_cv_01683.tif,C:\Users\YassineSBOUI\Downloads\NON_CV\questionnaire\2048740262.tif,.tif
non_cv_01684,non_cv,letter,raw/non_cv/letter/non_cv_01684.tif,C:\Users\YassineSBOUI\Downloads\NON_CV\letter\04358638_8639.tif,.tif
non_cv_01685,non_cv,scientific_publication,raw/non_cv/scientific_publication/non_cv_01685.tif,C:\Users\YassineSBOUI\Downloads\NON_CV\scientific_publication\2048755751_5762.tif,.tif
non_cv_01686,non_cv,presentation,raw/non_cv/presentation/non_cv_01686.tif,C:\Users\YassineSBOUI\Downloads\NON_CV\presentation\2505000112_0136.tif,.tif
non_cv_01687,non_cv,budget,raw/non_cv/budget/non_cv_01687.tif,C:\Users\YassineSBOUI\Downloads\NON_CV\budget\2040671747.tif,.tif
non_cv_01688,non_cv,specification,raw/non_cv/specification/non_cv_01688.tif,C:\Users\YassineSBOUI\Downloads\NON_CV\specification\2069740988.tif,.tif
non_cv_01689,non_cv,questionnaire,raw/non_cv/questionnaire/non_cv_01689.tif,C:\Users\YassineSBOUI\Downloads\NON_CV\questionnaire\2049255183_2049255193.tif,.tif
non_cv_01690,non_cv,email,raw/non_cv/email/non_cv_01690.tif,C:\Users\YassineSBOUI\Downloads\NON_CV\email\527925040+-5040.tif,.tif
non_cv_01691,non_cv,specification,raw/non_cv/specification/non_cv_01691.tif,C:\Users\YassineSBOUI\Downloads\NON_CV\specification\2057411513_2057411514.tif,.tif
non_cv_01692,non_cv,resume,raw/non_cv/resume/non_cv_01692.tif,C:\Users\YassineSBOUI\Downloads\NON_CV\resume\50668757-8757.tif,.tif
non_cv_01693,non_cv,questionnaire,raw/non_cv/questionnaire/non_cv_01693.tif,C:\Users\YassineSBOUI\Downloads\NON_CV\questionnaire\1004858657_1004858661.tif,.tif
non_cv_01694,non_cv,memo,raw/non_cv/memo/non_cv_01694.tif,C:\Users\YassineSBOUI\Downloads\NON_CV\memo\0011900634.tif,.tif
non_cv_01695,non_cv,specification,raw/non_cv/specification/non_cv_01695.tif,C:\Users\YassineSBOUI\Downloads\NON_CV\specification\88980238-a.tif,.tif
non_cv_01696,non_cv,letter,raw/non_cv/letter/non_cv_01696.tif,C:\Users\YassineSBOUI\Downloads\NON_CV\letter\11281971.tif,.tif
non_cv_01697,non_cv,handwritten,raw/non_cv/handwritten/non_cv_01697.tif,C:\Users\YassineSBOUI\Downloads\NON_CV\handwritten\517683459+-3460.tif,.tif
non_cv_01698,non_cv,questionnaire,raw/non_cv/questionnaire/non_cv_01698.tif,C:\Users\YassineSBOUI\Downloads\NON_CV\questionnaire\2025470024_2025470025.tif,.tif
non_cv_01699,non_cv,form,raw/non_cv/form/non_cv_01699.tif,C:\Users\YassineSBOUI\Downloads\NON_CV\form\2074705012.tif,.tif
non_cv_01700,non_cv,email,raw/non_cv/email/non_cv_01700.tif,C:\Users\YassineSBOUI\Downloads\NON_CV\email\530270486+-0493.tif,.tif
non_cv_01701,non_cv,memo,raw/non_cv/memo/non_cv_01701.tif,C:\Users\YassineSBOUI\Downloads\NON_CV\memo\50139815-9815.tif,.tif
non_cv_01702,non_cv,presentation,raw/non_cv/presentation/non_cv_01702.tif,C:\Users\YassineSBOUI\Downloads\NON_CV\presentation\2063676504_6505.tif,.tif
non_cv_01703,non_cv,letter,raw/non_cv/letter/non_cv_01703.tif,C:\Users\YassineSBOUI\Downloads\NON_CV\letter\524425705+-5705.tif,.tif
non_cv_01704,non_cv,advertisement,raw/non_cv/advertisement/non_cv_01704.tif,C:\Users\YassineSBOUI\Downloads\NON_CV\advertisement\71508305.tif,.tif
non_cv_01705,non_cv,email,raw/non_cv/email/non_cv_01705.tif,C:\Users\YassineSBOUI\Downloads\NON_CV\email\2064334043c.tif,.tif
non_cv_01706,non_cv,questionnaire,raw/non_cv/questionnaire/non_cv_01706.tif,C:\Users\YassineSBOUI\Downloads\NON_CV\questionnaire\2047405001_2047405002.tif,.tif
non_cv_01707,non_cv,advertisement,raw/non_cv/advertisement/non_cv_01707.tif,C:\Users\YassineSBOUI\Downloads\NON_CV\advertisement\03568133.tif,.tif
non_cv_01708,non_cv,memo,raw/non_cv/memo/non_cv_01708.tif,C:\Users\YassineSBOUI\Downloads\NON_CV\memo\0001241938.tif,.tif
non_cv_01709,non_cv,questionnaire,raw/non_cv/questionnaire/non_cv_01709.tif,C:\Users\YassineSBOUI\Downloads\NON_CV\questionnaire\507257043+-7046.tif,.tif
non_cv_01710,non_cv,scientific_publication,raw/non_cv/scientific_publication/non_cv_01710.tif,C:\Users\YassineSBOUI\Downloads\NON_CV\scientific_publication\2502237013_7021.tif,.tif
non_cv_01711,non_cv,budget,raw/non_cv/budget/non_cv_01711.tif,C:\Users\YassineSBOUI\Downloads\NON_CV\budget\86368765_8766.tif,.tif
non_cv_01712,non_cv,handwritten,raw/non_cv/handwritten/non_cv_01712.tif,C:\Users\YassineSBOUI\Downloads\NON_CV\handwritten\516690420+-0420.tif,.tif
non_cv_01713,non_cv,invoice,raw/non_cv/invoice/non_cv_01713.tif,C:\Users\YassineSBOUI\Downloads\NON_CV\invoice\1003122090_1003122091.tif,.tif
non_cv_01714,non_cv,budget,raw/non_cv/budget/non_cv_01714.tif,C:\Users\YassineSBOUI\Downloads\NON_CV\budget\tcal0469542.tif,.tif
non_cv_01715,non_cv,specification,raw/non_cv/specification/non_cv_01715.tif,C:\Users\YassineSBOUI\Downloads\NON_CV\specification\511744786_511744788.tif,.tif
non_cv_01716,non_cv,advertisement,raw/non_cv/advertisement/non_cv_01716.tif,C:\Users\YassineSBOUI\Downloads\NON_CV\advertisement\502599808+-9808.tif,.tif
non_cv_01717,non_cv,budget,raw/non_cv/budget/non_cv_01717.tif,C:\Users\YassineSBOUI\Downloads\NON_CV\budget\2015025990.tif,.tif
non_cv_01718,non_cv,scientific_report,raw/non_cv/scientific_report/non_cv_01718.tif,C:\Users\YassineSBOUI\Downloads\NON_CV\scientific_report\88717275_7279.tif,.tif
non_cv_01719,non_cv,specification,raw/non_cv/specification/non_cv_01719.tif,C:\Users\YassineSBOUI\Downloads\NON_CV\specification\2069731559.tif,.tif
non_cv_01720,non_cv,invoice,raw/non_cv/invoice/non_cv_01720.tif,C:\Users\YassineSBOUI\Downloads\NON_CV\invoice\500090960+-0961.tif,.tif
non_cv_01721,non_cv,invoice,raw/non_cv/invoice/non_cv_01721.tif,C:\Users\YassineSBOUI\Downloads\NON_CV\invoice\2028705656.tif,.tif
non_cv_01722,non_cv,file_folder,raw/non_cv/file_folder/non_cv_01722.tif,C:\Users\YassineSBOUI\Downloads\NON_CV\file_folder\2046663083.tif,.tif
non_cv_01723,non_cv,specification,raw/non_cv/specification/non_cv_01723.tif,C:\Users\YassineSBOUI\Downloads\NON_CV\specification\0060006787.tif,.tif
non_cv_01724,non_cv,email,raw/non_cv/email/non_cv_01724.tif,C:\Users\YassineSBOUI\Downloads\NON_CV\email\2085726239.tif,.tif
non_cv_01725,non_cv,file_folder,raw/non_cv/file_folder/non_cv_01725.tif,C:\Users\YassineSBOUI\Downloads\NON_CV\file_folder\2065344086.tif,.tif
non_cv_01726,non_cv,news_article,raw/non_cv/news_article/non_cv_01726.tif,C:\Users\YassineSBOUI\Downloads\NON_CV\news_article\1002420011.tif,.tif
non_cv_01727,non_cv,memo,raw/non_cv/memo/non_cv_01727.tif,C:\Users\YassineSBOUI\Downloads\NON_CV\memo\2046677216_7217.tif,.tif
non_cv_01728,non_cv,file_folder,raw/non_cv/file_folder/non_cv_01728.tif,C:\Users\YassineSBOUI\Downloads\NON_CV\file_folder\50562240-2240.tif,.tif
non_cv_01729,non_cv,letter,raw/non_cv/letter/non_cv_01729.tif,C:\Users\YassineSBOUI\Downloads\NON_CV\letter\514063423.tif,.tif
non_cv_01730,non_cv,presentation,raw/non_cv/presentation/non_cv_01730.tif,C:\Users\YassineSBOUI\Downloads\NON_CV\presentation\2081540458.tif,.tif
non_cv_01731,non_cv,resume,raw/non_cv/resume/non_cv_01731.tif,C:\Users\YassineSBOUI\Downloads\NON_CV\resume\2022245324_2022245328.tif,.tif
non_cv_01732,non_cv,scientific_report,raw/non_cv/scientific_report/non_cv_01732.tif,C:\Users\YassineSBOUI\Downloads\NON_CV\scientific_report\2057337779_7805.tif,.tif
non_cv_01733,non_cv,scientific_report,raw/non_cv/scientific_report/non_cv_01733.tif,C:\Users\YassineSBOUI\Downloads\NON_CV\scientific_report\2050818115.tif,.tif
non_cv_01734,non_cv,memo,raw/non_cv/memo/non_cv_01734.tif,C:\Users\YassineSBOUI\Downloads\NON_CV\memo\0060058759.tif,.tif
non_cv_01735,non_cv,questionnaire,raw/non_cv/questionnaire/non_cv_01735.tif,C:\Users\YassineSBOUI\Downloads\NON_CV\questionnaire\0000565309.tif,.tif
non_cv_01736,non_cv,handwritten,raw/non_cv/handwritten/non_cv_01736.tif,C:\Users\YassineSBOUI\Downloads\NON_CV\handwritten\517757230+-7231.tif,.tif
non_cv_01737,non_cv,file_folder,raw/non_cv/file_folder/non_cv_01737.tif,C:\Users\YassineSBOUI\Downloads\NON_CV\file_folder\2061860305.tif,.tif
non_cv_01738,non_cv,news_article,raw/non_cv/news_article/non_cv_01738.tif,C:\Users\YassineSBOUI\Downloads\NON_CV\news_article\2025493002.tif,.tif
non_cv_01739,non_cv,invoice,raw/non_cv/invoice/non_cv_01739.tif,C:\Users\YassineSBOUI\Downloads\NON_CV\invoice\CTRCONTRACTS013593-3.tif,.tif
non_cv_01740,non_cv,memo,raw/non_cv/memo/non_cv_01740.tif,C:\Users\YassineSBOUI\Downloads\NON_CV\memo\0071018381.tif,.tif
non_cv_01741,non_cv,handwritten,raw/non_cv/handwritten/non_cv_01741.tif,C:\Users\YassineSBOUI\Downloads\NON_CV\handwritten\505168212_505168214.tif,.tif
non_cv_01742,non_cv,budget,raw/non_cv/budget/non_cv_01742.tif,C:\Users\YassineSBOUI\Downloads\NON_CV\budget\24007287_24007288.tif,.tif
non_cv_01743,non_cv,scientific_report,raw/non_cv/scientific_report/non_cv_01743.tif,C:\Users\YassineSBOUI\Downloads\NON_CV\scientific_report\2000511906.tif,.tif
non_cv_01744,non_cv,budget,raw/non_cv/budget/non_cv_01744.tif,C:\Users\YassineSBOUI\Downloads\NON_CV\budget\91003058_3066.tif,.tif
non_cv_01745,non_cv,scientific_report,raw/non_cv/scientific_report/non_cv_01745.tif,C:\Users\YassineSBOUI\Downloads\NON_CV\scientific_report\2505155025_5026.tif,.tif
non_cv_01746,non_cv,specification,raw/non_cv/specification/non_cv_01746.tif,C:\Users\YassineSBOUI\Downloads\NON_CV\specification\2031313910.tif,.tif
non_cv_01747,non_cv,memo,raw/non_cv/memo/non_cv_01747.tif,C:\Users\YassineSBOUI\Downloads\NON_CV\memo\11300764.tif,.tif
non_cv_01748,non_cv,handwritten,raw/non_cv/handwritten/non_cv_01748.tif,C:\Users\YassineSBOUI\Downloads\NON_CV\handwritten\515957675+-7677.tif,.tif
non_cv_01749,non_cv,email,raw/non_cv/email/non_cv_01749.tif,C:\Users\YassineSBOUI\Downloads\NON_CV\email\2081468134.tif,.tif
non_cv_01750,non_cv,email,raw/non_cv/email/non_cv_01750.tif,C:\Users\YassineSBOUI\Downloads\NON_CV\email\2085793379b_3380.tif,.tif
non_cv_01751,non_cv,letter,raw/non_cv/letter/non_cv_01751.tif,C:\Users\YassineSBOUI\Downloads\NON_CV\letter\508806960.tif,.tif
non_cv_01752,non_cv,budget,raw/non_cv/budget/non_cv_01752.tif,C:\Users\YassineSBOUI\Downloads\NON_CV\budget\11003825.tif,.tif
non_cv_01753,non_cv,resume,raw/non_cv/resume/non_cv_01753.tif,C:\Users\YassineSBOUI\Downloads\NON_CV\resume\50630337-0338.tif,.tif
non_cv_01754,non_cv,form,raw/non_cv/form/non_cv_01754.tif,C:\Users\YassineSBOUI\Downloads\NON_CV\form\2030454631.tif,.tif
non_cv_01755,non_cv,memo,raw/non_cv/memo/non_cv_01755.tif,C:\Users\YassineSBOUI\Downloads\NON_CV\memo\0060303425.tif,.tif
non_cv_01756,non_cv,budget,raw/non_cv/budget/non_cv_01756.tif,C:\Users\YassineSBOUI\Downloads\NON_CV\budget\0000511830.tif,.tif
non_cv_01757,non_cv,presentation,raw/non_cv/presentation/non_cv_01757.tif,C:\Users\YassineSBOUI\Downloads\NON_CV\presentation\93276529_6537.tif,.tif
non_cv_01758,non_cv,letter,raw/non_cv/letter/non_cv_01758.tif,C:\Users\YassineSBOUI\Downloads\NON_CV\letter\92327336.tif,.tif
non_cv_01759,non_cv,news_article,raw/non_cv/news_article/non_cv_01759.tif,C:\Users\YassineSBOUI\Downloads\NON_CV\news_article\tob06115.43.tif,.tif
non_cv_01760,non_cv,letter,raw/non_cv/letter/non_cv_01760.tif,C:\Users\YassineSBOUI\Downloads\NON_CV\letter\503651557.tif,.tif
non_cv_01761,non_cv,news_article,raw/non_cv/news_article/non_cv_01761.tif,C:\Users\YassineSBOUI\Downloads\NON_CV\news_article\2071573025.tif,.tif
non_cv_01762,non_cv,questionnaire,raw/non_cv/questionnaire/non_cv_01762.tif,C:\Users\YassineSBOUI\Downloads\NON_CV\questionnaire\1000364819.tif,.tif
non_cv_01763,non_cv,handwritten,raw/non_cv/handwritten/non_cv_01763.tif,C:\Users\YassineSBOUI\Downloads\NON_CV\handwritten\522933045+-3047.tif,.tif
non_cv_01764,non_cv,letter,raw/non_cv/letter/non_cv_01764.tif,C:\Users\YassineSBOUI\Downloads\NON_CV\letter\2053447546_2053447547.tif,.tif
non_cv_01765,non_cv,invoice,raw/non_cv/invoice/non_cv_01765.tif,C:\Users\YassineSBOUI\Downloads\NON_CV\invoice\2028726526.tif,.tif
non_cv_01766,non_cv,invoice,raw/non_cv/invoice/non_cv_01766.tif,C:\Users\YassineSBOUI\Downloads\NON_CV\invoice\2085534915.tif,.tif
non_cv_01767,non_cv,advertisement,raw/non_cv/advertisement/non_cv_01767.tif,C:\Users\YassineSBOUI\Downloads\NON_CV\advertisement\2049023839.tif,.tif
non_cv_01768,non_cv,letter,raw/non_cv/letter/non_cv_01768.tif,C:\Users\YassineSBOUI\Downloads\NON_CV\letter\523531138+-1138.tif,.tif
non_cv_01769,non_cv,scientific_publication,raw/non_cv/scientific_publication/non_cv_01769.tif,C:\Users\YassineSBOUI\Downloads\NON_CV\scientific_publication\50697435-7445.tif,.tif
non_cv_01770,non_cv,news_article,raw/non_cv/news_article/non_cv_01770.tif,C:\Users\YassineSBOUI\Downloads\NON_CV\news_article\2504080115.tif,.tif
non_cv_01771,non_cv,questionnaire,raw/non_cv/questionnaire/non_cv_01771.tif,C:\Users\YassineSBOUI\Downloads\NON_CV\questionnaire\2047704731.tif,.tif
non_cv_01772,non_cv,scientific_publication,raw/non_cv/scientific_publication/non_cv_01772.tif,C:\Users\YassineSBOUI\Downloads\NON_CV\scientific_publication\2064384848_4893.tif,.tif
non_cv_01773,non_cv,budget,raw/non_cv/budget/non_cv_01773.tif,C:\Users\YassineSBOUI\Downloads\NON_CV\budget\tcal0469698.tif,.tif
non_cv_01774,non_cv,budget,raw/non_cv/budget/non_cv_01774.tif,C:\Users\YassineSBOUI\Downloads\NON_CV\budget\0000437618.tif,.tif
non_cv_01775,non_cv,resume,raw/non_cv/resume/non_cv_01775.tif,C:\Users\YassineSBOUI\Downloads\NON_CV\resume\50448337-8338.tif,.tif
non_cv_01776,non_cv,news_article,raw/non_cv/news_article/non_cv_01776.tif,C:\Users\YassineSBOUI\Downloads\NON_CV\news_article\tob12413.79_tob12413.82.tif,.tif
non_cv_01777,non_cv,email,raw/non_cv/email/non_cv_01777.tif,C:\Users\YassineSBOUI\Downloads\NON_CV\email\2081765673c.tif,.tif
non_cv_01778,non_cv,resume,raw/non_cv/resume/non_cv_01778.tif,C:\Users\YassineSBOUI\Downloads\NON_CV\resume\50591337-1338.tif,.tif
non_cv_01779,non_cv,news_article,raw/non_cv/news_article/non_cv_01779.tif,C:\Users\YassineSBOUI\Downloads\NON_CV\news_article\1003724297_1003724298.tif,.tif
non_cv_01780,non_cv,resume,raw/non_cv/resume/non_cv_01780.tif,C:\Users\YassineSBOUI\Downloads\NON_CV\resume\50651397-1398.tif,.tif
non_cv_01781,non_cv,letter,raw/non_cv/letter/non_cv_01781.tif,C:\Users\YassineSBOUI\Downloads\NON_CV\letter\tob14917.12_tob14917.13.tif,.tif
non_cv_01782,non_cv,file_folder,raw/non_cv/file_folder/non_cv_01782.tif,C:\Users\YassineSBOUI\Downloads\NON_CV\file_folder\0071001057.tif,.tif
non_cv_01783,non_cv,file_folder,raw/non_cv/file_folder/non_cv_01783.tif,C:\Users\YassineSBOUI\Downloads\NON_CV\file_folder\2063476927.tif,.tif
non_cv_01784,non_cv,memo,raw/non_cv/memo/non_cv_01784.tif,C:\Users\YassineSBOUI\Downloads\NON_CV\memo\2049428882.tif,.tif
non_cv_01785,non_cv,scientific_report,raw/non_cv/scientific_report/non_cv_01785.tif,C:\Users\YassineSBOUI\Downloads\NON_CV\scientific_report\80232823.tif,.tif
non_cv_01786,non_cv,presentation,raw/non_cv/presentation/non_cv_01786.tif,C:\Users\YassineSBOUI\Downloads\NON_CV\presentation\2073788295.tif,.tif
non_cv_01787,non_cv,questionnaire,raw/non_cv/questionnaire/non_cv_01787.tif,C:\Users\YassineSBOUI\Downloads\NON_CV\questionnaire\86546169.tif,.tif
non_cv_01788,non_cv,scientific_publication,raw/non_cv/scientific_publication/non_cv_01788.tif,C:\Users\YassineSBOUI\Downloads\NON_CV\scientific_publication\50528912-8912.tif,.tif
non_cv_01789,non_cv,advertisement,raw/non_cv/advertisement/non_cv_01789.tif,C:\Users\YassineSBOUI\Downloads\NON_CV\advertisement\2500113462.tif,.tif
non_cv_01790,non_cv,scientific_report,raw/non_cv/scientific_report/non_cv_01790.tif,C:\Users\YassineSBOUI\Downloads\NON_CV\scientific_report\2001115307.tif,.tif
non_cv_01791,non_cv,specification,raw/non_cv/specification/non_cv_01791.tif,C:\Users\YassineSBOUI\Downloads\NON_CV\specification\2057434828_2057434829.tif,.tif
non_cv_01792,non_cv,resume,raw/non_cv/resume/non_cv_01792.tif,C:\Users\YassineSBOUI\Downloads\NON_CV\resume\50431785-1788.tif,.tif
non_cv_01793,non_cv,advertisement,raw/non_cv/advertisement/non_cv_01793.tif,C:\Users\YassineSBOUI\Downloads\NON_CV\advertisement\71385310.tif,.tif
non_cv_01794,non_cv,specification,raw/non_cv/specification/non_cv_01794.tif,C:\Users\YassineSBOUI\Downloads\NON_CV\specification\2030226962_2030226965.tif,.tif
non_cv_01795,non_cv,questionnaire,raw/non_cv/questionnaire/non_cv_01795.tif,C:\Users\YassineSBOUI\Downloads\NON_CV\questionnaire\0001234178.tif,.tif
non_cv_01796,non_cv,email,raw/non_cv/email/non_cv_01796.tif,C:\Users\YassineSBOUI\Downloads\NON_CV\email\2505106966b.tif,.tif
non_cv_01797,non_cv,budget,raw/non_cv/budget/non_cv_01797.tif,C:\Users\YassineSBOUI\Downloads\NON_CV\budget\2049425386.tif,.tif
non_cv_01798,non_cv,file_folder,raw/non_cv/file_folder/non_cv_01798.tif,C:\Users\YassineSBOUI\Downloads\NON_CV\file_folder\2059007945.tif,.tif
non_cv_01799,non_cv,form,raw/non_cv/form/non_cv_01799.tif,C:\Users\YassineSBOUI\Downloads\NON_CV\form\2077281444.tif,.tif
non_cv_01800,non_cv,budget,raw/non_cv/budget/non_cv_01800.tif,C:\Users\YassineSBOUI\Downloads\NON_CV\budget\tcal0408435.tif,.tif
non_cv_01801,non_cv,memo,raw/non_cv/memo/non_cv_01801.tif,C:\Users\YassineSBOUI\Downloads\NON_CV\memo\86266129_6132.tif,.tif
non_cv_01802,non_cv,budget,raw/non_cv/budget/non_cv_01802.tif,C:\Users\YassineSBOUI\Downloads\NON_CV\budget\tnwl0007639.tif,.tif
non_cv_01803,non_cv,news_article,raw/non_cv/news_article/non_cv_01803.tif,C:\Users\YassineSBOUI\Downloads\NON_CV\news_article\ton01401.07.tif,.tif
non_cv_01804,non_cv,letter,raw/non_cv/letter/non_cv_01804.tif,C:\Users\YassineSBOUI\Downloads\NON_CV\letter\506278713+-8713.tif,.tif
non_cv_01805,non_cv,questionnaire,raw/non_cv/questionnaire/non_cv_01805.tif,C:\Users\YassineSBOUI\Downloads\NON_CV\questionnaire\1000345021.tif,.tif
non_cv_01806,non_cv,scientific_report,raw/non_cv/scientific_report/non_cv_01806.tif,C:\Users\YassineSBOUI\Downloads\NON_CV\scientific_report\2022143383.tif,.tif
non_cv_01807,non_cv,news_article,raw/non_cv/news_article/non_cv_01807.tif,C:\Users\YassineSBOUI\Downloads\NON_CV\news_article\tob11706.76.tif,.tif
non_cv_01808,non_cv,scientific_report,raw/non_cv/scientific_report/non_cv_01808.tif,C:\Users\YassineSBOUI\Downloads\NON_CV\scientific_report\2051037756.tif,.tif
non_cv_01809,non_cv,file_folder,raw/non_cv/file_folder/non_cv_01809.tif,C:\Users\YassineSBOUI\Downloads\NON_CV\file_folder\2029156374.tif,.tif
non_cv_01810,non_cv,scientific_publication,raw/non_cv/scientific_publication/non_cv_01810.tif,C:\Users\YassineSBOUI\Downloads\NON_CV\scientific_publication\2085744715_4717.tif,.tif
non_cv_01811,non_cv,news_article,raw/non_cv/news_article/non_cv_01811.tif,C:\Users\YassineSBOUI\Downloads\NON_CV\news_article\2073668785.tif,.tif
non_cv_01812,non_cv,memo,raw/non_cv/memo/non_cv_01812.tif,C:\Users\YassineSBOUI\Downloads\NON_CV\memo\0000797357.tif,.tif
non_cv_01813,non_cv,invoice,raw/non_cv/invoice/non_cv_01813.tif,C:\Users\YassineSBOUI\Downloads\NON_CV\invoice\2028746037.tif,.tif
non_cv_01814,non_cv,scientific_report,raw/non_cv/scientific_report/non_cv_01814.tif,C:\Users\YassineSBOUI\Downloads\NON_CV\scientific_report\88978999_88979010.tif,.tif
non_cv_01815,non_cv,advertisement,raw/non_cv/advertisement/non_cv_01815.tif,C:\Users\YassineSBOUI\Downloads\NON_CV\advertisement\502361951+-1953.tif,.tif
non_cv_01816,non_cv,email,raw/non_cv/email/non_cv_01816.tif,C:\Users\YassineSBOUI\Downloads\NON_CV\email\2085764223b.tif,.tif
non_cv_01817,non_cv,budget,raw/non_cv/budget/non_cv_01817.tif,C:\Users\YassineSBOUI\Downloads\NON_CV\budget\2043866922.tif,.tif
non_cv_01818,non_cv,news_article,raw/non_cv/news_article/non_cv_01818.tif,C:\Users\YassineSBOUI\Downloads\NON_CV\news_article\2080721281.tif,.tif
non_cv_01819,non_cv,budget,raw/non_cv/budget/non_cv_01819.tif,C:\Users\YassineSBOUI\Downloads\NON_CV\budget\ti14860894.tif,.tif
non_cv_01820,non_cv,questionnaire,raw/non_cv/questionnaire/non_cv_01820.tif,C:\Users\YassineSBOUI\Downloads\NON_CV\questionnaire\2051778059.tif,.tif
non_cv_01821,non_cv,letter,raw/non_cv/letter/non_cv_01821.tif,C:\Users\YassineSBOUI\Downloads\NON_CV\letter\91891207.tif,.tif
non_cv_01822,non_cv,email,raw/non_cv/email/non_cv_01822.tif,C:\Users\YassineSBOUI\Downloads\NON_CV\email\2067680253.tif,.tif
non_cv_01823,non_cv,letter,raw/non_cv/letter/non_cv_01823.tif,C:\Users\YassineSBOUI\Downloads\NON_CV\letter\1001802312.tif,.tif
non_cv_01824,non_cv,memo,raw/non_cv/memo/non_cv_01824.tif,C:\Users\YassineSBOUI\Downloads\NON_CV\memo\2078437338a.tif,.tif
non_cv_01825,non_cv,specification,raw/non_cv/specification/non_cv_01825.tif,C:\Users\YassineSBOUI\Downloads\NON_CV\specification\2031304774.tif,.tif
non_cv_01826,non_cv,presentation,raw/non_cv/presentation/non_cv_01826.tif,C:\Users\YassineSBOUI\Downloads\NON_CV\presentation\2016000217_2016000218.tif,.tif
non_cv_01827,non_cv,advertisement,raw/non_cv/advertisement/non_cv_01827.tif,C:\Users\YassineSBOUI\Downloads\NON_CV\advertisement\2070500755_0756.tif,.tif
non_cv_01828,non_cv,handwritten,raw/non_cv/handwritten/non_cv_01828.tif,C:\Users\YassineSBOUI\Downloads\NON_CV\handwritten\522762940+-2941.tif,.tif
non_cv_01829,non_cv,budget,raw/non_cv/budget/non_cv_01829.tif,C:\Users\YassineSBOUI\Downloads\NON_CV\budget\11011188.tif,.tif
non_cv_01830,non_cv,handwritten,raw/non_cv/handwritten/non_cv_01830.tif,C:\Users\YassineSBOUI\Downloads\NON_CV\handwritten\515453489_515453492.tif,.tif
non_cv_01831,non_cv,advertisement,raw/non_cv/advertisement/non_cv_01831.tif,C:\Users\YassineSBOUI\Downloads\NON_CV\advertisement\71394193.tif,.tif
non_cv_01832,non_cv,memo,raw/non_cv/memo/non_cv_01832.tif,C:\Users\YassineSBOUI\Downloads\NON_CV\memo\0000520268.tif,.tif
non_cv_01833,non_cv,specification,raw/non_cv/specification/non_cv_01833.tif,C:\Users\YassineSBOUI\Downloads\NON_CV\specification\2058030841.tif,.tif
non_cv_01834,non_cv,presentation,raw/non_cv/presentation/non_cv_01834.tif,C:\Users\YassineSBOUI\Downloads\NON_CV\presentation\2023722135.tif,.tif
non_cv_01835,non_cv,scientific_publication,raw/non_cv/scientific_publication/non_cv_01835.tif,C:\Users\YassineSBOUI\Downloads\NON_CV\scientific_publication\CTRSP-FILES001268-12.tif,.tif
non_cv_01836,non_cv,specification,raw/non_cv/specification/non_cv_01836.tif,C:\Users\YassineSBOUI\Downloads\NON_CV\specification\514400079_514400087.tif,.tif
non_cv_01837,non_cv,invoice,raw/non_cv/invoice/non_cv_01837.tif,C:\Users\YassineSBOUI\Downloads\NON_CV\invoice\2028743452_2028743453.tif,.tif
non_cv_01838,non_cv,scientific_publication,raw/non_cv/scientific_publication/non_cv_01838.tif,C:\Users\YassineSBOUI\Downloads\NON_CV\scientific_publication\50286380-6383.tif,.tif
non_cv_01839,non_cv,file_folder,raw/non_cv/file_folder/non_cv_01839.tif,C:\Users\YassineSBOUI\Downloads\NON_CV\file_folder\50672086-2086.tif,.tif
non_cv_01840,non_cv,file_folder,raw/non_cv/file_folder/non_cv_01840.tif,C:\Users\YassineSBOUI\Downloads\NON_CV\file_folder\0060109548.tif,.tif
non_cv_01841,non_cv,form,raw/non_cv/form/non_cv_01841.tif,C:\Users\YassineSBOUI\Downloads\NON_CV\form\502012831.tif,.tif
non_cv_01842,non_cv,handwritten,raw/non_cv/handwritten/non_cv_01842.tif,C:\Users\YassineSBOUI\Downloads\NON_CV\handwritten\505866628.tif,.tif
non_cv_01843,non_cv,scientific_publication,raw/non_cv/scientific_publication/non_cv_01843.tif,C:\Users\YassineSBOUI\Downloads\NON_CV\scientific_publication\10393960.tif,.tif
non_cv_01844,non_cv,budget,raw/non_cv/budget/non_cv_01844.tif,C:\Users\YassineSBOUI\Downloads\NON_CV\budget\2041375230_2041375232.tif,.tif
non_cv_01845,non_cv,presentation,raw/non_cv/presentation/non_cv_01845.tif,C:\Users\YassineSBOUI\Downloads\NON_CV\presentation\2060369662.tif,.tif
non_cv_01846,non_cv,scientific_publication,raw/non_cv/scientific_publication/non_cv_01846.tif,C:\Users\YassineSBOUI\Downloads\NON_CV\scientific_publication\2501863693_3699.tif,.tif
non_cv_01847,non_cv,resume,raw/non_cv/resume/non_cv_01847.tif,C:\Users\YassineSBOUI\Downloads\NON_CV\resume\50355465-5466.tif,.tif
non_cv_01848,non_cv,news_article,raw/non_cv/news_article/non_cv_01848.tif,C:\Users\YassineSBOUI\Downloads\NON_CV\news_article\tob11101.18_tob11101.19.tif,.tif
non_cv_01849,non_cv,scientific_report,raw/non_cv/scientific_report/non_cv_01849.tif,C:\Users\YassineSBOUI\Downloads\NON_CV\scientific_report\2024004030_2024004057.tif,.tif
non_cv_01850,non_cv,invoice,raw/non_cv/invoice/non_cv_01850.tif,C:\Users\YassineSBOUI\Downloads\NON_CV\invoice\2080705071.tif,.tif
non_cv_01851,non_cv,news_article,raw/non_cv/news_article/non_cv_01851.tif,C:\Users\YassineSBOUI\Downloads\NON_CV\news_article\2021322051.tif,.tif
non_cv_01852,non_cv,file_folder,raw/non_cv/file_folder/non_cv_01852.tif,C:\Users\YassineSBOUI\Downloads\NON_CV\file_folder\2081718440.tif,.tif
non_cv_01853,non_cv,resume,raw/non_cv/resume/non_cv_01853.tif,C:\Users\YassineSBOUI\Downloads\NON_CV\resume\50432194-2194.tif,.tif
non_cv_01854,non_cv,handwritten,raw/non_cv/handwritten/non_cv_01854.tif,C:\Users\YassineSBOUI\Downloads\NON_CV\handwritten\524110056+-0056.tif,.tif
non_cv_01855,non_cv,memo,raw/non_cv/memo/non_cv_01855.tif,C:\Users\YassineSBOUI\Downloads\NON_CV\memo\2061682222_2223.tif,.tif
non_cv_01856,non_cv,file_folder,raw/non_cv/file_folder/non_cv_01856.tif,C:\Users\YassineSBOUI\Downloads\NON_CV\file_folder\50444576-4576.tif,.tif
non_cv_01857,non_cv,invoice,raw/non_cv/invoice/non_cv_01857.tif,C:\Users\YassineSBOUI\Downloads\NON_CV\invoice\2071496899.tif,.tif
non_cv_01858,non_cv,presentation,raw/non_cv/presentation/non_cv_01858.tif,C:\Users\YassineSBOUI\Downloads\NON_CV\presentation\2080136751_6786.tif,.tif
non_cv_01859,non_cv,form,raw/non_cv/form/non_cv_01859.tif,C:\Users\YassineSBOUI\Downloads\NON_CV\form\0060059341.tif,.tif
non_cv_01860,non_cv,handwritten,raw/non_cv/handwritten/non_cv_01860.tif,C:\Users\YassineSBOUI\Downloads\NON_CV\handwritten\523434393+-4395.tif,.tif
non_cv_01861,non_cv,scientific_publication,raw/non_cv/scientific_publication/non_cv_01861.tif,C:\Users\YassineSBOUI\Downloads\NON_CV\scientific_publication\2024027384_2024027387.tif,.tif
non_cv_01862,non_cv,specification,raw/non_cv/specification/non_cv_01862.tif,C:\Users\YassineSBOUI\Downloads\NON_CV\specification\2069727645.tif,.tif
non_cv_01863,non_cv,memo,raw/non_cv/memo/non_cv_01863.tif,C:\Users\YassineSBOUI\Downloads\NON_CV\memo\2065505772.tif,.tif
non_cv_01864,non_cv,specification,raw/non_cv/specification/non_cv_01864.tif,C:\Users\YassineSBOUI\Downloads\NON_CV\specification\0012207187.tif,.tif
non_cv_01865,non_cv,memo,raw/non_cv/memo/non_cv_01865.tif,C:\Users\YassineSBOUI\Downloads\NON_CV\memo\2022242765.tif,.tif
non_cv_01866,non_cv,file_folder,raw/non_cv/file_folder/non_cv_01866.tif,C:\Users\YassineSBOUI\Downloads\NON_CV\file_folder\2024371000.tif,.tif
non_cv_01867,non_cv,file_folder,raw/non_cv/file_folder/non_cv_01867.tif,C:\Users\YassineSBOUI\Downloads\NON_CV\file_folder\2024482381.tif,.tif
non_cv_01868,non_cv,invoice,raw/non_cv/invoice/non_cv_01868.tif,C:\Users\YassineSBOUI\Downloads\NON_CV\invoice\0060281097.tif,.tif
non_cv_01869,non_cv,invoice,raw/non_cv/invoice/non_cv_01869.tif,C:\Users\YassineSBOUI\Downloads\NON_CV\invoice\80233964.tif,.tif
non_cv_01870,non_cv,advertisement,raw/non_cv/advertisement/non_cv_01870.tif,C:\Users\YassineSBOUI\Downloads\NON_CV\advertisement\517502182+-2182.tif,.tif
non_cv_01871,non_cv,questionnaire,raw/non_cv/questionnaire/non_cv_01871.tif,C:\Users\YassineSBOUI\Downloads\NON_CV\questionnaire\2085011720_1738.tif,.tif
non_cv_01872,non_cv,email,raw/non_cv/email/non_cv_01872.tif,C:\Users\YassineSBOUI\Downloads\NON_CV\email\2505487185c_7186.tif,.tif
non_cv_01873,non_cv,memo,raw/non_cv/memo/non_cv_01873.tif,C:\Users\YassineSBOUI\Downloads\NON_CV\memo\0012213935.tif,.tif
non_cv_01874,non_cv,handwritten,raw/non_cv/handwritten/non_cv_01874.tif,C:\Users\YassineSBOUI\Downloads\NON_CV\handwritten\502888263.tif,.tif
non_cv_01875,non_cv,handwritten,raw/non_cv/handwritten/non_cv_01875.tif,C:\Users\YassineSBOUI\Downloads\NON_CV\handwritten\517755055+-5057.tif,.tif
non_cv_01876,non_cv,questionnaire,raw/non_cv/questionnaire/non_cv_01876.tif,C:\Users\YassineSBOUI\Downloads\NON_CV\questionnaire\03605475_03605481.tif,.tif
non_cv_01877,non_cv,handwritten,raw/non_cv/handwritten/non_cv_01877.tif,C:\Users\YassineSBOUI\Downloads\NON_CV\handwritten\522713454+-3455.tif,.tif
non_cv_01878,non_cv,resume,raw/non_cv/resume/non_cv_01878.tif,C:\Users\YassineSBOUI\Downloads\NON_CV\resume\50487157-7158.tif,.tif
non_cv_01879,non_cv,invoice,raw/non_cv/invoice/non_cv_01879.tif,C:\Users\YassineSBOUI\Downloads\NON_CV\invoice\91661317.tif,.tif
non_cv_01880,non_cv,specification,raw/non_cv/specification/non_cv_01880.tif,C:\Users\YassineSBOUI\Downloads\NON_CV\specification\2069728236.tif,.tif
non_cv_01881,non_cv,budget,raw/non_cv/budget/non_cv_01881.tif,C:\Users\YassineSBOUI\Downloads\NON_CV\budget\tnwl0034670.tif,.tif
non_cv_01882,non_cv,budget,raw/non_cv/budget/non_cv_01882.tif,C:\Users\YassineSBOUI\Downloads\NON_CV\budget\24015070_24015071.tif,.tif
non_cv_01883,non_cv,presentation,raw/non_cv/presentation/non_cv_01883.tif,C:\Users\YassineSBOUI\Downloads\NON_CV\presentation\2065449359_9369.tif,.tif
non_cv_01884,non_cv,form,raw/non_cv/form/non_cv_01884.tif,C:\Users\YassineSBOUI\Downloads\NON_CV\form\2505166053.tif,.tif
non_cv_01885,non_cv,resume,raw/non_cv/resume/non_cv_01885.tif,C:\Users\YassineSBOUI\Downloads\NON_CV\resume\50366481-6482.tif,.tif
non_cv_01886,non_cv,presentation,raw/non_cv/presentation/non_cv_01886.tif,C:\Users\YassineSBOUI\Downloads\NON_CV\presentation\2074246231_6236.tif,.tif
non_cv_01887,non_cv,scientific_report,raw/non_cv/scientific_report/non_cv_01887.tif,C:\Users\YassineSBOUI\Downloads\NON_CV\scientific_report\1002648723_8769.tif,.tif
non_cv_01888,non_cv,file_folder,raw/non_cv/file_folder/non_cv_01888.tif,C:\Users\YassineSBOUI\Downloads\NON_CV\file_folder\0012947617.tif,.tif
non_cv_01889,non_cv,letter,raw/non_cv/letter/non_cv_01889.tif,C:\Users\YassineSBOUI\Downloads\NON_CV\letter\50020207.tif,.tif
non_cv_01890,non_cv,resume,raw/non_cv/resume/non_cv_01890.tif,C:\Users\YassineSBOUI\Downloads\NON_CV\resume\50415550-5559.tif,.tif
non_cv_01891,non_cv,budget,raw/non_cv/budget/non_cv_01891.tif,C:\Users\YassineSBOUI\Downloads\NON_CV\budget\2046892440.tif,.tif
non_cv_01892,non_cv,email,raw/non_cv/email/non_cv_01892.tif,C:\Users\YassineSBOUI\Downloads\NON_CV\email\530225431+-5432.tif,.tif
non_cv_01893,non_cv,invoice,raw/non_cv/invoice/non_cv_01893.tif,C:\Users\YassineSBOUI\Downloads\NON_CV\invoice\518244830+-4831.tif,.tif
non_cv_01894,non_cv,resume,raw/non_cv/resume/non_cv_01894.tif,C:\Users\YassineSBOUI\Downloads\NON_CV\resume\40030725-0727.tif,.tif
non_cv_01895,non_cv,handwritten,raw/non_cv/handwritten/non_cv_01895.tif,C:\Users\YassineSBOUI\Downloads\NON_CV\handwritten\524670893+-0911.tif,.tif
non_cv_01896,non_cv,file_folder,raw/non_cv/file_folder/non_cv_01896.tif,C:\Users\YassineSBOUI\Downloads\NON_CV\file_folder\0060280792.tif,.tif
non_cv_01897,non_cv,presentation,raw/non_cv/presentation/non_cv_01897.tif,C:\Users\YassineSBOUI\Downloads\NON_CV\presentation\2026195453_5460.tif,.tif
non_cv_01898,non_cv,specification,raw/non_cv/specification/non_cv_01898.tif,C:\Users\YassineSBOUI\Downloads\NON_CV\specification\2057487635_2057487636.tif,.tif
non_cv_01899,non_cv,news_article,raw/non_cv/news_article/non_cv_01899.tif,C:\Users\YassineSBOUI\Downloads\NON_CV\news_article\2065200905.tif,.tif
non_cv_01900,non_cv,questionnaire,raw/non_cv/questionnaire/non_cv_01900.tif,C:\Users\YassineSBOUI\Downloads\NON_CV\questionnaire\0001455013.tif,.tif
non_cv_01901,non_cv,resume,raw/non_cv/resume/non_cv_01901.tif,C:\Users\YassineSBOUI\Downloads\NON_CV\resume\2021522768_2021522770.tif,.tif
non_cv_01902,non_cv,memo,raw/non_cv/memo/non_cv_01902.tif,C:\Users\YassineSBOUI\Downloads\NON_CV\memo\0000004552.tif,.tif
non_cv_01903,non_cv,presentation,raw/non_cv/presentation/non_cv_01903.tif,C:\Users\YassineSBOUI\Downloads\NON_CV\presentation\04303697_3739.tif,.tif
non_cv_01904,non_cv,memo,raw/non_cv/memo/non_cv_01904.tif,C:\Users\YassineSBOUI\Downloads\NON_CV\memo\1003381217_1218.tif,.tif
non_cv_01905,non_cv,advertisement,raw/non_cv/advertisement/non_cv_01905.tif,C:\Users\YassineSBOUI\Downloads\NON_CV\advertisement\2072430429.tif,.tif
non_cv_01906,non_cv,news_article,raw/non_cv/news_article/non_cv_01906.tif,C:\Users\YassineSBOUI\Downloads\NON_CV\news_article\2073735615.tif,.tif
non_cv_01907,non_cv,scientific_report,raw/non_cv/scientific_report/non_cv_01907.tif,C:\Users\YassineSBOUI\Downloads\NON_CV\scientific_report\81310350.tif,.tif
non_cv_01908,non_cv,letter,raw/non_cv/letter/non_cv_01908.tif,C:\Users\YassineSBOUI\Downloads\NON_CV\letter\509618465.tif,.tif
non_cv_01909,non_cv,scientific_publication,raw/non_cv/scientific_publication/non_cv_01909.tif,C:\Users\YassineSBOUI\Downloads\NON_CV\scientific_publication\2051830047_0054.tif,.tif
non_cv_01910,non_cv,form,raw/non_cv/form/non_cv_01910.tif,C:\Users\YassineSBOUI\Downloads\NON_CV\form\2083397497.tif,.tif
non_cv_01911,non_cv,handwritten,raw/non_cv/handwritten/non_cv_01911.tif,C:\Users\YassineSBOUI\Downloads\NON_CV\handwritten\511474088_511474092.tif,.tif
non_cv_01912,non_cv,invoice,raw/non_cv/invoice/non_cv_01912.tif,C:\Users\YassineSBOUI\Downloads\NON_CV\invoice\87148042.tif,.tif
non_cv_01913,non_cv,news_article,raw/non_cv/news_article/non_cv_01913.tif,C:\Users\YassineSBOUI\Downloads\NON_CV\news_article\2082956098.tif,.tif
non_cv_01914,non_cv,file_folder,raw/non_cv/file_folder/non_cv_01914.tif,C:\Users\YassineSBOUI\Downloads\NON_CV\file_folder\2040336750.tif,.tif
non_cv_01915,non_cv,handwritten,raw/non_cv/handwritten/non_cv_01915.tif,C:\Users\YassineSBOUI\Downloads\NON_CV\handwritten\517514612+-4613.tif,.tif
non_cv_01916,non_cv,email,raw/non_cv/email/non_cv_01916.tif,C:\Users\YassineSBOUI\Downloads\NON_CV\email\530901096+-1098.tif,.tif
non_cv_01917,non_cv,resume,raw/non_cv/resume/non_cv_01917.tif,C:\Users\YassineSBOUI\Downloads\NON_CV\resume\2063114053_2063114054.tif,.tif
non_cv_01918,non_cv,email,raw/non_cv/email/non_cv_01918.tif,C:\Users\YassineSBOUI\Downloads\NON_CV\email\2070533631a.tif,.tif
non_cv_01919,non_cv,form,raw/non_cv/form/non_cv_01919.tif,C:\Users\YassineSBOUI\Downloads\NON_CV\form\2030020349.tif,.tif
non_cv_01920,non_cv,handwritten,raw/non_cv/handwritten/non_cv_01920.tif,C:\Users\YassineSBOUI\Downloads\NON_CV\handwritten\512967474+-7474.tif,.tif
non_cv_01921,non_cv,email,raw/non_cv/email/non_cv_01921.tif,C:\Users\YassineSBOUI\Downloads\NON_CV\email\531250217+-0219.tif,.tif
non_cv_01922,non_cv,resume,raw/non_cv/resume/non_cv_01922.tif,C:\Users\YassineSBOUI\Downloads\NON_CV\resume\50606503-6504.tif,.tif
non_cv_01923,non_cv,email,raw/non_cv/email/non_cv_01923.tif,C:\Users\YassineSBOUI\Downloads\NON_CV\email\530293601+-3601.tif,.tif
non_cv_01924,non_cv,resume,raw/non_cv/resume/non_cv_01924.tif,C:\Users\YassineSBOUI\Downloads\NON_CV\resume\2046090130_2046090138.tif,.tif
non_cv_01925,non_cv,news_article,raw/non_cv/news_article/non_cv_01925.tif,C:\Users\YassineSBOUI\Downloads\NON_CV\news_article\2046957417.tif,.tif
non_cv_01926,non_cv,file_folder,raw/non_cv/file_folder/non_cv_01926.tif,C:\Users\YassineSBOUI\Downloads\NON_CV\file_folder\2072174302.tif,.tif
non_cv_01927,non_cv,scientific_publication,raw/non_cv/scientific_publication/non_cv_01927.tif,C:\Users\YassineSBOUI\Downloads\NON_CV\scientific_publication\2505468031_8038.tif,.tif
non_cv_01928,non_cv,news_article,raw/non_cv/news_article/non_cv_01928.tif,C:\Users\YassineSBOUI\Downloads\NON_CV\news_article\tob13608.44.tif,.tif
non_cv_01929,non_cv,scientific_publication,raw/non_cv/scientific_publication/non_cv_01929.tif,C:\Users\YassineSBOUI\Downloads\NON_CV\scientific_publication\2023409748_9757.tif,.tif
non_cv_01930,non_cv,handwritten,raw/non_cv/handwritten/non_cv_01930.tif,C:\Users\YassineSBOUI\Downloads\NON_CV\handwritten\522746868+-6868.tif,.tif
non_cv_01931,non_cv,budget,raw/non_cv/budget/non_cv_01931.tif,C:\Users\YassineSBOUI\Downloads\NON_CV\budget\2020169231.tif,.tif
non_cv_01932,non_cv,budget,raw/non_cv/budget/non_cv_01932.tif,C:\Users\YassineSBOUI\Downloads\NON_CV\budget\tnwl0025081.tif,.tif
non_cv_01933,non_cv,handwritten,raw/non_cv/handwritten/non_cv_01933.tif,C:\Users\YassineSBOUI\Downloads\NON_CV\handwritten\517615357+-5358.tif,.tif
non_cv_01934,non_cv,advertisement,raw/non_cv/advertisement/non_cv_01934.tif,C:\Users\YassineSBOUI\Downloads\NON_CV\advertisement\522881337+-1337.tif,.tif
non_cv_01935,non_cv,letter,raw/non_cv/letter/non_cv_01935.tif,C:\Users\YassineSBOUI\Downloads\NON_CV\letter\505836441.tif,.tif
non_cv_01936,non_cv,form,raw/non_cv/form/non_cv_01936.tif,C:\Users\YassineSBOUI\Downloads\NON_CV\form\2074730386.tif,.tif
non_cv_01937,non_cv,resume,raw/non_cv/resume/non_cv_01937.tif,C:\Users\YassineSBOUI\Downloads\NON_CV\resume\50517616-7617.tif,.tif
non_cv_01938,non_cv,file_folder,raw/non_cv/file_folder/non_cv_01938.tif,C:\Users\YassineSBOUI\Downloads\NON_CV\file_folder\0000281214.tif,.tif
non_cv_01939,non_cv,scientific_report,raw/non_cv/scientific_report/non_cv_01939.tif,C:\Users\YassineSBOUI\Downloads\NON_CV\scientific_report\2056293314_2056293316.tif,.tif
non_cv_01940,non_cv,presentation,raw/non_cv/presentation/non_cv_01940.tif,C:\Users\YassineSBOUI\Downloads\NON_CV\presentation\2025883393_3394.tif,.tif
non_cv_01941,non_cv,handwritten,raw/non_cv/handwritten/non_cv_01941.tif,C:\Users\YassineSBOUI\Downloads\NON_CV\handwritten\522731302+-1303.tif,.tif
non_cv_01942,non_cv,specification,raw/non_cv/specification/non_cv_01942.tif,C:\Users\YassineSBOUI\Downloads\NON_CV\specification\2069722047.tif,.tif
non_cv_01943,non_cv,specification,raw/non_cv/specification/non_cv_01943.tif,C:\Users\YassineSBOUI\Downloads\NON_CV\specification\512998771_512998772.tif,.tif
non_cv_01944,non_cv,advertisement,raw/non_cv/advertisement/non_cv_01944.tif,C:\Users\YassineSBOUI\Downloads\NON_CV\advertisement\2049408993.tif,.tif
non_cv_01945,non_cv,news_article,raw/non_cv/news_article/non_cv_01945.tif,C:\Users\YassineSBOUI\Downloads\NON_CV\news_article\2028428355.tif,.tif
non_cv_01946,non_cv,email,raw/non_cv/email/non_cv_01946.tif,C:\Users\YassineSBOUI\Downloads\NON_CV\email\531456210+-6216.tif,.tif
non_cv_01947,non_cv,email,raw/non_cv/email/non_cv_01947.tif,C:\Users\YassineSBOUI\Downloads\NON_CV\email\2077981575.tif,.tif
non_cv_01948,non_cv,invoice,raw/non_cv/invoice/non_cv_01948.tif,C:\Users\YassineSBOUI\Downloads\NON_CV\invoice\2071496918.tif,.tif
non_cv_01949,non_cv,news_article,raw/non_cv/news_article/non_cv_01949.tif,C:\Users\YassineSBOUI\Downloads\NON_CV\news_article\2080390469r.tif,.tif
non_cv_01950,non_cv,letter,raw/non_cv/letter/non_cv_01950.tif,C:\Users\YassineSBOUI\Downloads\NON_CV\letter\503404371a-4371a.tif,.tif
non_cv_01951,non_cv,email,raw/non_cv/email/non_cv_01951.tif,C:\Users\YassineSBOUI\Downloads\NON_CV\email\2084029933.tif,.tif
non_cv_01952,non_cv,resume,raw/non_cv/resume/non_cv_01952.tif,C:\Users\YassineSBOUI\Downloads\NON_CV\resume\50548677-8678.tif,.tif
non_cv_01953,non_cv,email,raw/non_cv/email/non_cv_01953.tif,C:\Users\YassineSBOUI\Downloads\NON_CV\email\530771802+-1852.tif,.tif
non_cv_01954,non_cv,specification,raw/non_cv/specification/non_cv_01954.tif,C:\Users\YassineSBOUI\Downloads\NON_CV\specification\0000374878.tif,.tif
non_cv_01955,non_cv,budget,raw/non_cv/budget/non_cv_01955.tif,C:\Users\YassineSBOUI\Downloads\NON_CV\budget\tnwl0024817.tif,.tif
non_cv_01956,non_cv,scientific_publication,raw/non_cv/scientific_publication/non_cv_01956.tif,C:\Users\YassineSBOUI\Downloads\NON_CV\scientific_publication\2029051553_2029051561.tif,.tif
non_cv_01957,non_cv,news_article,raw/non_cv/news_article/non_cv_01957.tif,C:\Users\YassineSBOUI\Downloads\NON_CV\news_article\2044168665.tif,.tif
non_cv_01958,non_cv,presentation,raw/non_cv/presentation/non_cv_01958.tif,C:\Users\YassineSBOUI\Downloads\NON_CV\presentation\2074169521_9535.tif,.tif
non_cv_01959,non_cv,presentation,raw/non_cv/presentation/non_cv_01959.tif,C:\Users\YassineSBOUI\Downloads\NON_CV\presentation\0060268096.tif,.tif
non_cv_01960,non_cv,scientific_publication,raw/non_cv/scientific_publication/non_cv_01960.tif,C:\Users\YassineSBOUI\Downloads\NON_CV\scientific_publication\10109898_10109904.tif,.tif
non_cv_01961,non_cv,form,raw/non_cv/form/non_cv_01961.tif,C:\Users\YassineSBOUI\Downloads\NON_CV\form\2026505878.tif,.tif
non_cv_01962,non_cv,memo,raw/non_cv/memo/non_cv_01962.tif,C:\Users\YassineSBOUI\Downloads\NON_CV\memo\0011973515.tif,.tif
non_cv_01963,non_cv,presentation,raw/non_cv/presentation/non_cv_01963.tif,C:\Users\YassineSBOUI\Downloads\NON_CV\presentation\2064968337.tif,.tif
non_cv_01964,non_cv,news_article,raw/non_cv/news_article/non_cv_01964.tif,C:\Users\YassineSBOUI\Downloads\NON_CV\news_article\0000534468.tif,.tif
non_cv_01965,non_cv,scientific_report,raw/non_cv/scientific_report/non_cv_01965.tif,C:\Users\YassineSBOUI\Downloads\NON_CV\scientific_report\2078608622_8633.tif,.tif
non_cv_01966,non_cv,email,raw/non_cv/email/non_cv_01966.tif,C:\Users\YassineSBOUI\Downloads\NON_CV\email\528014631+-4631.tif,.tif
non_cv_01967,non_cv,specification,raw/non_cv/specification/non_cv_01967.tif,C:\Users\YassineSBOUI\Downloads\NON_CV\specification\2051519898_2051519901.tif,.tif
non_cv_01968,non_cv,memo,raw/non_cv/memo/non_cv_01968.tif,C:\Users\YassineSBOUI\Downloads\NON_CV\memo\0001161764.tif,.tif
non_cv_01969,non_cv,questionnaire,raw/non_cv/questionnaire/non_cv_01969.tif,C:\Users\YassineSBOUI\Downloads\NON_CV\questionnaire\507276523.tif,.tif
non_cv_01970,non_cv,resume,raw/non_cv/resume/non_cv_01970.tif,C:\Users\YassineSBOUI\Downloads\NON_CV\resume\50529577-9578.tif,.tif
non_cv_01971,non_cv,resume,raw/non_cv/resume/non_cv_01971.tif,C:\Users\YassineSBOUI\Downloads\NON_CV\resume\2023672441_2023672458.tif,.tif
non_cv_01972,non_cv,letter,raw/non_cv/letter/non_cv_01972.tif,C:\Users\YassineSBOUI\Downloads\NON_CV\letter\513382578+-2582.tif,.tif
non_cv_01973,non_cv,form,raw/non_cv/form/non_cv_01973.tif,C:\Users\YassineSBOUI\Downloads\NON_CV\form\2074975167.tif,.tif
non_cv_01974,non_cv,file_folder,raw/non_cv/file_folder/non_cv_01974.tif,C:\Users\YassineSBOUI\Downloads\NON_CV\file_folder\2044085028.tif,.tif
non_cv_01975,non_cv,scientific_publication,raw/non_cv/scientific_publication/non_cv_01975.tif,C:\Users\YassineSBOUI\Downloads\NON_CV\scientific_publication\1003929265_9268.tif,.tif
non_cv_01976,non_cv,file_folder,raw/non_cv/file_folder/non_cv_01976.tif,C:\Users\YassineSBOUI\Downloads\NON_CV\file_folder\50485201-5201.tif,.tif
non_cv_01977,non_cv,budget,raw/non_cv/budget/non_cv_01977.tif,C:\Users\YassineSBOUI\Downloads\NON_CV\budget\tob08810.29.tif,.tif
non_cv_01978,non_cv,presentation,raw/non_cv/presentation/non_cv_01978.tif,C:\Users\YassineSBOUI\Downloads\NON_CV\presentation\2063549271_9272.tif,.tif
non_cv_01979,non_cv,specification,raw/non_cv/specification/non_cv_01979.tif,C:\Users\YassineSBOUI\Downloads\NON_CV\specification\2069726818.tif,.tif
non_cv_01980,non_cv,questionnaire,raw/non_cv/questionnaire/non_cv_01980.tif,C:\Users\YassineSBOUI\Downloads\NON_CV\questionnaire\2078626522_6524.tif,.tif
non_cv_01981,non_cv,file_folder,raw/non_cv/file_folder/non_cv_01981.tif,C:\Users\YassineSBOUI\Downloads\NON_CV\file_folder\2067125958.tif,.tif
non_cv_01982,non_cv,handwritten,raw/non_cv/handwritten/non_cv_01982.tif,C:\Users\YassineSBOUI\Downloads\NON_CV\handwritten\515477573.tif,.tif
non_cv_01983,non_cv,handwritten,raw/non_cv/handwritten/non_cv_01983.tif,C:\Users\YassineSBOUI\Downloads\NON_CV\handwritten\518300680+-0681.tif,.tif
non_cv_01984,non_cv,specification,raw/non_cv/specification/non_cv_01984.tif,C:\Users\YassineSBOUI\Downloads\NON_CV\specification\2031301346.tif,.tif
non_cv_01985,non_cv,letter,raw/non_cv/letter/non_cv_01985.tif,C:\Users\YassineSBOUI\Downloads\NON_CV\letter\0013122236.tif,.tif
non_cv_01986,non_cv,invoice,raw/non_cv/invoice/non_cv_01986.tif,C:\Users\YassineSBOUI\Downloads\NON_CV\invoice\2063579077.tif,.tif
non_cv_01987,non_cv,invoice,raw/non_cv/invoice/non_cv_01987.tif,C:\Users\YassineSBOUI\Downloads\NON_CV\invoice\513269526_513269528.tif,.tif
non_cv_01988,non_cv,memo,raw/non_cv/memo/non_cv_01988.tif,C:\Users\YassineSBOUI\Downloads\NON_CV\memo\0001141361.tif,.tif
non_cv_01989,non_cv,form,raw/non_cv/form/non_cv_01989.tif,C:\Users\YassineSBOUI\Downloads\NON_CV\form\94523142.tif,.tif
non_cv_01990,non_cv,news_article,raw/non_cv/news_article/non_cv_01990.tif,C:\Users\YassineSBOUI\Downloads\NON_CV\news_article\2024960844_2024960845.tif,.tif
non_cv_01991,non_cv,form,raw/non_cv/form/non_cv_01991.tif,C:\Users\YassineSBOUI\Downloads\NON_CV\form\2501217539.tif,.tif
non_cv_01992,non_cv,email,raw/non_cv/email/non_cv_01992.tif,C:\Users\YassineSBOUI\Downloads\NON_CV\email\527844419+-4420.tif,.tif
non_cv_01993,non_cv,presentation,raw/non_cv/presentation/non_cv_01993.tif,C:\Users\YassineSBOUI\Downloads\NON_CV\presentation\2079169358.tif,.tif
non_cv_01994,non_cv,scientific_publication,raw/non_cv/scientific_publication/non_cv_01994.tif,C:\Users\YassineSBOUI\Downloads\NON_CV\scientific_publication\50617908-7908.tif,.tif
non_cv_01995,non_cv,invoice,raw/non_cv/invoice/non_cv_01995.tif,C:\Users\YassineSBOUI\Downloads\NON_CV\invoice\96422390.tif,.tif
non_cv_01996,non_cv,resume,raw/non_cv/resume/non_cv_01996.tif,C:\Users\YassineSBOUI\Downloads\NON_CV\resume\50429134-9135.tif,.tif
non_cv_01997,non_cv,scientific_report,raw/non_cv/scientific_report/non_cv_01997.tif,C:\Users\YassineSBOUI\Downloads\NON_CV\scientific_report\88004403_88004406.tif,.tif
non_cv_01998,non_cv,budget,raw/non_cv/budget/non_cv_01998.tif,C:\Users\YassineSBOUI\Downloads\NON_CV\budget\0000119326.tif,.tif
non_cv_01999,non_cv,specification,raw/non_cv/specification/non_cv_01999.tif,C:\Users\YassineSBOUI\Downloads\NON_CV\specification\504928518_504928521.tif,.tif
non_cv_02000,non_cv,news_article,raw/non_cv/news_article/non_cv_02000.tif,C:\Users\YassineSBOUI\Downloads\NON_CV\news_article\tob10824.50_tob10824.52.tif,.tif
non_cv_02001,non_cv,resume,raw/non_cv/resume/non_cv_02001.tif,C:\Users\YassineSBOUI\Downloads\NON_CV\resume\50605848-5849.tif,.tif
non_cv_02002,non_cv,scientific_report,raw/non_cv/scientific_report/non_cv_02002.tif,C:\Users\YassineSBOUI\Downloads\NON_CV\scientific_report\2056281421.tif,.tif
non_cv_02003,non_cv,resume,raw/non_cv/resume/non_cv_02003.tif,C:\Users\YassineSBOUI\Downloads\NON_CV\resume\50345443-5443.tif,.tif
non_cv_02004,non_cv,scientific_report,raw/non_cv/scientific_report/non_cv_02004.tif,C:\Users\YassineSBOUI\Downloads\NON_CV\scientific_report\2075371795_1797.tif,.tif
non_cv_02005,non_cv,resume,raw/non_cv/resume/non_cv_02005.tif,C:\Users\YassineSBOUI\Downloads\NON_CV\resume\50550421-0422.tif,.tif
non_cv_02006,non_cv,form,raw/non_cv/form/non_cv_02006.tif,C:\Users\YassineSBOUI\Downloads\NON_CV\form\519147596+-7598.tif,.tif
non_cv_02007,non_cv,scientific_report,raw/non_cv/scientific_report/non_cv_02007.tif,C:\Users\YassineSBOUI\Downloads\NON_CV\scientific_report\0000981203.tif,.tif
non_cv_02008,non_cv,questionnaire,raw/non_cv/questionnaire/non_cv_02008.tif,C:\Users\YassineSBOUI\Downloads\NON_CV\questionnaire\2015004703_2015004705.tif,.tif
non_cv_02009,non_cv,handwritten,raw/non_cv/handwritten/non_cv_02009.tif,C:\Users\YassineSBOUI\Downloads\NON_CV\handwritten\505018390.tif,.tif
non_cv_02010,non_cv,news_article,raw/non_cv/news_article/non_cv_02010.tif,C:\Users\YassineSBOUI\Downloads\NON_CV\news_article\tob11435.13.tif,.tif
non_cv_02011,non_cv,advertisement,raw/non_cv/advertisement/non_cv_02011.tif,C:\Users\YassineSBOUI\Downloads\NON_CV\advertisement\2083256250_6251.tif,.tif
non_cv_02012,non_cv,email,raw/non_cv/email/non_cv_02012.tif,C:\Users\YassineSBOUI\Downloads\NON_CV\email\2073908455a.tif,.tif
non_cv_02013,non_cv,questionnaire,raw/non_cv/questionnaire/non_cv_02013.tif,C:\Users\YassineSBOUI\Downloads\NON_CV\questionnaire\01838069_01838070.tif,.tif
non_cv_02014,non_cv,advertisement,raw/non_cv/advertisement/non_cv_02014.tif,C:\Users\YassineSBOUI\Downloads\NON_CV\advertisement\2084511508_1509.tif,.tif
non_cv_02015,non_cv,budget,raw/non_cv/budget/non_cv_02015.tif,C:\Users\YassineSBOUI\Downloads\NON_CV\budget\tcal0288995.tif,.tif
non_cv_02016,non_cv,invoice,raw/non_cv/invoice/non_cv_02016.tif,C:\Users\YassineSBOUI\Downloads\NON_CV\invoice\0011930170.tif,.tif
non_cv_02017,non_cv,handwritten,raw/non_cv/handwritten/non_cv_02017.tif,C:\Users\YassineSBOUI\Downloads\NON_CV\handwritten\505882788.tif,.tif
non_cv_02018,non_cv,email,raw/non_cv/email/non_cv_02018.tif,C:\Users\YassineSBOUI\Downloads\NON_CV\email\81880368_0369.tif,.tif
non_cv_02019,non_cv,scientific_publication,raw/non_cv/scientific_publication/non_cv_02019.tif,C:\Users\YassineSBOUI\Downloads\NON_CV\scientific_publication\2023091752_2023091762.tif,.tif
non_cv_02020,non_cv,invoice,raw/non_cv/invoice/non_cv_02020.tif,C:\Users\YassineSBOUI\Downloads\NON_CV\invoice\2028721707.tif,.tif
non_cv_02021,non_cv,specification,raw/non_cv/specification/non_cv_02021.tif,C:\Users\YassineSBOUI\Downloads\NON_CV\specification\2057442286_2057442288.tif,.tif
non_cv_02022,non_cv,form,raw/non_cv/form/non_cv_02022.tif,C:\Users\YassineSBOUI\Downloads\NON_CV\form\2030032768.tif,.tif
non_cv_02023,non_cv,file_folder,raw/non_cv/file_folder/non_cv_02023.tif,C:\Users\YassineSBOUI\Downloads\NON_CV\file_folder\0060181624.tif,.tif
non_cv_02024,non_cv,form,raw/non_cv/form/non_cv_02024.tif,C:\Users\YassineSBOUI\Downloads\NON_CV\form\2031016498_2031016499.tif,.tif
non_cv_02025,non_cv,form,raw/non_cv/form/non_cv_02025.tif,C:\Users\YassineSBOUI\Downloads\NON_CV\form\87497620_87497621.tif,.tif
non_cv_02026,non_cv,email,raw/non_cv/email/non_cv_02026.tif,C:\Users\YassineSBOUI\Downloads\NON_CV\email\2078733413a.tif,.tif
non_cv_02027,non_cv,budget,raw/non_cv/budget/non_cv_02027.tif,C:\Users\YassineSBOUI\Downloads\NON_CV\budget\corti0000025.tif,.tif
non_cv_02028,non_cv,file_folder,raw/non_cv/file_folder/non_cv_02028.tif,C:\Users\YassineSBOUI\Downloads\NON_CV\file_folder\2016001761.tif,.tif
non_cv_02029,non_cv,memo,raw/non_cv/memo/non_cv_02029.tif,C:\Users\YassineSBOUI\Downloads\NON_CV\memo\0060315777.tif,.tif
non_cv_02030,non_cv,file_folder,raw/non_cv/file_folder/non_cv_02030.tif,C:\Users\YassineSBOUI\Downloads\NON_CV\file_folder\2040657785.tif,.tif
non_cv_02031,non_cv,budget,raw/non_cv/budget/non_cv_02031.tif,C:\Users\YassineSBOUI\Downloads\NON_CV\budget\tob13710.09_tob13710.12.tif,.tif
non_cv_02032,non_cv,memo,raw/non_cv/memo/non_cv_02032.tif,C:\Users\YassineSBOUI\Downloads\NON_CV\memo\0060112194.tif,.tif
non_cv_02033,non_cv,file_folder,raw/non_cv/file_folder/non_cv_02033.tif,C:\Users\YassineSBOUI\Downloads\NON_CV\file_folder\2042514423.tif,.tif
non_cv_02034,non_cv,scientific_publication,raw/non_cv/scientific_publication/non_cv_02034.tif,C:\Users\YassineSBOUI\Downloads\NON_CV\scientific_publication\2073736740_6741.tif,.tif
non_cv_02035,non_cv,email,raw/non_cv/email/non_cv_02035.tif,C:\Users\YassineSBOUI\Downloads\NON_CV\email\2505159020a.tif,.tif
non_cv_02036,non_cv,scientific_publication,raw/non_cv/scientific_publication/non_cv_02036.tif,C:\Users\YassineSBOUI\Downloads\NON_CV\scientific_publication\2505494962_4967.tif,.tif
non_cv_02037,non_cv,memo,raw/non_cv/memo/non_cv_02037.tif,C:\Users\YassineSBOUI\Downloads\NON_CV\memo\2054529258.tif,.tif
non_cv_02038,non_cv,letter,raw/non_cv/letter/non_cv_02038.tif,C:\Users\YassineSBOUI\Downloads\NON_CV\letter\502015894.tif,.tif
non_cv_02039,non_cv,budget,raw/non_cv/budget/non_cv_02039.tif,C:\Users\YassineSBOUI\Downloads\NON_CV\budget\tcal0125030_5032.tif,.tif
non_cv_02040,non_cv,specification,raw/non_cv/specification/non_cv_02040.tif,C:\Users\YassineSBOUI\Downloads\NON_CV\specification\2057436495_2057436498.tif,.tif
non_cv_02041,non_cv,email,raw/non_cv/email/non_cv_02041.tif,C:\Users\YassineSBOUI\Downloads\NON_CV\email\529318179+-8180.tif,.tif
non_cv_02042,non_cv,budget,raw/non_cv/budget/non_cv_02042.tif,C:\Users\YassineSBOUI\Downloads\NON_CV\budget\0013040250.tif,.tif
non_cv_02043,non_cv,news_article,raw/non_cv/news_article/non_cv_02043.tif,C:\Users\YassineSBOUI\Downloads\NON_CV\news_article\2501067261.tif,.tif
non_cv_02044,non_cv,questionnaire,raw/non_cv/questionnaire/non_cv_02044.tif,C:\Users\YassineSBOUI\Downloads\NON_CV\questionnaire\2040802392.tif,.tif
non_cv_02045,non_cv,presentation,raw/non_cv/presentation/non_cv_02045.tif,C:\Users\YassineSBOUI\Downloads\NON_CV\presentation\2063352072_2073.tif,.tif
non_cv_02046,non_cv,scientific_report,raw/non_cv/scientific_report/non_cv_02046.tif,C:\Users\YassineSBOUI\Downloads\NON_CV\scientific_report\2501525621_2501525649.tif,.tif
non_cv_02047,non_cv,file_folder,raw/non_cv/file_folder/non_cv_02047.tif,C:\Users\YassineSBOUI\Downloads\NON_CV\file_folder\2024407599.tif,.tif
non_cv_02048,non_cv,scientific_report,raw/non_cv/scientific_report/non_cv_02048.tif,C:\Users\YassineSBOUI\Downloads\NON_CV\scientific_report\2028450299_2028450324.tif,.tif
non_cv_02049,non_cv,scientific_report,raw/non_cv/scientific_report/non_cv_02049.tif,C:\Users\YassineSBOUI\Downloads\NON_CV\scientific_report\2501773957.tif,.tif
non_cv_02050,non_cv,scientific_publication,raw/non_cv/scientific_publication/non_cv_02050.tif,C:\Users\YassineSBOUI\Downloads\NON_CV\scientific_publication\50582480-2480.tif,.tif
non_cv_02051,non_cv,file_folder,raw/non_cv/file_folder/non_cv_02051.tif,C:\Users\YassineSBOUI\Downloads\NON_CV\file_folder\50453391-3391.tif,.tif
non_cv_02052,non_cv,handwritten,raw/non_cv/handwritten/non_cv_02052.tif,C:\Users\YassineSBOUI\Downloads\NON_CV\handwritten\518291441+-1442.tif,.tif
non_cv_02053,non_cv,news_article,raw/non_cv/news_article/non_cv_02053.tif,C:\Users\YassineSBOUI\Downloads\NON_CV\news_article\2082843660.tif,.tif
non_cv_02054,non_cv,form,raw/non_cv/form/non_cv_02054.tif,C:\Users\YassineSBOUI\Downloads\NON_CV\form\99488416.tif,.tif
non_cv_02055,non_cv,advertisement,raw/non_cv/advertisement/non_cv_02055.tif,C:\Users\YassineSBOUI\Downloads\NON_CV\advertisement\0030049598.tif,.tif
non_cv_02056,non_cv,file_folder,raw/non_cv/file_folder/non_cv_02056.tif,C:\Users\YassineSBOUI\Downloads\NON_CV\file_folder\2075632630.tif,.tif
non_cv_02057,non_cv,form,raw/non_cv/form/non_cv_02057.tif,C:\Users\YassineSBOUI\Downloads\NON_CV\form\2044375204.tif,.tif
non_cv_02058,non_cv,advertisement,raw/non_cv/advertisement/non_cv_02058.tif,C:\Users\YassineSBOUI\Downloads\NON_CV\advertisement\502930530+-0531.tif,.tif
non_cv_02059,non_cv,file_folder,raw/non_cv/file_folder/non_cv_02059.tif,C:\Users\YassineSBOUI\Downloads\NON_CV\file_folder\2028705426.tif,.tif
non_cv_02060,non_cv,advertisement,raw/non_cv/advertisement/non_cv_02060.tif,C:\Users\YassineSBOUI\Downloads\NON_CV\advertisement\99342033_2034.tif,.tif
non_cv_02061,non_cv,scientific_report,raw/non_cv/scientific_report/non_cv_02061.tif,C:\Users\YassineSBOUI\Downloads\NON_CV\scientific_report\2080093025_3036.tif,.tif
non_cv_02062,non_cv,handwritten,raw/non_cv/handwritten/non_cv_02062.tif,C:\Users\YassineSBOUI\Downloads\NON_CV\handwritten\506456531+-6532.tif,.tif
non_cv_02063,non_cv,advertisement,raw/non_cv/advertisement/non_cv_02063.tif,C:\Users\YassineSBOUI\Downloads\NON_CV\advertisement\509135203+-5204.tif,.tif
non_cv_02064,non_cv,specification,raw/non_cv/specification/non_cv_02064.tif,C:\Users\YassineSBOUI\Downloads\NON_CV\specification\2069731756.tif,.tif
non_cv_02065,non_cv,scientific_report,raw/non_cv/scientific_report/non_cv_02065.tif,C:\Users\YassineSBOUI\Downloads\NON_CV\scientific_report\88955796_5799.tif,.tif
non_cv_02066,non_cv,invoice,raw/non_cv/invoice/non_cv_02066.tif,C:\Users\YassineSBOUI\Downloads\NON_CV\invoice\2028715319.tif,.tif
non_cv_02067,non_cv,news_article,raw/non_cv/news_article/non_cv_02067.tif,C:\Users\YassineSBOUI\Downloads\NON_CV\news_article\2021574179.tif,.tif
non_cv_02068,non_cv,resume,raw/non_cv/resume/non_cv_02068.tif,C:\Users\YassineSBOUI\Downloads\NON_CV\resume\50436355-6355.tif,.tif
non_cv_02069,non_cv,memo,raw/non_cv/memo/non_cv_02069.tif,C:\Users\YassineSBOUI\Downloads\NON_CV\memo\2081388871.tif,.tif
non_cv_02070,non_cv,email,raw/non_cv/email/non_cv_02070.tif,C:\Users\YassineSBOUI\Downloads\NON_CV\email\2085110160e_0161.tif,.tif
non_cv_02071,non_cv,scientific_report,raw/non_cv/scientific_report/non_cv_02071.tif,C:\Users\YassineSBOUI\Downloads\NON_CV\scientific_report\87419267_87419293.tif,.tif
non_cv_02072,non_cv,memo,raw/non_cv/memo/non_cv_02072.tif,C:\Users\YassineSBOUI\Downloads\NON_CV\memo\2073953544.tif,.tif
non_cv_02073,non_cv,email,raw/non_cv/email/non_cv_02073.tif,C:\Users\YassineSBOUI\Downloads\NON_CV\email\2080787169.tif,.tif
non_cv_02074,non_cv,scientific_report,raw/non_cv/scientific_report/non_cv_02074.tif,C:\Users\YassineSBOUI\Downloads\NON_CV\scientific_report\2505375384_5386.tif,.tif
non_cv_02075,non_cv,scientific_publication,raw/non_cv/scientific_publication/non_cv_02075.tif,C:\Users\YassineSBOUI\Downloads\NON_CV\scientific_publication\10186050_10186056.tif,.tif
non_cv_02076,non_cv,scientific_publication,raw/non_cv/scientific_publication/non_cv_02076.tif,C:\Users\YassineSBOUI\Downloads\NON_CV\scientific_publication\50640407-0407.tif,.tif
non_cv_02077,non_cv,scientific_report,raw/non_cv/scientific_report/non_cv_02077.tif,C:\Users\YassineSBOUI\Downloads\NON_CV\scientific_report\2075005392_5393.tif,.tif
non_cv_02078,non_cv,budget,raw/non_cv/budget/non_cv_02078.tif,C:\Users\YassineSBOUI\Downloads\NON_CV\budget\87646758.tif,.tif
non_cv_02079,non_cv,presentation,raw/non_cv/presentation/non_cv_02079.tif,C:\Users\YassineSBOUI\Downloads\NON_CV\presentation\0001253651.tif,.tif
non_cv_02080,non_cv,memo,raw/non_cv/memo/non_cv_02080.tif,C:\Users\YassineSBOUI\Downloads\NON_CV\memo\87243860_87243863.tif,.tif
non_cv_02081,non_cv,form,raw/non_cv/form/non_cv_02081.tif,C:\Users\YassineSBOUI\Downloads\NON_CV\form\2030375009.tif,.tif
non_cv_02082,non_cv,scientific_report,raw/non_cv/scientific_report/non_cv_02082.tif,C:\Users\YassineSBOUI\Downloads\NON_CV\scientific_report\2501907245.tif,.tif
non_cv_02083,non_cv,invoice,raw/non_cv/invoice/non_cv_02083.tif,C:\Users\YassineSBOUI\Downloads\NON_CV\invoice\1000261720.tif,.tif
non_cv_02084,non_cv,scientific_report,raw/non_cv/scientific_report/non_cv_02084.tif,C:\Users\YassineSBOUI\Downloads\NON_CV\scientific_report\2028628728_2028628764.tif,.tif
non_cv_02085,non_cv,file_folder,raw/non_cv/file_folder/non_cv_02085.tif,C:\Users\YassineSBOUI\Downloads\NON_CV\file_folder\2023321706.tif,.tif
non_cv_02086,non_cv,questionnaire,raw/non_cv/questionnaire/non_cv_02086.tif,C:\Users\YassineSBOUI\Downloads\NON_CV\questionnaire\01747048.tif,.tif
non_cv_02087,non_cv,handwritten,raw/non_cv/handwritten/non_cv_02087.tif,C:\Users\YassineSBOUI\Downloads\NON_CV\handwritten\522714059+-4060.tif,.tif
non_cv_02088,non_cv,presentation,raw/non_cv/presentation/non_cv_02088.tif,C:\Users\YassineSBOUI\Downloads\NON_CV\presentation\2085768406_8422.tif,.tif
non_cv_02089,non_cv,news_article,raw/non_cv/news_article/non_cv_02089.tif,C:\Users\YassineSBOUI\Downloads\NON_CV\news_article\tob08513.55.tif,.tif
non_cv_02090,non_cv,resume,raw/non_cv/resume/non_cv_02090.tif,C:\Users\YassineSBOUI\Downloads\NON_CV\resume\50535944-5945.tif,.tif
non_cv_02091,non_cv,letter,raw/non_cv/letter/non_cv_02091.tif,C:\Users\YassineSBOUI\Downloads\NON_CV\letter\503007555.tif,.tif
non_cv_02092,non_cv,specification,raw/non_cv/specification/non_cv_02092.tif,C:\Users\YassineSBOUI\Downloads\NON_CV\specification\0000402865.tif,.tif
non_cv_02093,non_cv,questionnaire,raw/non_cv/questionnaire/non_cv_02093.tif,C:\Users\YassineSBOUI\Downloads\NON_CV\questionnaire\0000259824.tif,.tif
non_cv_02094,non_cv,presentation,raw/non_cv/presentation/non_cv_02094.tif,C:\Users\YassineSBOUI\Downloads\NON_CV\presentation\0060028964.tif,.tif
non_cv_02095,non_cv,email,raw/non_cv/email/non_cv_02095.tif,C:\Users\YassineSBOUI\Downloads\NON_CV\email\2077343289a.tif,.tif
non_cv_02096,non_cv,email,raw/non_cv/email/non_cv_02096.tif,C:\Users\YassineSBOUI\Downloads\NON_CV\email\2085761260c.tif,.tif
non_cv_02097,non_cv,file_folder,raw/non_cv/file_folder/non_cv_02097.tif,C:\Users\YassineSBOUI\Downloads\NON_CV\file_folder\2063712451.tif,.tif
non_cv_02098,non_cv,scientific_publication,raw/non_cv/scientific_publication/non_cv_02098.tif,C:\Users\YassineSBOUI\Downloads\NON_CV\scientific_publication\2028372801_2802.tif,.tif
non_cv_02099,non_cv,questionnaire,raw/non_cv/questionnaire/non_cv_02099.tif,C:\Users\YassineSBOUI\Downloads\NON_CV\questionnaire\60025683_60025686.tif,.tif
non_cv_02100,non_cv,news_article,raw/non_cv/news_article/non_cv_02100.tif,C:\Users\YassineSBOUI\Downloads\NON_CV\news_article\2023065565.tif,.tif
non_cv_02101,non_cv,invoice,raw/non_cv/invoice/non_cv_02101.tif,C:\Users\YassineSBOUI\Downloads\NON_CV\invoice\95824823.tif,.tif
non_cv_02102,non_cv,handwritten,raw/non_cv/handwritten/non_cv_02102.tif,C:\Users\YassineSBOUI\Downloads\NON_CV\handwritten\522769210+-9211.tif,.tif
non_cv_02103,non_cv,news_article,raw/non_cv/news_article/non_cv_02103.tif,C:\Users\YassineSBOUI\Downloads\NON_CV\news_article\0000330961.tif,.tif
non_cv_02104,non_cv,file_folder,raw/non_cv/file_folder/non_cv_02104.tif,C:\Users\YassineSBOUI\Downloads\NON_CV\file_folder\2073085964.tif,.tif
non_cv_02105,non_cv,advertisement,raw/non_cv/advertisement/non_cv_02105.tif,C:\Users\YassineSBOUI\Downloads\NON_CV\advertisement\503782554+-2554.tif,.tif
non_cv_02106,non_cv,budget,raw/non_cv/budget/non_cv_02106.tif,C:\Users\YassineSBOUI\Downloads\NON_CV\budget\2043190089_2043190091.tif,.tif
non_cv_02107,non_cv,email,raw/non_cv/email/non_cv_02107.tif,C:\Users\YassineSBOUI\Downloads\NON_CV\email\2085795712e_5713.tif,.tif
non_cv_02108,non_cv,letter,raw/non_cv/letter/non_cv_02108.tif,C:\Users\YassineSBOUI\Downloads\NON_CV\letter\70012825-2825.tif,.tif
non_cv_02109,non_cv,resume,raw/non_cv/resume/non_cv_02109.tif,C:\Users\YassineSBOUI\Downloads\NON_CV\resume\50522867-2868.tif,.tif
non_cv_02110,non_cv,resume,raw/non_cv/resume/non_cv_02110.tif,C:\Users\YassineSBOUI\Downloads\NON_CV\resume\10376591_10376611.tif,.tif
non_cv_02111,non_cv,invoice,raw/non_cv/invoice/non_cv_02111.tif,C:\Users\YassineSBOUI\Downloads\NON_CV\invoice\85702090.tif,.tif
non_cv_02112,non_cv,advertisement,raw/non_cv/advertisement/non_cv_02112.tif,C:\Users\YassineSBOUI\Downloads\NON_CV\advertisement\502100616+-0616.tif,.tif
non_cv_02113,non_cv,form,raw/non_cv/form/non_cv_02113.tif,C:\Users\YassineSBOUI\Downloads\NON_CV\form\2040695185.tif,.tif
non_cv_02114,non_cv,budget,raw/non_cv/budget/non_cv_02114.tif,C:\Users\YassineSBOUI\Downloads\NON_CV\budget\tnwl0024710.tif,.tif
non_cv_02115,non_cv,presentation,raw/non_cv/presentation/non_cv_02115.tif,C:\Users\YassineSBOUI\Downloads\NON_CV\presentation\92755942_92755947.tif,.tif
non_cv_02116,non_cv,scientific_report,raw/non_cv/scientific_report/non_cv_02116.tif,C:\Users\YassineSBOUI\Downloads\NON_CV\scientific_report\2062039758.tif,.tif
non_cv_02117,non_cv,handwritten,raw/non_cv/handwritten/non_cv_02117.tif,C:\Users\YassineSBOUI\Downloads\NON_CV\handwritten\522853254+-3255.tif,.tif
non_cv_02118,non_cv,handwritten,raw/non_cv/handwritten/non_cv_02118.tif,C:\Users\YassineSBOUI\Downloads\NON_CV\handwritten\505315648+-5650.tif,.tif
non_cv_02119,non_cv,form,raw/non_cv/form/non_cv_02119.tif,C:\Users\YassineSBOUI\Downloads\NON_CV\form\2505150224_0225.tif,.tif
non_cv_02120,non_cv,memo,raw/non_cv/memo/non_cv_02120.tif,C:\Users\YassineSBOUI\Downloads\NON_CV\memo\0011914041.tif,.tif
non_cv_02121,non_cv,questionnaire,raw/non_cv/questionnaire/non_cv_02121.tif,C:\Users\YassineSBOUI\Downloads\NON_CV\questionnaire\512682910+-2984.tif,.tif
non_cv_02122,non_cv,advertisement,raw/non_cv/advertisement/non_cv_02122.tif,C:\Users\YassineSBOUI\Downloads\NON_CV\advertisement\502597903.tif,.tif
non_cv_02123,non_cv,memo,raw/non_cv/memo/non_cv_02123.tif,C:\Users\YassineSBOUI\Downloads\NON_CV\memo\0000053543.tif,.tif
non_cv_02124,non_cv,scientific_report,raw/non_cv/scientific_report/non_cv_02124.tif,C:\Users\YassineSBOUI\Downloads\NON_CV\scientific_report\1000876587.tif,.tif
non_cv_02125,non_cv,scientific_publication,raw/non_cv/scientific_publication/non_cv_02125.tif,C:\Users\YassineSBOUI\Downloads\NON_CV\scientific_publication\2046557158_7161.tif,.tif
non_cv_02126,non_cv,news_article,raw/non_cv/news_article/non_cv_02126.tif,C:\Users\YassineSBOUI\Downloads\NON_CV\news_article\80307305.tif,.tif
non_cv_02127,non_cv,presentation,raw/non_cv/presentation/non_cv_02127.tif,C:\Users\YassineSBOUI\Downloads\NON_CV\presentation\2073859010_9012.tif,.tif
non_cv_02128,non_cv,file_folder,raw/non_cv/file_folder/non_cv_02128.tif,C:\Users\YassineSBOUI\Downloads\NON_CV\file_folder\2083490261.tif,.tif
non_cv_02129,non_cv,resume,raw/non_cv/resume/non_cv_02129.tif,C:\Users\YassineSBOUI\Downloads\NON_CV\resume\50482531-2532.tif,.tif
non_cv_02130,non_cv,memo,raw/non_cv/memo/non_cv_02130.tif,C:\Users\YassineSBOUI\Downloads\NON_CV\memo\0000964539.tif,.tif
non_cv_02131,non_cv,invoice,raw/non_cv/invoice/non_cv_02131.tif,C:\Users\YassineSBOUI\Downloads\NON_CV\invoice\CTRCONTRACTS009897-9.tif,.tif
non_cv_02132,non_cv,budget,raw/non_cv/budget/non_cv_02132.tif,C:\Users\YassineSBOUI\Downloads\NON_CV\budget\ti31399014_9023.tif,.tif
non_cv_02133,non_cv,budget,raw/non_cv/budget/non_cv_02133.tif,C:\Users\YassineSBOUI\Downloads\NON_CV\budget\92096647.tif,.tif
non_cv_02134,non_cv,memo,raw/non_cv/memo/non_cv_02134.tif,C:\Users\YassineSBOUI\Downloads\NON_CV\memo\91825457_5458.tif,.tif
non_cv_02135,non_cv,scientific_publication,raw/non_cv/scientific_publication/non_cv_02135.tif,C:\Users\YassineSBOUI\Downloads\NON_CV\scientific_publication\87468865_8867.tif,.tif
non_cv_02136,non_cv,advertisement,raw/non_cv/advertisement/non_cv_02136.tif,C:\Users\YassineSBOUI\Downloads\NON_CV\advertisement\517500130+-0130.tif,.tif
non_cv_02137,non_cv,scientific_publication,raw/non_cv/scientific_publication/non_cv_02137.tif,C:\Users\YassineSBOUI\Downloads\NON_CV\scientific_publication\1000292084_1000292085.tif,.tif
non_cv_02138,non_cv,email,raw/non_cv/email/non_cv_02138.tif,C:\Users\YassineSBOUI\Downloads\NON_CV\email\530505146+-5146.tif,.tif
non_cv_02139,non_cv,scientific_report,raw/non_cv/scientific_report/non_cv_02139.tif,C:\Users\YassineSBOUI\Downloads\NON_CV\scientific_report\2024438345.tif,.tif
non_cv_02140,non_cv,scientific_report,raw/non_cv/scientific_report/non_cv_02140.tif,C:\Users\YassineSBOUI\Downloads\NON_CV\scientific_report\1000384018_1000384059.tif,.tif
non_cv_02141,non_cv,presentation,raw/non_cv/presentation/non_cv_02141.tif,C:\Users\YassineSBOUI\Downloads\NON_CV\presentation\1005011181_1005011202.tif,.tif
non_cv_02142,non_cv,memo,raw/non_cv/memo/non_cv_02142.tif,C:\Users\YassineSBOUI\Downloads\NON_CV\memo\0060241696.tif,.tif
non_cv_02143,non_cv,news_article,raw/non_cv/news_article/non_cv_02143.tif,C:\Users\YassineSBOUI\Downloads\NON_CV\news_article\2083776549_6550.tif,.tif
non_cv_02144,non_cv,scientific_report,raw/non_cv/scientific_report/non_cv_02144.tif,C:\Users\YassineSBOUI\Downloads\NON_CV\scientific_report\2050917892_7897.tif,.tif
non_cv_02145,non_cv,form,raw/non_cv/form/non_cv_02145.tif,C:\Users\YassineSBOUI\Downloads\NON_CV\form\2067480423.tif,.tif
non_cv_02146,non_cv,form,raw/non_cv/form/non_cv_02146.tif,C:\Users\YassineSBOUI\Downloads\NON_CV\form\0060028431.tif,.tif
non_cv_02147,non_cv,specification,raw/non_cv/specification/non_cv_02147.tif,C:\Users\YassineSBOUI\Downloads\NON_CV\specification\509793603.tif,.tif
non_cv_02148,non_cv,form,raw/non_cv/form/non_cv_02148.tif,C:\Users\YassineSBOUI\Downloads\NON_CV\form\505960711_505960714.tif,.tif
non_cv_02149,non_cv,letter,raw/non_cv/letter/non_cv_02149.tif,C:\Users\YassineSBOUI\Downloads\NON_CV\letter\tcal0315114_5115.tif,.tif
non_cv_02150,non_cv,resume,raw/non_cv/resume/non_cv_02150.tif,C:\Users\YassineSBOUI\Downloads\NON_CV\resume\50421040-1040.tif,.tif
non_cv_02151,non_cv,scientific_report,raw/non_cv/scientific_report/non_cv_02151.tif,C:\Users\YassineSBOUI\Downloads\NON_CV\scientific_report\2501585155.tif,.tif
non_cv_02152,non_cv,presentation,raw/non_cv/presentation/non_cv_02152.tif,C:\Users\YassineSBOUI\Downloads\NON_CV\presentation\2081626748.tif,.tif
non_cv_02153,non_cv,specification,raw/non_cv/specification/non_cv_02153.tif,C:\Users\YassineSBOUI\Downloads\NON_CV\specification\0012189631.tif,.tif
non_cv_02154,non_cv,budget,raw/non_cv/budget/non_cv_02154.tif,C:\Users\YassineSBOUI\Downloads\NON_CV\budget\tcal0408486.tif,.tif
non_cv_02155,non_cv,memo,raw/non_cv/memo/non_cv_02155.tif,C:\Users\YassineSBOUI\Downloads\NON_CV\memo\1332682.tif,.tif
non_cv_02156,non_cv,scientific_report,raw/non_cv/scientific_report/non_cv_02156.tif,C:\Users\YassineSBOUI\Downloads\NON_CV\scientific_report\1000371698_1000371729.tif,.tif
non_cv_02157,non_cv,form,raw/non_cv/form/non_cv_02157.tif,C:\Users\YassineSBOUI\Downloads\NON_CV\form\507038881.tif,.tif
non_cv_02158,non_cv,scientific_report,raw/non_cv/scientific_report/non_cv_02158.tif,C:\Users\YassineSBOUI\Downloads\NON_CV\scientific_report\1000765507_5508.tif,.tif
non_cv_02159,non_cv,invoice,raw/non_cv/invoice/non_cv_02159.tif,C:\Users\YassineSBOUI\Downloads\NON_CV\invoice\2084020020.tif,.tif
non_cv_02160,non_cv,scientific_report,raw/non_cv/scientific_report/non_cv_02160.tif,C:\Users\YassineSBOUI\Downloads\NON_CV\scientific_report\2001114760_2001114761.tif,.tif
non_cv_02161,non_cv,presentation,raw/non_cv/presentation/non_cv_02161.tif,C:\Users\YassineSBOUI\Downloads\NON_CV\presentation\0060058915.tif,.tif
non_cv_02162,non_cv,scientific_publication,raw/non_cv/scientific_publication/non_cv_02162.tif,C:\Users\YassineSBOUI\Downloads\NON_CV\scientific_publication\11062647_11062674.tif,.tif
non_cv_02163,non_cv,resume,raw/non_cv/resume/non_cv_02163.tif,C:\Users\YassineSBOUI\Downloads\NON_CV\resume\50110771-0777.tif,.tif
non_cv_02164,non_cv,handwritten,raw/non_cv/handwritten/non_cv_02164.tif,C:\Users\YassineSBOUI\Downloads\NON_CV\handwritten\517750880+-0883.tif,.tif
non_cv_02165,non_cv,news_article,raw/non_cv/news_article/non_cv_02165.tif,C:\Users\YassineSBOUI\Downloads\NON_CV\news_article\1003057447.tif,.tif
non_cv_02166,non_cv,memo,raw/non_cv/memo/non_cv_02166.tif,C:\Users\YassineSBOUI\Downloads\NON_CV\memo\2023329323_2023329336.tif,.tif
non_cv_02167,non_cv,invoice,raw/non_cv/invoice/non_cv_02167.tif,C:\Users\YassineSBOUI\Downloads\NON_CV\invoice\88131766.tif,.tif
non_cv_02168,non_cv,advertisement,raw/non_cv/advertisement/non_cv_02168.tif,C:\Users\YassineSBOUI\Downloads\NON_CV\advertisement\0000125675.tif,.tif
non_cv_02169,non_cv,questionnaire,raw/non_cv/questionnaire/non_cv_02169.tif,C:\Users\YassineSBOUI\Downloads\NON_CV\questionnaire\505581097.tif,.tif
non_cv_02170,non_cv,letter,raw/non_cv/letter/non_cv_02170.tif,C:\Users\YassineSBOUI\Downloads\NON_CV\letter\70012061-2061.tif,.tif
non_cv_02171,non_cv,form,raw/non_cv/form/non_cv_02171.tif,C:\Users\YassineSBOUI\Downloads\NON_CV\form\511995576_511995578.tif,.tif
non_cv_02172,non_cv,email,raw/non_cv/email/non_cv_02172.tif,C:\Users\YassineSBOUI\Downloads\NON_CV\email\528797664+-7666.tif,.tif
non_cv_02173,non_cv,presentation,raw/non_cv/presentation/non_cv_02173.tif,C:\Users\YassineSBOUI\Downloads\NON_CV\presentation\2074753954.tif,.tif
non_cv_02174,non_cv,invoice,raw/non_cv/invoice/non_cv_02174.tif,C:\Users\YassineSBOUI\Downloads\NON_CV\invoice\2030762204.tif,.tif
non_cv_02175,non_cv,memo,raw/non_cv/memo/non_cv_02175.tif,C:\Users\YassineSBOUI\Downloads\NON_CV\memo\50578991-8991.tif,.tif
non_cv_02176,non_cv,resume,raw/non_cv/resume/non_cv_02176.tif,C:\Users\YassineSBOUI\Downloads\NON_CV\resume\50653976-3977.tif,.tif
non_cv_02177,non_cv,handwritten,raw/non_cv/handwritten/non_cv_02177.tif,C:\Users\YassineSBOUI\Downloads\NON_CV\handwritten\504463837_504463838.tif,.tif
non_cv_02178,non_cv,questionnaire,raw/non_cv/questionnaire/non_cv_02178.tif,C:\Users\YassineSBOUI\Downloads\NON_CV\questionnaire\1000411492_1000411495.tif,.tif
non_cv_02179,non_cv,advertisement,raw/non_cv/advertisement/non_cv_02179.tif,C:\Users\YassineSBOUI\Downloads\NON_CV\advertisement\503961038.tif,.tif
non_cv_02180,non_cv,scientific_report,raw/non_cv/scientific_report/non_cv_02180.tif,C:\Users\YassineSBOUI\Downloads\NON_CV\scientific_report\80231040.tif,.tif
non_cv_02181,non_cv,file_folder,raw/non_cv/file_folder/non_cv_02181.tif,C:\Users\YassineSBOUI\Downloads\NON_CV\file_folder\0060119776.tif,.tif
non_cv_02182,non_cv,scientific_publication,raw/non_cv/scientific_publication/non_cv_02182.tif,C:\Users\YassineSBOUI\Downloads\NON_CV\scientific_publication\50734320-4320.tif,.tif
non_cv_02183,non_cv,presentation,raw/non_cv/presentation/non_cv_02183.tif,C:\Users\YassineSBOUI\Downloads\NON_CV\presentation\2065215084.tif,.tif
non_cv_02184,non_cv,specification,raw/non_cv/specification/non_cv_02184.tif,C:\Users\YassineSBOUI\Downloads\NON_CV\specification\2057407251.tif,.tif
non_cv_02185,non_cv,email,raw/non_cv/email/non_cv_02185.tif,C:\Users\YassineSBOUI\Downloads\NON_CV\email\529247846+-7846.tif,.tif
non_cv_02186,non_cv,news_article,raw/non_cv/news_article/non_cv_02186.tif,C:\Users\YassineSBOUI\Downloads\NON_CV\news_article\ti16290209_0212.tif,.tif
non_cv_02187,non_cv,handwritten,raw/non_cv/handwritten/non_cv_02187.tif,C:\Users\YassineSBOUI\Downloads\NON_CV\handwritten\515948751+-8752.tif,.tif
non_cv_02188,non_cv,presentation,raw/non_cv/presentation/non_cv_02188.tif,C:\Users\YassineSBOUI\Downloads\NON_CV\presentation\2078578981.tif,.tif
non_cv_02189,non_cv,handwritten,raw/non_cv/handwritten/non_cv_02189.tif,C:\Users\YassineSBOUI\Downloads\NON_CV\handwritten\524019547+-9549.tif,.tif
non_cv_02190,non_cv,handwritten,raw/non_cv/handwritten/non_cv_02190.tif,C:\Users\YassineSBOUI\Downloads\NON_CV\handwritten\518304458+-4459.tif,.tif
non_cv_02191,non_cv,letter,raw/non_cv/letter/non_cv_02191.tif,C:\Users\YassineSBOUI\Downloads\NON_CV\letter\50024298.tif,.tif
non_cv_02192,non_cv,budget,raw/non_cv/budget/non_cv_02192.tif,C:\Users\YassineSBOUI\Downloads\NON_CV\budget\0000091958.tif,.tif
non_cv_02193,non_cv,form,raw/non_cv/form/non_cv_02193.tif,C:\Users\YassineSBOUI\Downloads\NON_CV\form\2074742608.tif,.tif
non_cv_02194,non_cv,invoice,raw/non_cv/invoice/non_cv_02194.tif,C:\Users\YassineSBOUI\Downloads\NON_CV\invoice\2022900802.tif,.tif
non_cv_02195,non_cv,file_folder,raw/non_cv/file_folder/non_cv_02195.tif,C:\Users\YassineSBOUI\Downloads\NON_CV\file_folder\0000091022.tif,.tif
non_cv_02196,non_cv,questionnaire,raw/non_cv/questionnaire/non_cv_02196.tif,C:\Users\YassineSBOUI\Downloads\NON_CV\questionnaire\2049103088_2049103117.tif,.tif
non_cv_02197,non_cv,memo,raw/non_cv/memo/non_cv_02197.tif,C:\Users\YassineSBOUI\Downloads\NON_CV\memo\ti16302245_2246.tif,.tif
non_cv_02198,non_cv,file_folder,raw/non_cv/file_folder/non_cv_02198.tif,C:\Users\YassineSBOUI\Downloads\NON_CV\file_folder\0060067442.tif,.tif
non_cv_02199,non_cv,invoice,raw/non_cv/invoice/non_cv_02199.tif,C:\Users\YassineSBOUI\Downloads\NON_CV\invoice\2028699251.tif,.tif
non_cv_02200,non_cv,scientific_report,raw/non_cv/scientific_report/non_cv_02200.tif,C:\Users\YassineSBOUI\Downloads\NON_CV\scientific_report\2001216133_2001216263.tif,.tif
non_cv_02201,non_cv,advertisement,raw/non_cv/advertisement/non_cv_02201.tif,C:\Users\YassineSBOUI\Downloads\NON_CV\advertisement\2042136113.tif,.tif
non_cv_02202,non_cv,presentation,raw/non_cv/presentation/non_cv_02202.tif,C:\Users\YassineSBOUI\Downloads\NON_CV\presentation\2081160197_0209.tif,.tif
non_cv_02203,non_cv,resume,raw/non_cv/resume/non_cv_02203.tif,C:\Users\YassineSBOUI\Downloads\NON_CV\resume\10197033_10197034.tif,.tif
non_cv_02204,non_cv,file_folder,raw/non_cv/file_folder/non_cv_02204.tif,C:\Users\YassineSBOUI\Downloads\NON_CV\file_folder\2051080609.tif,.tif
non_cv_02205,non_cv,scientific_report,raw/non_cv/scientific_report/non_cv_02205.tif,C:\Users\YassineSBOUI\Downloads\NON_CV\scientific_report\2060531822_2060531823.tif,.tif
non_cv_02206,non_cv,handwritten,raw/non_cv/handwritten/non_cv_02206.tif,C:\Users\YassineSBOUI\Downloads\NON_CV\handwritten\502273602+-3605.tif,.tif
non_cv_02207,non_cv,invoice,raw/non_cv/invoice/non_cv_02207.tif,C:\Users\YassineSBOUI\Downloads\NON_CV\invoice\2029197053_2029197054.tif,.tif
non_cv_02208,non_cv,questionnaire,raw/non_cv/questionnaire/non_cv_02208.tif,C:\Users\YassineSBOUI\Downloads\NON_CV\questionnaire\522800256+-0257.tif,.tif
non_cv_02209,non_cv,presentation,raw/non_cv/presentation/non_cv_02209.tif,C:\Users\YassineSBOUI\Downloads\NON_CV\presentation\2063602134_2063602170.tif,.tif
non_cv_02210,non_cv,handwritten,raw/non_cv/handwritten/non_cv_02210.tif,C:\Users\YassineSBOUI\Downloads\NON_CV\handwritten\517610635+-0637.tif,.tif
non_cv_02211,non_cv,news_article,raw/non_cv/news_article/non_cv_02211.tif,C:\Users\YassineSBOUI\Downloads\NON_CV\news_article\0000341701.tif,.tif
non_cv_02212,non_cv,invoice,raw/non_cv/invoice/non_cv_02212.tif,C:\Users\YassineSBOUI\Downloads\NON_CV\invoice\2074660865.tif,.tif
non_cv_02213,non_cv,questionnaire,raw/non_cv/questionnaire/non_cv_02213.tif,C:\Users\YassineSBOUI\Downloads\NON_CV\questionnaire\506389184.tif,.tif
non_cv_02214,non_cv,invoice,raw/non_cv/invoice/non_cv_02214.tif,C:\Users\YassineSBOUI\Downloads\NON_CV\invoice\0000218192.tif,.tif
non_cv_02215,non_cv,resume,raw/non_cv/resume/non_cv_02215.tif,C:\Users\YassineSBOUI\Downloads\NON_CV\resume\40028720-8721.tif,.tif
non_cv_02216,non_cv,news_article,raw/non_cv/news_article/non_cv_02216.tif,C:\Users\YassineSBOUI\Downloads\NON_CV\news_article\2083774077.tif,.tif
non_cv_02217,non_cv,email,raw/non_cv/email/non_cv_02217.tif,C:\Users\YassineSBOUI\Downloads\NON_CV\email\2064207242a.tif,.tif
non_cv_02218,non_cv,invoice,raw/non_cv/invoice/non_cv_02218.tif,C:\Users\YassineSBOUI\Downloads\NON_CV\invoice\0071039701.tif,.tif
non_cv_02219,non_cv,handwritten,raw/non_cv/handwritten/non_cv_02219.tif,C:\Users\YassineSBOUI\Downloads\NON_CV\handwritten\505561863+-1865.tif,.tif
non_cv_02220,non_cv,resume,raw/non_cv/resume/non_cv_02220.tif,C:\Users\YassineSBOUI\Downloads\NON_CV\resume\1000248237_1000248238.tif,.tif
non_cv_02221,non_cv,specification,raw/non_cv/specification/non_cv_02221.tif,C:\Users\YassineSBOUI\Downloads\NON_CV\specification\2069729400.tif,.tif
non_cv_02222,non_cv,memo,raw/non_cv/memo/non_cv_02222.tif,C:\Users\YassineSBOUI\Downloads\NON_CV\memo\0060123835.tif,.tif
non_cv_02223,non_cv,invoice,raw/non_cv/invoice/non_cv_02223.tif,C:\Users\YassineSBOUI\Downloads\NON_CV\invoice\2028691757.tif,.tif
non_cv_02224,non_cv,presentation,raw/non_cv/presentation/non_cv_02224.tif,C:\Users\YassineSBOUI\Downloads\NON_CV\presentation\0060171306.tif,.tif
non_cv_02225,non_cv,specification,raw/non_cv/specification/non_cv_02225.tif,C:\Users\YassineSBOUI\Downloads\NON_CV\specification\509150686.tif,.tif
non_cv_02226,non_cv,resume,raw/non_cv/resume/non_cv_02226.tif,C:\Users\YassineSBOUI\Downloads\NON_CV\resume\50182749-2750.tif,.tif
non_cv_02227,non_cv,resume,raw/non_cv/resume/non_cv_02227.tif,C:\Users\YassineSBOUI\Downloads\NON_CV\resume\50648322-8323.tif,.tif
non_cv_02228,non_cv,letter,raw/non_cv/letter/non_cv_02228.tif,C:\Users\YassineSBOUI\Downloads\NON_CV\letter\520761146+-1146.tif,.tif
non_cv_02229,non_cv,file_folder,raw/non_cv/file_folder/non_cv_02229.tif,C:\Users\YassineSBOUI\Downloads\NON_CV\file_folder\11014211.tif,.tif
non_cv_02230,non_cv,email,raw/non_cv/email/non_cv_02230.tif,C:\Users\YassineSBOUI\Downloads\NON_CV\email\2078784515c.tif,.tif
non_cv_02231,non_cv,handwritten,raw/non_cv/handwritten/non_cv_02231.tif,C:\Users\YassineSBOUI\Downloads\NON_CV\handwritten\517238227+-8229.tif,.tif
non_cv_02232,non_cv,handwritten,raw/non_cv/handwritten/non_cv_02232.tif,C:\Users\YassineSBOUI\Downloads\NON_CV\handwritten\522402842+-2842.tif,.tif
non_cv_02233,non_cv,news_article,raw/non_cv/news_article/non_cv_02233.tif,C:\Users\YassineSBOUI\Downloads\NON_CV\news_article\2083779370.tif,.tif
non_cv_02234,non_cv,advertisement,raw/non_cv/advertisement/non_cv_02234.tif,C:\Users\YassineSBOUI\Downloads\NON_CV\advertisement\507097755a-7757.tif,.tif
non_cv_02235,non_cv,specification,raw/non_cv/specification/non_cv_02235.tif,C:\Users\YassineSBOUI\Downloads\NON_CV\specification\2057669145.tif,.tif
non_cv_02236,non_cv,presentation,raw/non_cv/presentation/non_cv_02236.tif,C:\Users\YassineSBOUI\Downloads\NON_CV\presentation\2080202074_2082.tif,.tif
non_cv_02237,non_cv,memo,raw/non_cv/memo/non_cv_02237.tif,C:\Users\YassineSBOUI\Downloads\NON_CV\memo\0060088586.tif,.tif
non_cv_02238,non_cv,presentation,raw/non_cv/presentation/non_cv_02238.tif,C:\Users\YassineSBOUI\Downloads\NON_CV\presentation\2084319569_9571.tif,.tif
non_cv_02239,non_cv,advertisement,raw/non_cv/advertisement/non_cv_02239.tif,C:\Users\YassineSBOUI\Downloads\NON_CV\advertisement\2070221199.tif,.tif
non_cv_02240,non_cv,advertisement,raw/non_cv/advertisement/non_cv_02240.tif,C:\Users\YassineSBOUI\Downloads\NON_CV\advertisement\99332307_2308.tif,.tif
non_cv_02241,non_cv,email,raw/non_cv/email/non_cv_02241.tif,C:\Users\YassineSBOUI\Downloads\NON_CV\email\528693346+-3346.tif,.tif
non_cv_02242,non_cv,handwritten,raw/non_cv/handwritten/non_cv_02242.tif,C:\Users\YassineSBOUI\Downloads\NON_CV\handwritten\507950774+-0774.tif,.tif
non_cv_02243,non_cv,handwritten,raw/non_cv/handwritten/non_cv_02243.tif,C:\Users\YassineSBOUI\Downloads\NON_CV\handwritten\524137921+-7921.tif,.tif
non_cv_02244,non_cv,specification,raw/non_cv/specification/non_cv_02244.tif,C:\Users\YassineSBOUI\Downloads\NON_CV\specification\514637916+-7916.tif,.tif
non_cv_02245,non_cv,specification,raw/non_cv/specification/non_cv_02245.tif,C:\Users\YassineSBOUI\Downloads\NON_CV\specification\2057440350_2057440351.tif,.tif
non_cv_02246,non_cv,presentation,raw/non_cv/presentation/non_cv_02246.tif,C:\Users\YassineSBOUI\Downloads\NON_CV\presentation\2064380264_0278.tif,.tif
non_cv_02247,non_cv,specification,raw/non_cv/specification/non_cv_02247.tif,C:\Users\YassineSBOUI\Downloads\NON_CV\specification\2069736665.tif,.tif
non_cv_02248,non_cv,scientific_publication,raw/non_cv/scientific_publication/non_cv_02248.tif,C:\Users\YassineSBOUI\Downloads\NON_CV\scientific_publication\2502283747_3752.tif,.tif
non_cv_02249,non_cv,email,raw/non_cv/email/non_cv_02249.tif,C:\Users\YassineSBOUI\Downloads\NON_CV\email\530287022+-7025.tif,.tif
non_cv_02250,non_cv,budget,raw/non_cv/budget/non_cv_02250.tif,C:\Users\YassineSBOUI\Downloads\NON_CV\budget\0000399840.tif,.tif
non_cv_02251,non_cv,handwritten,raw/non_cv/handwritten/non_cv_02251.tif,C:\Users\YassineSBOUI\Downloads\NON_CV\handwritten\517689444+-9445.tif,.tif
non_cv_02252,non_cv,questionnaire,raw/non_cv/questionnaire/non_cv_02252.tif,C:\Users\YassineSBOUI\Downloads\NON_CV\questionnaire\2041853512.tif,.tif
non_cv_02253,non_cv,memo,raw/non_cv/memo/non_cv_02253.tif,C:\Users\YassineSBOUI\Downloads\NON_CV\memo\0000038395.tif,.tif
non_cv_02254,non_cv,file_folder,raw/non_cv/file_folder/non_cv_02254.tif,C:\Users\YassineSBOUI\Downloads\NON_CV\file_folder\2505504027.tif,.tif
non_cv_02255,non_cv,questionnaire,raw/non_cv/questionnaire/non_cv_02255.tif,C:\Users\YassineSBOUI\Downloads\NON_CV\questionnaire\2042693444.tif,.tif
non_cv_02256,non_cv,memo,raw/non_cv/memo/non_cv_02256.tif,C:\Users\YassineSBOUI\Downloads\NON_CV\memo\0060058495.tif,.tif
non_cv_02257,non_cv,file_folder,raw/non_cv/file_folder/non_cv_02257.tif,C:\Users\YassineSBOUI\Downloads\NON_CV\file_folder\2043133777.tif,.tif
non_cv_02258,non_cv,news_article,raw/non_cv/news_article/non_cv_02258.tif,C:\Users\YassineSBOUI\Downloads\NON_CV\news_article\2001210016.tif,.tif
non_cv_02259,non_cv,budget,raw/non_cv/budget/non_cv_02259.tif,C:\Users\YassineSBOUI\Downloads\NON_CV\budget\2049299913_2049299917.tif,.tif
non_cv_02260,non_cv,memo,raw/non_cv/memo/non_cv_02260.tif,C:\Users\YassineSBOUI\Downloads\NON_CV\memo\93211692_93211693.tif,.tif
non_cv_02261,non_cv,budget,raw/non_cv/budget/non_cv_02261.tif,C:\Users\YassineSBOUI\Downloads\NON_CV\budget\tnwl0028151.tif,.tif
non_cv_02262,non_cv,file_folder,raw/non_cv/file_folder/non_cv_02262.tif,C:\Users\YassineSBOUI\Downloads\NON_CV\file_folder\2504096006.tif,.tif
non_cv_02263,non_cv,letter,raw/non_cv/letter/non_cv_02263.tif,C:\Users\YassineSBOUI\Downloads\NON_CV\letter\50353826-3826.tif,.tif
non_cv_02264,non_cv,email,raw/non_cv/email/non_cv_02264.tif,C:\Users\YassineSBOUI\Downloads\NON_CV\email\2074515221a.tif,.tif
non_cv_02265,non_cv,specification,raw/non_cv/specification/non_cv_02265.tif,C:\Users\YassineSBOUI\Downloads\NON_CV\specification\2057444095.tif,.tif
non_cv_02266,non_cv,memo,raw/non_cv/memo/non_cv_02266.tif,C:\Users\YassineSBOUI\Downloads\NON_CV\memo\1000750346.tif,.tif
non_cv_02267,non_cv,resume,raw/non_cv/resume/non_cv_02267.tif,C:\Users\YassineSBOUI\Downloads\NON_CV\resume\50440489-0490.tif,.tif
non_cv_02268,non_cv,file_folder,raw/non_cv/file_folder/non_cv_02268.tif,C:\Users\YassineSBOUI\Downloads\NON_CV\file_folder\2048068352.tif,.tif
non_cv_02269,non_cv,memo,raw/non_cv/memo/non_cv_02269.tif,C:\Users\YassineSBOUI\Downloads\NON_CV\memo\2071227882.tif,.tif
non_cv_02270,non_cv,email,raw/non_cv/email/non_cv_02270.tif,C:\Users\YassineSBOUI\Downloads\NON_CV\email\2085132083_2084.tif,.tif
non_cv_02271,non_cv,resume,raw/non_cv/resume/non_cv_02271.tif,C:\Users\YassineSBOUI\Downloads\NON_CV\resume\50472573-2574.tif,.tif
non_cv_02272,non_cv,memo,raw/non_cv/memo/non_cv_02272.tif,C:\Users\YassineSBOUI\Downloads\NON_CV\memo\1003722225.tif,.tif
non_cv_02273,non_cv,file_folder,raw/non_cv/file_folder/non_cv_02273.tif,C:\Users\YassineSBOUI\Downloads\NON_CV\file_folder\2030563726.tif,.tif
non_cv_02274,non_cv,questionnaire,raw/non_cv/questionnaire/non_cv_02274.tif,C:\Users\YassineSBOUI\Downloads\NON_CV\questionnaire\525121126+-1313.tif,.tif
non_cv_02275,non_cv,scientific_report,raw/non_cv/scientific_report/non_cv_02275.tif,C:\Users\YassineSBOUI\Downloads\NON_CV\scientific_report\2040383280.tif,.tif
non_cv_02276,non_cv,handwritten,raw/non_cv/handwritten/non_cv_02276.tif,C:\Users\YassineSBOUI\Downloads\NON_CV\handwritten\517619811+-9815.tif,.tif
non_cv_02277,non_cv,invoice,raw/non_cv/invoice/non_cv_02277.tif,C:\Users\YassineSBOUI\Downloads\NON_CV\invoice\91660603.tif,.tif
non_cv_02278,non_cv,invoice,raw/non_cv/invoice/non_cv_02278.tif,C:\Users\YassineSBOUI\Downloads\NON_CV\invoice\1000129022.tif,.tif
non_cv_02279,non_cv,news_article,raw/non_cv/news_article/non_cv_02279.tif,C:\Users\YassineSBOUI\Downloads\NON_CV\news_article\2085286545.tif,.tif
non_cv_02280,non_cv,budget,raw/non_cv/budget/non_cv_02280.tif,C:\Users\YassineSBOUI\Downloads\NON_CV\budget\2040797256.tif,.tif
non_cv_02281,non_cv,file_folder,raw/non_cv/file_folder/non_cv_02281.tif,C:\Users\YassineSBOUI\Downloads\NON_CV\file_folder\0060176295.tif,.tif
non_cv_02282,non_cv,advertisement,raw/non_cv/advertisement/non_cv_02282.tif,C:\Users\YassineSBOUI\Downloads\NON_CV\advertisement\501154645+-4647.tif,.tif
non_cv_02283,non_cv,letter,raw/non_cv/letter/non_cv_02283.tif,C:\Users\YassineSBOUI\Downloads\NON_CV\letter\01199587.tif,.tif
non_cv_02284,non_cv,specification,raw/non_cv/specification/non_cv_02284.tif,C:\Users\YassineSBOUI\Downloads\NON_CV\specification\2051526430_2051526432.tif,.tif
non_cv_02285,non_cv,budget,raw/non_cv/budget/non_cv_02285.tif,C:\Users\YassineSBOUI\Downloads\NON_CV\budget\0000115273.tif,.tif
non_cv_02286,non_cv,memo,raw/non_cv/memo/non_cv_02286.tif,C:\Users\YassineSBOUI\Downloads\NON_CV\memo\CTRCONTRACTS022095-2.tif,.tif
non_cv_02287,non_cv,email,raw/non_cv/email/non_cv_02287.tif,C:\Users\YassineSBOUI\Downloads\NON_CV\email\2085753572.tif,.tif
non_cv_02288,non_cv,email,raw/non_cv/email/non_cv_02288.tif,C:\Users\YassineSBOUI\Downloads\NON_CV\email\2085134205a.tif,.tif
non_cv_02289,non_cv,letter,raw/non_cv/letter/non_cv_02289.tif,C:\Users\YassineSBOUI\Downloads\NON_CV\letter\2077583999_4000.tif,.tif
non_cv_02290,non_cv,handwritten,raw/non_cv/handwritten/non_cv_02290.tif,C:\Users\YassineSBOUI\Downloads\NON_CV\handwritten\511340047_511340048.tif,.tif
non_cv_02291,non_cv,questionnaire,raw/non_cv/questionnaire/non_cv_02291.tif,C:\Users\YassineSBOUI\Downloads\NON_CV\questionnaire\0060344813.tif,.tif
non_cv_02292,non_cv,questionnaire,raw/non_cv/questionnaire/non_cv_02292.tif,C:\Users\YassineSBOUI\Downloads\NON_CV\questionnaire\504785576_504785594.tif,.tif
non_cv_02293,non_cv,invoice,raw/non_cv/invoice/non_cv_02293.tif,C:\Users\YassineSBOUI\Downloads\NON_CV\invoice\11224776.tif,.tif
non_cv_02294,non_cv,letter,raw/non_cv/letter/non_cv_02294.tif,C:\Users\YassineSBOUI\Downloads\NON_CV\letter\507198388.tif,.tif
non_cv_02295,non_cv,email,raw/non_cv/email/non_cv_02295.tif,C:\Users\YassineSBOUI\Downloads\NON_CV\email\2085158326.tif,.tif
non_cv_02296,non_cv,questionnaire,raw/non_cv/questionnaire/non_cv_02296.tif,C:\Users\YassineSBOUI\Downloads\NON_CV\questionnaire\0000228398.tif,.tif
non_cv_02297,non_cv,invoice,raw/non_cv/invoice/non_cv_02297.tif,C:\Users\YassineSBOUI\Downloads\NON_CV\invoice\2063650177.tif,.tif
non_cv_02298,non_cv,advertisement,raw/non_cv/advertisement/non_cv_02298.tif,C:\Users\YassineSBOUI\Downloads\NON_CV\advertisement\2040752060.tif,.tif
non_cv_02299,non_cv,scientific_publication,raw/non_cv/scientific_publication/non_cv_02299.tif,C:\Users\YassineSBOUI\Downloads\NON_CV\scientific_publication\10423431.tif,.tif
non_cv_02300,non_cv,form,raw/non_cv/form/non_cv_02300.tif,C:\Users\YassineSBOUI\Downloads\NON_CV\form\506053435+-3435.tif,.tif
non_cv_02301,non_cv,scientific_report,raw/non_cv/scientific_report/non_cv_02301.tif,C:\Users\YassineSBOUI\Downloads\NON_CV\scientific_report\2029224028.tif,.tif
non_cv_02302,non_cv,advertisement,raw/non_cv/advertisement/non_cv_02302.tif,C:\Users\YassineSBOUI\Downloads\NON_CV\advertisement\2058504442.tif,.tif
non_cv_02303,non_cv,news_article,raw/non_cv/news_article/non_cv_02303.tif,C:\Users\YassineSBOUI\Downloads\NON_CV\news_article\2083503399.tif,.tif
non_cv_02304,non_cv,form,raw/non_cv/form/non_cv_02304.tif,C:\Users\YassineSBOUI\Downloads\NON_CV\form\12622549.tif,.tif
non_cv_02305,non_cv,email,raw/non_cv/email/non_cv_02305.tif,C:\Users\YassineSBOUI\Downloads\NON_CV\email\528348355+-8355.tif,.tif
non_cv_02306,non_cv,scientific_report,raw/non_cv/scientific_report/non_cv_02306.tif,C:\Users\YassineSBOUI\Downloads\NON_CV\scientific_report\2501348959_2501348961.tif,.tif
non_cv_02307,non_cv,scientific_report,raw/non_cv/scientific_report/non_cv_02307.tif,C:\Users\YassineSBOUI\Downloads\NON_CV\scientific_report\2029120567_2029120568.tif,.tif
non_cv_02308,non_cv,budget,raw/non_cv/budget/non_cv_02308.tif,C:\Users\YassineSBOUI\Downloads\NON_CV\budget\2063238317.tif,.tif
non_cv_02309,non_cv,specification,raw/non_cv/specification/non_cv_02309.tif,C:\Users\YassineSBOUI\Downloads\NON_CV\specification\2023287350.tif,.tif
non_cv_02310,non_cv,advertisement,raw/non_cv/advertisement/non_cv_02310.tif,C:\Users\YassineSBOUI\Downloads\NON_CV\advertisement\71894759.tif,.tif
non_cv_02311,non_cv,resume,raw/non_cv/resume/non_cv_02311.tif,C:\Users\YassineSBOUI\Downloads\NON_CV\resume\50643329-3329.tif,.tif
non_cv_02312,non_cv,scientific_publication,raw/non_cv/scientific_publication/non_cv_02312.tif,C:\Users\YassineSBOUI\Downloads\NON_CV\scientific_publication\60004384_60004386.tif,.tif
non_cv_02313,non_cv,file_folder,raw/non_cv/file_folder/non_cv_02313.tif,C:\Users\YassineSBOUI\Downloads\NON_CV\file_folder\2026343263.tif,.tif
non_cv_02314,non_cv,handwritten,raw/non_cv/handwritten/non_cv_02314.tif,C:\Users\YassineSBOUI\Downloads\NON_CV\handwritten\504614540_504614542.tif,.tif
non_cv_02315,non_cv,email,raw/non_cv/email/non_cv_02315.tif,C:\Users\YassineSBOUI\Downloads\NON_CV\email\528449967+-9967.tif,.tif
non_cv_02316,non_cv,letter,raw/non_cv/letter/non_cv_02316.tif,C:\Users\YassineSBOUI\Downloads\NON_CV\letter\510068829.tif,.tif
non_cv_02317,non_cv,scientific_report,raw/non_cv/scientific_report/non_cv_02317.tif,C:\Users\YassineSBOUI\Downloads\NON_CV\scientific_report\88198693_8697.tif,.tif
non_cv_02318,non_cv,invoice,raw/non_cv/invoice/non_cv_02318.tif,C:\Users\YassineSBOUI\Downloads\NON_CV\invoice\2049433327.tif,.tif
non_cv_02319,non_cv,form,raw/non_cv/form/non_cv_02319.tif,C:\Users\YassineSBOUI\Downloads\NON_CV\form\506487590.tif,.tif
non_cv_02320,non_cv,scientific_report,raw/non_cv/scientific_report/non_cv_02320.tif,C:\Users\YassineSBOUI\Downloads\NON_CV\scientific_report\1000873384_1000873395.tif,.tif
non_cv_02321,non_cv,form,raw/non_cv/form/non_cv_02321.tif,C:\Users\YassineSBOUI\Downloads\NON_CV\form\2085597974.tif,.tif
non_cv_02322,non_cv,news_article,raw/non_cv/news_article/non_cv_02322.tif,C:\Users\YassineSBOUI\Downloads\NON_CV\news_article\2026205685.tif,.tif
non_cv_02323,non_cv,file_folder,raw/non_cv/file_folder/non_cv_02323.tif,C:\Users\YassineSBOUI\Downloads\NON_CV\file_folder\2046030605.tif,.tif
non_cv_02324,non_cv,news_article,raw/non_cv/news_article/non_cv_02324.tif,C:\Users\YassineSBOUI\Downloads\NON_CV\news_article\85865209.tif,.tif
non_cv_02325,non_cv,scientific_publication,raw/non_cv/scientific_publication/non_cv_02325.tif,C:\Users\YassineSBOUI\Downloads\NON_CV\scientific_publication\50082512_50082530.tif,.tif
non_cv_02326,non_cv,presentation,raw/non_cv/presentation/non_cv_02326.tif,C:\Users\YassineSBOUI\Downloads\NON_CV\presentation\2021568356_2021568366.tif,.tif
non_cv_02327,non_cv,email,raw/non_cv/email/non_cv_02327.tif,C:\Users\YassineSBOUI\Downloads\NON_CV\email\2070046120.tif,.tif
non_cv_02328,non_cv,questionnaire,raw/non_cv/questionnaire/non_cv_02328.tif,C:\Users\YassineSBOUI\Downloads\NON_CV\questionnaire\2042702244.tif,.tif
non_cv_02329,non_cv,questionnaire,raw/non_cv/questionnaire/non_cv_02329.tif,C:\Users\YassineSBOUI\Downloads\NON_CV\questionnaire\0060356978.tif,.tif
non_cv_02330,non_cv,scientific_report,raw/non_cv/scientific_report/non_cv_02330.tif,C:\Users\YassineSBOUI\Downloads\NON_CV\scientific_report\2026358413_2026358418.tif,.tif
non_cv_02331,non_cv,form,raw/non_cv/form/non_cv_02331.tif,C:\Users\YassineSBOUI\Downloads\NON_CV\form\93783307.tif,.tif
non_cv_02332,non_cv,email,raw/non_cv/email/non_cv_02332.tif,C:\Users\YassineSBOUI\Downloads\NON_CV\email\2071240111a.tif,.tif
non_cv_02333,non_cv,scientific_publication,raw/non_cv/scientific_publication/non_cv_02333.tif,C:\Users\YassineSBOUI\Downloads\NON_CV\scientific_publication\50647447-7462.tif,.tif
non_cv_02334,non_cv,news_article,raw/non_cv/news_article/non_cv_02334.tif,C:\Users\YassineSBOUI\Downloads\NON_CV\news_article\2048366614.tif,.tif
non_cv_02335,non_cv,file_folder,raw/non_cv/file_folder/non_cv_02335.tif,C:\Users\YassineSBOUI\Downloads\NON_CV\file_folder\2057145274.tif,.tif
non_cv_02336,non_cv,email,raw/non_cv/email/non_cv_02336.tif,C:\Users\YassineSBOUI\Downloads\NON_CV\email\2085532193.tif,.tif
non_cv_02337,non_cv,advertisement,raw/non_cv/advertisement/non_cv_02337.tif,C:\Users\YassineSBOUI\Downloads\NON_CV\advertisement\509130496+-0496.tif,.tif
non_cv_02338,non_cv,email,raw/non_cv/email/non_cv_02338.tif,C:\Users\YassineSBOUI\Downloads\NON_CV\email\528400445+-0452.tif,.tif
non_cv_02339,non_cv,specification,raw/non_cv/specification/non_cv_02339.tif,C:\Users\YassineSBOUI\Downloads\NON_CV\specification\2051555272_2051555273.tif,.tif
non_cv_02340,non_cv,advertisement,raw/non_cv/advertisement/non_cv_02340.tif,C:\Users\YassineSBOUI\Downloads\NON_CV\advertisement\502609022+-9022.tif,.tif
non_cv_02341,non_cv,specification,raw/non_cv/specification/non_cv_02341.tif,C:\Users\YassineSBOUI\Downloads\NON_CV\specification\507264808_507264810.tif,.tif
non_cv_02342,non_cv,form,raw/non_cv/form/non_cv_02342.tif,C:\Users\YassineSBOUI\Downloads\NON_CV\form\2040977128_2040977129.tif,.tif
non_cv_02343,non_cv,scientific_report,raw/non_cv/scientific_report/non_cv_02343.tif,C:\Users\YassineSBOUI\Downloads\NON_CV\scientific_report\2001113017_2001113044.tif,.tif
non_cv_02344,non_cv,budget,raw/non_cv/budget/non_cv_02344.tif,C:\Users\YassineSBOUI\Downloads\NON_CV\budget\tnwl0044390_4391.tif,.tif
non_cv_02345,non_cv,letter,raw/non_cv/letter/non_cv_02345.tif,C:\Users\YassineSBOUI\Downloads\NON_CV\letter\506303935_506303937.tif,.tif
non_cv_02346,non_cv,specification,raw/non_cv/specification/non_cv_02346.tif,C:\Users\YassineSBOUI\Downloads\NON_CV\specification\2031304738.tif,.tif
non_cv_02347,non_cv,invoice,raw/non_cv/invoice/non_cv_02347.tif,C:\Users\YassineSBOUI\Downloads\NON_CV\invoice\2001211412.tif,.tif
non_cv_02348,non_cv,resume,raw/non_cv/resume/non_cv_02348.tif,C:\Users\YassineSBOUI\Downloads\NON_CV\resume\50570711-0726.tif,.tif
non_cv_02349,non_cv,file_folder,raw/non_cv/file_folder/non_cv_02349.tif,C:\Users\YassineSBOUI\Downloads\NON_CV\file_folder\0060197883.tif,.tif
non_cv_02350,non_cv,scientific_publication,raw/non_cv/scientific_publication/non_cv_02350.tif,C:\Users\YassineSBOUI\Downloads\NON_CV\scientific_publication\60028509_60028524.tif,.tif
non_cv_02351,non_cv,file_folder,raw/non_cv/file_folder/non_cv_02351.tif,C:\Users\YassineSBOUI\Downloads\NON_CV\file_folder\88057568.tif,.tif
non_cv_02352,non_cv,form,raw/non_cv/form/non_cv_02352.tif,C:\Users\YassineSBOUI\Downloads\NON_CV\form\2072822511_2512.tif,.tif
non_cv_02353,non_cv,resume,raw/non_cv/resume/non_cv_02353.tif,C:\Users\YassineSBOUI\Downloads\NON_CV\resume\50568151-8153.tif,.tif
non_cv_02354,non_cv,questionnaire,raw/non_cv/questionnaire/non_cv_02354.tif,C:\Users\YassineSBOUI\Downloads\NON_CV\questionnaire\2049048537_2049048548.tif,.tif
non_cv_02355,non_cv,resume,raw/non_cv/resume/non_cv_02355.tif,C:\Users\YassineSBOUI\Downloads\NON_CV\resume\50647212-7212.tif,.tif
non_cv_02356,non_cv,memo,raw/non_cv/memo/non_cv_02356.tif,C:\Users\YassineSBOUI\Downloads\NON_CV\memo\0011652499.tif,.tif
non_cv_02357,non_cv,scientific_publication,raw/non_cv/scientific_publication/non_cv_02357.tif,C:\Users\YassineSBOUI\Downloads\NON_CV\scientific_publication\87493979.tif,.tif
non_cv_02358,non_cv,file_folder,raw/non_cv/file_folder/non_cv_02358.tif,C:\Users\YassineSBOUI\Downloads\NON_CV\file_folder\87533739.tif,.tif
non_cv_02359,non_cv,file_folder,raw/non_cv/file_folder/non_cv_02359.tif,C:\Users\YassineSBOUI\Downloads\NON_CV\file_folder\2025891795.tif,.tif
non_cv_02360,non_cv,form,raw/non_cv/form/non_cv_02360.tif,C:\Users\YassineSBOUI\Downloads\NON_CV\form\2054964045.tif,.tif
non_cv_02361,non_cv,questionnaire,raw/non_cv/questionnaire/non_cv_02361.tif,C:\Users\YassineSBOUI\Downloads\NON_CV\questionnaire\0011972629.tif,.tif
non_cv_02362,non_cv,email,raw/non_cv/email/non_cv_02362.tif,C:\Users\YassineSBOUI\Downloads\NON_CV\email\528746307+-6328.tif,.tif
non_cv_02363,non_cv,form,raw/non_cv/form/non_cv_02363.tif,C:\Users\YassineSBOUI\Downloads\NON_CV\form\522396152+-6153.tif,.tif
non_cv_02364,non_cv,email,raw/non_cv/email/non_cv_02364.tif,C:\Users\YassineSBOUI\Downloads\NON_CV\email\2085792618b.tif,.tif
non_cv_02365,non_cv,letter,raw/non_cv/letter/non_cv_02365.tif,C:\Users\YassineSBOUI\Downloads\NON_CV\letter\502994429.tif,.tif
non_cv_02366,non_cv,invoice,raw/non_cv/invoice/non_cv_02366.tif,C:\Users\YassineSBOUI\Downloads\NON_CV\invoice\98776481.tif,.tif
non_cv_02367,non_cv,scientific_report,raw/non_cv/scientific_report/non_cv_02367.tif,C:\Users\YassineSBOUI\Downloads\NON_CV\scientific_report\0000151908.tif,.tif
non_cv_02368,non_cv,handwritten,raw/non_cv/handwritten/non_cv_02368.tif,C:\Users\YassineSBOUI\Downloads\NON_CV\handwritten\524089308+-9309.tif,.tif
non_cv_02369,non_cv,form,raw/non_cv/form/non_cv_02369.tif,C:\Users\YassineSBOUI\Downloads\NON_CV\form\2074133889.tif,.tif
non_cv_02370,non_cv,memo,raw/non_cv/memo/non_cv_02370.tif,C:\Users\YassineSBOUI\Downloads\NON_CV\memo\0000936895.tif,.tif
non_cv_02371,non_cv,questionnaire,raw/non_cv/questionnaire/non_cv_02371.tif,C:\Users\YassineSBOUI\Downloads\NON_CV\questionnaire\506497368_506497374.tif,.tif
non_cv_02372,non_cv,file_folder,raw/non_cv/file_folder/non_cv_02372.tif,C:\Users\YassineSBOUI\Downloads\NON_CV\file_folder\0060267018.tif,.tif
non_cv_02373,non_cv,presentation,raw/non_cv/presentation/non_cv_02373.tif,C:\Users\YassineSBOUI\Downloads\NON_CV\presentation\2023339154_2023339161.tif,.tif
non_cv_02374,non_cv,handwritten,raw/non_cv/handwritten/non_cv_02374.tif,C:\Users\YassineSBOUI\Downloads\NON_CV\handwritten\522932695+-2699.tif,.tif
non_cv_02375,non_cv,letter,raw/non_cv/letter/non_cv_02375.tif,C:\Users\YassineSBOUI\Downloads\NON_CV\letter\13153809.tif,.tif
non_cv_02376,non_cv,questionnaire,raw/non_cv/questionnaire/non_cv_02376.tif,C:\Users\YassineSBOUI\Downloads\NON_CV\questionnaire\501360976_501360978.tif,.tif
non_cv_02377,non_cv,letter,raw/non_cv/letter/non_cv_02377.tif,C:\Users\YassineSBOUI\Downloads\NON_CV\letter\504958949_504958950.tif,.tif
non_cv_02378,non_cv,presentation,raw/non_cv/presentation/non_cv_02378.tif,C:\Users\YassineSBOUI\Downloads\NON_CV\presentation\2051817699_2051817701.tif,.tif
non_cv_02379,non_cv,invoice,raw/non_cv/invoice/non_cv_02379.tif,C:\Users\YassineSBOUI\Downloads\NON_CV\invoice\2028706570.tif,.tif
non_cv_02380,non_cv,scientific_publication,raw/non_cv/scientific_publication/non_cv_02380.tif,C:\Users\YassineSBOUI\Downloads\NON_CV\scientific_publication\2023445642_5659.tif,.tif
non_cv_02381,non_cv,presentation,raw/non_cv/presentation/non_cv_02381.tif,C:\Users\YassineSBOUI\Downloads\NON_CV\presentation\2078847625.tif,.tif
non_cv_02382,non_cv,memo,raw/non_cv/memo/non_cv_02382.tif,C:\Users\YassineSBOUI\Downloads\NON_CV\memo\0060278079.tif,.tif
non_cv_02383,non_cv,scientific_report,raw/non_cv/scientific_report/non_cv_02383.tif,C:\Users\YassineSBOUI\Downloads\NON_CV\scientific_report\2064753647_3668.tif,.tif
non_cv_02384,non_cv,form,raw/non_cv/form/non_cv_02384.tif,C:\Users\YassineSBOUI\Downloads\NON_CV\form\89408579_89408582.tif,.tif
non_cv_02385,non_cv,form,raw/non_cv/form/non_cv_02385.tif,C:\Users\YassineSBOUI\Downloads\NON_CV\form\524187931+-8005.tif,.tif
non_cv_02386,non_cv,email,raw/non_cv/email/non_cv_02386.tif,C:\Users\YassineSBOUI\Downloads\NON_CV\email\2085136614c.tif,.tif
non_cv_02387,non_cv,budget,raw/non_cv/budget/non_cv_02387.tif,C:\Users\YassineSBOUI\Downloads\NON_CV\budget\tnwl0044433.tif,.tif
non_cv_02388,non_cv,scientific_publication,raw/non_cv/scientific_publication/non_cv_02388.tif,C:\Users\YassineSBOUI\Downloads\NON_CV\scientific_publication\2501404455_2501404463.tif,.tif
non_cv_02389,non_cv,handwritten,raw/non_cv/handwritten/non_cv_02389.tif,C:\Users\YassineSBOUI\Downloads\NON_CV\handwritten\501822140_501822141.tif,.tif
non_cv_02390,non_cv,presentation,raw/non_cv/presentation/non_cv_02390.tif,C:\Users\YassineSBOUI\Downloads\NON_CV\presentation\0011901961.tif,.tif
non_cv_02391,non_cv,handwritten,raw/non_cv/handwritten/non_cv_02391.tif,C:\Users\YassineSBOUI\Downloads\NON_CV\handwritten\515888375+-8375.tif,.tif
non_cv_02392,non_cv,scientific_publication,raw/non_cv/scientific_publication/non_cv_02392.tif,C:\Users\YassineSBOUI\Downloads\NON_CV\scientific_publication\2021629729_9735.tif,.tif
non_cv_02393,non_cv,questionnaire,raw/non_cv/questionnaire/non_cv_02393.tif,C:\Users\YassineSBOUI\Downloads\NON_CV\questionnaire\0001216435.tif,.tif
non_cv_02394,non_cv,scientific_publication,raw/non_cv/scientific_publication/non_cv_02394.tif,C:\Users\YassineSBOUI\Downloads\NON_CV\scientific_publication\87597636.tif,.tif
non_cv_02395,non_cv,handwritten,raw/non_cv/handwritten/non_cv_02395.tif,C:\Users\YassineSBOUI\Downloads\NON_CV\handwritten\509329164+-9164.tif,.tif
non_cv_02396,non_cv,resume,raw/non_cv/resume/non_cv_02396.tif,C:\Users\YassineSBOUI\Downloads\NON_CV\resume\50509471-9472.tif,.tif
non_cv_02397,non_cv,scientific_publication,raw/non_cv/scientific_publication/non_cv_02397.tif,C:\Users\YassineSBOUI\Downloads\NON_CV\scientific_publication\40019637-9649.tif,.tif
non_cv_02398,non_cv,form,raw/non_cv/form/non_cv_02398.tif,C:\Users\YassineSBOUI\Downloads\NON_CV\form\0030030956.tif,.tif
non_cv_02399,non_cv,letter,raw/non_cv/letter/non_cv_02399.tif,C:\Users\YassineSBOUI\Downloads\NON_CV\letter\503825461.tif,.tif
non_cv_02400,non_cv,resume,raw/non_cv/resume/non_cv_02400.tif,C:\Users\YassineSBOUI\Downloads\NON_CV\resume\40041339-1341.tif,.tif
non_cv_02401,non_cv,scientific_publication,raw/non_cv/scientific_publication/non_cv_02401.tif,C:\Users\YassineSBOUI\Downloads\NON_CV\scientific_publication\2501093886.tif,.tif
non_cv_02402,non_cv,memo,raw/non_cv/memo/non_cv_02402.tif,C:\Users\YassineSBOUI\Downloads\NON_CV\memo\0001023148.tif,.tif
non_cv_02403,non_cv,memo,raw/non_cv/memo/non_cv_02403.tif,C:\Users\YassineSBOUI\Downloads\NON_CV\memo\0001145509.tif,.tif
non_cv_02404,non_cv,email,raw/non_cv/email/non_cv_02404.tif,C:\Users\YassineSBOUI\Downloads\NON_CV\email\527804868+-4869.tif,.tif
non_cv_02405,non_cv,form,raw/non_cv/form/non_cv_02405.tif,C:\Users\YassineSBOUI\Downloads\NON_CV\form\2030408096.tif,.tif
non_cv_02406,non_cv,invoice,raw/non_cv/invoice/non_cv_02406.tif,C:\Users\YassineSBOUI\Downloads\NON_CV\invoice\2028698471.tif,.tif
non_cv_02407,non_cv,form,raw/non_cv/form/non_cv_02407.tif,C:\Users\YassineSBOUI\Downloads\NON_CV\form\0060024708.tif,.tif
non_cv_02408,non_cv,scientific_publication,raw/non_cv/scientific_publication/non_cv_02408.tif,C:\Users\YassineSBOUI\Downloads\NON_CV\scientific_publication\11314386.tif,.tif
non_cv_02409,non_cv,specification,raw/non_cv/specification/non_cv_02409.tif,C:\Users\YassineSBOUI\Downloads\NON_CV\specification\2030319597.tif,.tif
non_cv_02410,non_cv,handwritten,raw/non_cv/handwritten/non_cv_02410.tif,C:\Users\YassineSBOUI\Downloads\NON_CV\handwritten\506864823.tif,.tif
non_cv_02411,non_cv,file_folder,raw/non_cv/file_folder/non_cv_02411.tif,C:\Users\YassineSBOUI\Downloads\NON_CV\file_folder\2024448560.tif,.tif
non_cv_02412,non_cv,memo,raw/non_cv/memo/non_cv_02412.tif,C:\Users\YassineSBOUI\Downloads\NON_CV\memo\2025857795.tif,.tif
non_cv_02413,non_cv,email,raw/non_cv/email/non_cv_02413.tif,C:\Users\YassineSBOUI\Downloads\NON_CV\email\528859901+-9901.tif,.tif
non_cv_02414,non_cv,news_article,raw/non_cv/news_article/non_cv_02414.tif,C:\Users\YassineSBOUI\Downloads\NON_CV\news_article\tob12205.05_tob12205.06.tif,.tif
non_cv_02415,non_cv,news_article,raw/non_cv/news_article/non_cv_02415.tif,C:\Users\YassineSBOUI\Downloads\NON_CV\news_article\ti17181921.tif,.tif
non_cv_02416,non_cv,resume,raw/non_cv/resume/non_cv_02416.tif,C:\Users\YassineSBOUI\Downloads\NON_CV\resume\50597513-7514.tif,.tif
non_cv_02417,non_cv,file_folder,raw/non_cv/file_folder/non_cv_02417.tif,C:\Users\YassineSBOUI\Downloads\NON_CV\file_folder\2063272000.tif,.tif
non_cv_02418,non_cv,scientific_report,raw/non_cv/scientific_report/non_cv_02418.tif,C:\Users\YassineSBOUI\Downloads\NON_CV\scientific_report\2501325573.tif,.tif
non_cv_02419,non_cv,invoice,raw/non_cv/invoice/non_cv_02419.tif,C:\Users\YassineSBOUI\Downloads\NON_CV\invoice\2501335075.tif,.tif
non_cv_02420,non_cv,budget,raw/non_cv/budget/non_cv_02420.tif,C:\Users\YassineSBOUI\Downloads\NON_CV\budget\tnwl0025048.tif,.tif
non_cv_02421,non_cv,questionnaire,raw/non_cv/questionnaire/non_cv_02421.tif,C:\Users\YassineSBOUI\Downloads\NON_CV\questionnaire\0001245959.tif,.tif
non_cv_02422,non_cv,budget,raw/non_cv/budget/non_cv_02422.tif,C:\Users\YassineSBOUI\Downloads\NON_CV\budget\2040964186.tif,.tif
non_cv_02423,non_cv,specification,raw/non_cv/specification/non_cv_02423.tif,C:\Users\YassineSBOUI\Downloads\NON_CV\specification\2057680627.tif,.tif
non_cv_02424,non_cv,questionnaire,raw/non_cv/questionnaire/non_cv_02424.tif,C:\Users\YassineSBOUI\Downloads\NON_CV\questionnaire\0001227370.tif,.tif
non_cv_02425,non_cv,memo,raw/non_cv/memo/non_cv_02425.tif,C:\Users\YassineSBOUI\Downloads\NON_CV\memo\2046972156.tif,.tif
non_cv_02426,non_cv,handwritten,raw/non_cv/handwritten/non_cv_02426.tif,C:\Users\YassineSBOUI\Downloads\NON_CV\handwritten\522814635+-4636.tif,.tif
non_cv_02427,non_cv,memo,raw/non_cv/memo/non_cv_02427.tif,C:\Users\YassineSBOUI\Downloads\NON_CV\memo\2051992153.tif,.tif
non_cv_02428,non_cv,invoice,raw/non_cv/invoice/non_cv_02428.tif,C:\Users\YassineSBOUI\Downloads\NON_CV\invoice\87063048.tif,.tif
non_cv_02429,non_cv,memo,raw/non_cv/memo/non_cv_02429.tif,C:\Users\YassineSBOUI\Downloads\NON_CV\memo\2022217477.tif,.tif
non_cv_02430,non_cv,specification,raw/non_cv/specification/non_cv_02430.tif,C:\Users\YassineSBOUI\Downloads\NON_CV\specification\509409678.tif,.tif
non_cv_02431,non_cv,advertisement,raw/non_cv/advertisement/non_cv_02431.tif,C:\Users\YassineSBOUI\Downloads\NON_CV\advertisement\ton01426.85.tif,.tif
non_cv_02432,non_cv,scientific_publication,raw/non_cv/scientific_publication/non_cv_02432.tif,C:\Users\YassineSBOUI\Downloads\NON_CV\scientific_publication\2026127307_2026127311.tif,.tif
non_cv_02433,non_cv,email,raw/non_cv/email/non_cv_02433.tif,C:\Users\YassineSBOUI\Downloads\NON_CV\email\530425012+-5012.tif,.tif
non_cv_02434,non_cv,news_article,raw/non_cv/news_article/non_cv_02434.tif,C:\Users\YassineSBOUI\Downloads\NON_CV\news_article\2046563428.tif,.tif
non_cv_02435,non_cv,letter,raw/non_cv/letter/non_cv_02435.tif,C:\Users\YassineSBOUI\Downloads\NON_CV\letter\2065418675.tif,.tif
non_cv_02436,non_cv,form,raw/non_cv/form/non_cv_02436.tif,C:\Users\YassineSBOUI\Downloads\NON_CV\form\2030308461.tif,.tif
non_cv_02437,non_cv,presentation,raw/non_cv/presentation/non_cv_02437.tif,C:\Users\YassineSBOUI\Downloads\NON_CV\presentation\0060065574.tif,.tif
non_cv_02438,non_cv,budget,raw/non_cv/budget/non_cv_02438.tif,C:\Users\YassineSBOUI\Downloads\NON_CV\budget\2041724223.tif,.tif
non_cv_02439,non_cv,handwritten,raw/non_cv/handwritten/non_cv_02439.tif,C:\Users\YassineSBOUI\Downloads\NON_CV\handwritten\518199939+-9940.tif,.tif
non_cv_02440,non_cv,email,raw/non_cv/email/non_cv_02440.tif,C:\Users\YassineSBOUI\Downloads\NON_CV\email\81881314_1315.tif,.tif
non_cv_02441,non_cv,resume,raw/non_cv/resume/non_cv_02441.tif,C:\Users\YassineSBOUI\Downloads\NON_CV\resume\50704276-4277.tif,.tif
non_cv_02442,non_cv,form,raw/non_cv/form/non_cv_02442.tif,C:\Users\YassineSBOUI\Downloads\NON_CV\form\99172006.tif,.tif
non_cv_02443,non_cv,letter,raw/non_cv/letter/non_cv_02443.tif,C:\Users\YassineSBOUI\Downloads\NON_CV\letter\513567024+-7024.tif,.tif
non_cv_02444,non_cv,scientific_publication,raw/non_cv/scientific_publication/non_cv_02444.tif,C:\Users\YassineSBOUI\Downloads\NON_CV\scientific_publication\11050328_11050333.tif,.tif
non_cv_02445,non_cv,budget,raw/non_cv/budget/non_cv_02445.tif,C:\Users\YassineSBOUI\Downloads\NON_CV\budget\2045467862.tif,.tif
non_cv_02446,non_cv,invoice,raw/non_cv/invoice/non_cv_02446.tif,C:\Users\YassineSBOUI\Downloads\NON_CV\invoice\86016253.tif,.tif
non_cv_02447,non_cv,resume,raw/non_cv/resume/non_cv_02447.tif,C:\Users\YassineSBOUI\Downloads\NON_CV\resume\50386644-6644.tif,.tif
non_cv_02448,non_cv,presentation,raw/non_cv/presentation/non_cv_02448.tif,C:\Users\YassineSBOUI\Downloads\NON_CV\presentation\corti0002295_2299.tif,.tif
non_cv_02449,non_cv,scientific_publication,raw/non_cv/scientific_publication/non_cv_02449.tif,C:\Users\YassineSBOUI\Downloads\NON_CV\scientific_publication\2502282733_2745.tif,.tif
non_cv_02450,non_cv,presentation,raw/non_cv/presentation/non_cv_02450.tif,C:\Users\YassineSBOUI\Downloads\NON_CV\presentation\0000326502.tif,.tif
non_cv_02451,non_cv,invoice,raw/non_cv/invoice/non_cv_02451.tif,C:\Users\YassineSBOUI\Downloads\NON_CV\invoice\518254873+-4879.tif,.tif
non_cv_02452,non_cv,scientific_publication,raw/non_cv/scientific_publication/non_cv_02452.tif,C:\Users\YassineSBOUI\Downloads\NON_CV\scientific_publication\60160840_60160847.tif,.tif
non_cv_02453,non_cv,file_folder,raw/non_cv/file_folder/non_cv_02453.tif,C:\Users\YassineSBOUI\Downloads\NON_CV\file_folder\2067070348.tif,.tif
non_cv_02454,non_cv,form,raw/non_cv/form/non_cv_02454.tif,C:\Users\YassineSBOUI\Downloads\NON_CV\form\99194958.tif,.tif
non_cv_02455,non_cv,news_article,raw/non_cv/news_article/non_cv_02455.tif,C:\Users\YassineSBOUI\Downloads\NON_CV\news_article\2074966569.tif,.tif
non_cv_02456,non_cv,advertisement,raw/non_cv/advertisement/non_cv_02456.tif,C:\Users\YassineSBOUI\Downloads\NON_CV\advertisement\516058549+-8549.tif,.tif
non_cv_02457,non_cv,invoice,raw/non_cv/invoice/non_cv_02457.tif,C:\Users\YassineSBOUI\Downloads\NON_CV\invoice\92173667.tif,.tif
non_cv_02458,non_cv,letter,raw/non_cv/letter/non_cv_02458.tif,C:\Users\YassineSBOUI\Downloads\NON_CV\letter\2041596459.tif,.tif
non_cv_02459,non_cv,memo,raw/non_cv/memo/non_cv_02459.tif,C:\Users\YassineSBOUI\Downloads\NON_CV\memo\2023272131.tif,.tif
non_cv_02460,non_cv,scientific_publication,raw/non_cv/scientific_publication/non_cv_02460.tif,C:\Users\YassineSBOUI\Downloads\NON_CV\scientific_publication\2029031429_2029031430.tif,.tif
non_cv_02461,non_cv,scientific_report,raw/non_cv/scientific_report/non_cv_02461.tif,C:\Users\YassineSBOUI\Downloads\NON_CV\scientific_report\2078640042_0048.tif,.tif
non_cv_02462,non_cv,resume,raw/non_cv/resume/non_cv_02462.tif,C:\Users\YassineSBOUI\Downloads\NON_CV\resume\50602146-2147.tif,.tif
non_cv_02463,non_cv,handwritten,raw/non_cv/handwritten/non_cv_02463.tif,C:\Users\YassineSBOUI\Downloads\NON_CV\handwritten\508886531_508886532.tif,.tif
non_cv_02464,non_cv,specification,raw/non_cv/specification/non_cv_02464.tif,C:\Users\YassineSBOUI\Downloads\NON_CV\specification\2031320584.tif,.tif
non_cv_02465,non_cv,memo,raw/non_cv/memo/non_cv_02465.tif,C:\Users\YassineSBOUI\Downloads\NON_CV\memo\1001885856_5857.tif,.tif
non_cv_02466,non_cv,letter,raw/non_cv/letter/non_cv_02466.tif,C:\Users\YassineSBOUI\Downloads\NON_CV\letter\10175066_10175068.tif,.tif
non_cv_02467,non_cv,advertisement,raw/non_cv/advertisement/non_cv_02467.tif,C:\Users\YassineSBOUI\Downloads\NON_CV\advertisement\503973518+-3518.tif,.tif
non_cv_02468,non_cv,specification,raw/non_cv/specification/non_cv_02468.tif,C:\Users\YassineSBOUI\Downloads\NON_CV\specification\2031297301.tif,.tif
non_cv_02469,non_cv,presentation,raw/non_cv/presentation/non_cv_02469.tif,C:\Users\YassineSBOUI\Downloads\NON_CV\presentation\2078606169_6171.tif,.tif
non_cv_02470,non_cv,form,raw/non_cv/form/non_cv_02470.tif,C:\Users\YassineSBOUI\Downloads\NON_CV\form\2065285352.tif,.tif
non_cv_02471,non_cv,news_article,raw/non_cv/news_article/non_cv_02471.tif,C:\Users\YassineSBOUI\Downloads\NON_CV\news_article\92329622.tif,.tif
non_cv_02472,non_cv,letter,raw/non_cv/letter/non_cv_02472.tif,C:\Users\YassineSBOUI\Downloads\NON_CV\letter\60040324.tif,.tif
non_cv_02473,non_cv,scientific_publication,raw/non_cv/scientific_publication/non_cv_02473.tif,C:\Users\YassineSBOUI\Downloads\NON_CV\scientific_publication\50436020-6030.tif,.tif
non_cv_02474,non_cv,email,raw/non_cv/email/non_cv_02474.tif,C:\Users\YassineSBOUI\Downloads\NON_CV\email\2078377121a.tif,.tif
non_cv_02475,non_cv,invoice,raw/non_cv/invoice/non_cv_02475.tif,C:\Users\YassineSBOUI\Downloads\NON_CV\invoice\2071480079.tif,.tif
non_cv_02476,non_cv,scientific_publication,raw/non_cv/scientific_publication/non_cv_02476.tif,C:\Users\YassineSBOUI\Downloads\NON_CV\scientific_publication\2501663221.tif,.tif
non_cv_02477,non_cv,file_folder,raw/non_cv/file_folder/non_cv_02477.tif,C:\Users\YassineSBOUI\Downloads\NON_CV\file_folder\2056696364.tif,.tif
non_cv_02478,non_cv,news_article,raw/non_cv/news_article/non_cv_02478.tif,C:\Users\YassineSBOUI\Downloads\NON_CV\news_article\87687339_87687347.tif,.tif
non_cv_02479,non_cv,budget,raw/non_cv/budget/non_cv_02479.tif,C:\Users\YassineSBOUI\Downloads\NON_CV\budget\2040756137.tif,.tif
non_cv_02480,non_cv,questionnaire,raw/non_cv/questionnaire/non_cv_02480.tif,C:\Users\YassineSBOUI\Downloads\NON_CV\questionnaire\1000354977.tif,.tif
non_cv_02481,non_cv,advertisement,raw/non_cv/advertisement/non_cv_02481.tif,C:\Users\YassineSBOUI\Downloads\NON_CV\advertisement\1000214955.tif,.tif
non_cv_02482,non_cv,resume,raw/non_cv/resume/non_cv_02482.tif,C:\Users\YassineSBOUI\Downloads\NON_CV\resume\50553200-3201.tif,.tif
non_cv_02483,non_cv,scientific_publication,raw/non_cv/scientific_publication/non_cv_02483.tif,C:\Users\YassineSBOUI\Downloads\NON_CV\scientific_publication\2505587631_7654.tif,.tif
non_cv_02484,non_cv,handwritten,raw/non_cv/handwritten/non_cv_02484.tif,C:\Users\YassineSBOUI\Downloads\NON_CV\handwritten\505086252+-6252.tif,.tif
